Provider CCN,Hospital Name,Fiscal Year Begin Date,Fiscal Year End Date,Number of Beds
110130,IRWIN COUNTY HOSPITAL,2022-12-01,2023-01-31,34
144042,LAKE BEHAVIORAL HOSPITAL,2022-10-01,2022-12-31,161
43036,EVEREST REHABILITATION HOSPITAL BENT,2023-01-01,2023-02-28,36
454155,OCEANS BEHAVIORAL HOSPITAL CORPUS CH,2022-11-17,2022-12-31,42
144043,MONTROSE BEHAVIORAL HEALTH HOSPITAL,2022-10-03,2022-12-31,
421303,WILLIAMSBURG REGIONAL HOSPITAL,2022-10-01,2023-01-16,25
83028,PAM REHAB HOSP OF GEORGETOWN,2023-01-27,2023-04-30,34
30077,SAN CARLOS APACHE HEALTHCARE CORP,2022-10-01,2023-01-09,12
313030,BACHARACH INSTITUTE FOR REHABILITATI,2023-01-01,2023-03-30,80
673073,EVEREST REHABILITATION HOSPITAL LONG,2023-01-01,2023-02-28,36
262017,SSH - SPRINGFIELD INC.,2022-11-01,2023-01-31,44
30153,EAST VALLEY ER AND HOSPITAL,2022-10-14,2023-01-31,14
360090,ST. LUKES HOSPITAL,2022-10-01,2023-05-08,83
450697,SOUTHWEST GENERAL HOSPITAL,2022-10-01,2023-04-30,193
673074,EVEREST REHABILITATION HOSPITAL TEMP,2023-01-01,2023-02-28,36
523030,REHABILITATION HOSPITAL OF WESTERN W,2023-03-29,2023-06-30,36
363045,EVEREST REHABILITATION HOSPITAL NORT,2023-01-01,2023-02-28,36
230110,COREWELL HEALTH LUDINGTON HOSPITAL,2023-01-01,2023-06-30,39
110028,UNIVERSITY HEALTH SERVICES  INC.,2023-01-01,2023-06-30,482
230078,LAKELAND COMMUNITY HOSP WATERVLIET,2023-01-01,2023-06-30,26
230093,COREWELL HEALTH BIG RAPIDS,2023-01-01,2023-06-30,49
340051,WATAUGA MEDICAL CENTER,2022-10-01,2023-06-30,121
341323,CHARLES A. CANNON MEMORIAL HOSPITAL,2022-10-01,2023-06-30,23
444032,EAST TENNESSEE BEHAVIORAL HEALTH,2022-11-15,2023-06-30,90
530034,SUMMIT MEDICAL CENTER  LLC,2023-01-01,2023-06-30,16
230003,COREWELL HEALTH ZEELAND,2023-01-01,2023-06-30,55
330163,EASTERN NIAGARA HOSPITAL,2023-01-01,2023-06-17,109
30010,CARONDELET ST. MARYS HOSPITAL,2022-10-01,2023-06-30,357
30011,CARONDELET ST. JOSEPH HOSPITAL,2022-10-01,2023-06-30,390
230230,EDWARD W. SPARROW HOSPITAL,2023-01-01,2023-06-30,441
230208,CARSON CITY HOSPITAL,2023-01-01,2023-06-30,48
390339,LANCASTER MEDICAL CENTER,2022-12-06,2023-06-30,100
460003,SALT LAKE REGIONAL MEDICAL CENTER,2023-05-01,2023-06-30,102
140167,IROQUOIS MEMORIAL HOSPITAL,2022-10-01,2023-07-16,25
500148,WENATCHEE VALLEY HOSPITAL,2023-01-01,2023-06-30,11
250172,DELTA HEALTH-HIGHLAND HILLS,2022-10-01,2023-04-30,15
344034,DOROTHEA DIX BEHAVIORAL HEALTH,2022-10-01,2023-06-30,37
510012,PLEASANT VALLEY HOSPITAL,2022-10-01,2023-09-30,43
364067,BLUESTONE CHILD AND ADOLESCENT PSYCH,2023-01-27,2023-06-30,
53045,SACRAMENTO REHABILITATION HOSPITAL L,2023-03-25,2023-04-30,50
250163,PATIENTS CHOICE MED CNT-SMITH CNTY,2023-01-01,2023-07-02,19
33045,REUNION REHABILITATION HOSPITAL PEOR,2023-04-15,2023-07-31,40
250043,NESHOBA COUNTY GENERAL HOSPITAL,2022-10-01,2023-09-30,38
50660,USC NORRIS CANCER HOSPITAL,2022-10-01,2023-09-30,60
14012,MARY S HARPER GERIATRIC PSYCH CEN,2022-10-01,2023-09-30,126
110161,NORTHSIDE HOSPITAL,2022-10-01,2023-09-30,673
130025,MADISON MEMORIAL HOSPITAL,2022-10-01,2023-09-30,53
370030,BLACKWELL REGIONAL HOSPITAL,2023-01-01,2023-06-30,34
523031,GREEN BAY REHABILITATION HOSPITAL,2023-05-05,2023-07-31,40
370139,PERRY MEMORIAL HOSPITAL,2023-01-01,2023-03-31,26
10051,GREENE COUNTY HOSPITAL,2022-10-01,2023-09-30,20
250018,JASPER GENERAL HOSPITAL,2022-10-01,2023-09-30,20
110111,UNIVERSITY HOSPITAL MCDUFFIE,2023-01-01,2023-06-30,25
420072,HAMPTON REGIONAL MEDICAL CENTER,2022-10-01,2023-09-30,32
373038,OKLAHOMA CITY REHABILITATION HOSPITA,2022-11-29,2023-08-31,40
140052,OSF SAINT ANTHONYS HEALTH CENTER,2022-10-01,2023-09-30,49
373037,TULSA REHABILITATION HOSPITAL,2022-10-18,2023-08-31,40
420067,BEAUFORT MEMORIAL HOSPITAL,2022-10-01,2023-09-30,167
450085,GRAHAM REGIONAL MEDICAL CENTER,2022-10-01,2023-08-03,25
31313,CARONDELET HOLY CROSS HOSPITAL,2022-10-01,2023-06-30,25
70031,THE GRIFFIN HOSPITAL,2022-10-01,2023-09-30,101
454156,VOYAGES OF SUGAR LAND BH,2023-02-01,2023-06-30,60
250060,JEFFERSON COUNTY HOSPITAL,2022-10-01,2023-05-31,12
180106,THE MEDICAL CENTER OF ALBANY,2023-04-01,2023-09-07,20
110189,FANNIN REGIONAL HOSPITAL,2023-01-01,2023-06-30,50
131302,NORTH CANYON MEDICAL CENTER,2022-10-01,2023-09-30,16
250097,SOUTHWEST MS REGIONAL MED CENTER,2022-10-01,2023-09-30,97
490115,TWIN COUNTY REGIONAL HOSPITAL,2022-10-01,2023-09-30,141
673071,ENCOMPASS HEALTH REHABILITATION HOSP,2022-10-01,2023-09-30,60
433027,ENCOMPASS HEALTH REHABILITATION HOSP,2022-10-01,2023-09-30,40
514011,HIGHLAND CLARKSBURG HOSPITAL INC,2022-10-01,2023-09-30,
10034,COMMUNITY HOSPITAL INC.,2022-10-01,2023-09-30,37
123025,REHABILITATION HOSPITAL OF THE PACIF,2022-10-01,2023-09-30,82
140110,OTTAWA REGIONAL HOSPITAL & HEALTHCAR,2022-10-01,2023-09-30,89
241376,GLACIAL RIDGE HOSPITAL,2022-10-01,2023-09-30,19
471301,GIFFORD MEDICAL CENTER,2022-10-01,2023-09-30,25
421301,ABBEVILLE AREA MEDICAL CENTER,2022-10-01,2023-09-30,25
490005,WINCHESTER MEDICAL CENTER,2022-10-01,2023-09-30,455
521348,VERNON MEMORIAL HOSPITAL,2022-10-01,2023-09-30,18
13301,USA CHILDRENS AND WOMENS HOSPITAL,2022-10-01,2023-09-30,245
110121,GRADY GENERAL HOSPITAL,2022-10-01,2023-09-30,44
111331,MITCHELL COUNTY HOSPITAL,2022-10-01,2023-09-30,25
170150,SOUTH CENTRAL KS REGIONAL MEDICAL CT,2023-01-01,2023-08-25,32
340008,SCOTLAND MEMORIAL HOSPITAL,2022-10-01,2023-09-30,104
490033,WARREN MEMORIAL HOSPITAL,2022-10-01,2023-09-30,36
673038,MEMORIAL HERMANN REHAB HOSP KATY,2022-10-01,2023-09-30,35
30138,WESTERN REGIONAL MEDICAL CENTER,2022-10-01,2023-09-30,38
110038,JOHN D. ARCHBOLD MEMORIAL HOSPITAL,2022-10-01,2023-09-30,199
130071,ST. LUKES NAMPA MEDICAL CENTER,2022-10-01,2023-09-30,87
201312,WALDO COUNTY GENERAL HOSPITAL,2022-10-01,2023-09-30,25
340068,COLUMBUS REGIONAL HEALTHCARE SYSTEM,2022-10-01,2023-09-30,154
421304,EDGEFIELD COUNTY HEALTHCARE,2022-10-01,2023-09-30,25
10021,DALE MEDICAL CENTER,2022-10-01,2023-09-30,77
14014,BAYPOINTE BEHAVIORAL HEALTH,2022-10-01,2023-09-30,
50169,PIH HEALTH WHITTIER HOSPITAL,2022-10-01,2023-09-30,405
50393,PIH HEALTH HOSPITAL - DOWNEY,2022-10-01,2023-09-30,133
110233,SOUTHEASTERN REGIONAL MEDICAL CENTER,2022-10-01,2023-09-30,50
200021,MID COAST HOSPITAL,2022-10-01,2023-09-30,93
220084,EMERSON HOSPITAL,2022-10-01,2023-09-30,111
250100,BAPTIST MEM HOSPITAL GOLDEN TRIANGLE,2022-10-01,2023-09-30,146
301303,WEEKS MEDICAL CENTER,2022-10-01,2023-09-30,25
340024,SAMPSON REGIONAL MEDICAL CENTER,2022-10-01,2023-09-30,67
340070,ALAMANCE REGIONAL MEDICAL CENTER,2022-10-01,2023-09-30,176
340142,CARTERET COUNTY GENERAL HOSPITAL COM,2022-10-01,2023-09-30,99
461310,BLUE MOUNTAIN HOSPITAL,2022-10-01,2023-09-30,11
491302,CARILION GILES COMMUNITY HOSPITAL,2022-10-01,2023-09-30,25
491304,CARILION ROCKBRIDGE COMMUNITY HOSP,2022-10-01,2023-09-30,25
70021,WINDHAM COMMUNITY MEMORIAL HOSPITAL,2022-10-01,2023-09-30,46
100022,JACKSON MEMORIAL,2022-10-01,2023-09-30,1608
100087,SARASOTA MEMORIAL HOSPITAL,2022-10-01,2023-09-30,786
140100,MIDWESTERN REGIONAL MEDICAL CENTER,2022-10-01,2023-09-30,73
190065,BATON ROUGE GENERAL,2022-10-01,2023-09-30,256
190111,WILLIS-KNIGHTON HEALTH SYSTEMS,2022-10-01,2023-09-30,674
201302,LINCOLNHEALTH,2022-10-01,2023-09-30,25
220135,FALMOUTH HOSPITAL,2022-10-01,2023-09-30,81
250104,JEFF ANDERSON REGIONAL MEDICAL CENTE,2022-10-01,2023-09-30,270
251304,TALLAHATCHIE CRITICAL ACCESS HOSPITA,2022-10-01,2023-09-30,18
301307,MEMORIAL HOSPITAL,2022-10-01,2023-09-30,25
301310,ANDROSCOGGIN VALLEY HOSPITAL,2022-10-01,2023-09-30,25
380005,ASHLAND COMMUNITY HOSPITAL,2022-10-01,2023-09-30,41
470012,SOUTHWESTERN VERMONT MEDICAL CENTER,2022-10-01,2023-09-30,53
521343,STOUGHTON HOSPITAL ASSOCIATION,2022-10-01,2023-09-30,20
521347,WESTERN WISCONSIN HEALTH,2022-10-01,2023-09-30,25
40119,WHITE RIVER MEDICAL CENTER,2022-10-01,2023-09-30,170
41332,UNITY HEALTH - NEWPORT,2022-10-01,2023-09-30,24
100051,ORLANDO HEALTH SOUTH LAKE HOSPITAL,2022-10-01,2023-09-30,172
101311,MADISON MEMORIAL HOSPITAL,2022-10-01,2023-09-30,25
110001,HAMILTON MEDICAL CENTER,2022-10-01,2023-09-30,239
110005,NORTHSIDE HOSPITAL FORSYTH,2022-10-01,2023-09-30,376
110008,NORTHSIDE HOSPITAL-CHEROKEE  INC.,2022-10-01,2023-09-30,325
110029,NORTHEAST GEORGIA MEDICAL CENTER,2022-10-01,2023-09-30,657
110032,STEPHENS COUNTY HOSPITAL,2022-10-01,2023-09-30,40
110045,NGMC BARROW,2022-10-01,2023-09-30,38
110087,NORTHSIDE HOSPITAL - GWINNETT,2022-10-01,2023-09-30,440
110092,DODGE COUNTY HOSPITAL,2022-10-01,2023-09-30,41
110095,TIFT REGIONAL MEDICAL CENTER,2022-10-01,2023-09-30,181
110105,COLQUITT REGIONAL MEDICAL CENTER,2022-10-01,2023-09-30,100
110122,SOUTH GEORGIA MEDICAL CENTER,2022-10-01,2023-09-30,261
141310,MENDOTA COMMUNITY HOSPITAL,2022-10-01,2023-09-30,25
190151,RICHLAND PARISH HOSPITAL SERVICE DIS,2022-10-01,2023-09-30,38
191315,HARDTNER MEDICAL CENTER,2022-10-01,2023-09-30,25
201315,STEPHENS MEMORIAL HOSPITAL - CAH,2022-10-01,2023-09-30,25
251325,COVINGTON COUNTY HOSPITAL,2022-10-01,2023-09-30,25
331302,ELIZABETHTOWN COMMUNITY HOSPITAL,2022-10-01,2023-09-30,25
371301,PRAGUE COMMUNITY HOSPITAL,2022-10-01,2023-09-30,25
371309,PAWHUSKA HOSPITAL  INC.,2022-10-01,2023-09-30,25
450104,GUADALUPE REGIONAL MEDICAL CENTER,2022-10-01,2023-09-30,117
450137,BAYLOR S&W ALL SAINTS MEDICAL CENTER,2022-10-01,2023-09-30,451
450399,BROWNFIELD REGIONAL MEDICAL CENTER,2022-10-01,2023-09-30,26
450465,MATAGORDA REGIONAL MEDICAL CENTER,2022-10-01,2023-09-30,45
521316,TRI-COUNTY MEMORIAL HOSPITAL  INC.,2023-01-01,2023-09-30,25
10005,MARSHALL MEDICAL CENTERS SOUTH,2022-10-01,2023-09-30,182
10018,CALLAHAN EYE FOUNDATION HOSP,2022-10-01,2023-09-30,6
10029,EAST ALABAMA MEDICAL CENTER,2022-10-01,2023-09-30,265
10033,UNIVERSITY OF ALABAMA HOSPITAL,2022-10-01,2023-09-30,1149
10040,GADSDEN REGIONAL MEDICAL CENTER,2022-10-01,2023-09-30,175
10045,FAYETTE MEDICAL CENTER,2022-10-01,2023-09-30,35
10055,FLOWERS HOSPITAL,2022-10-01,2023-09-30,194
10062,WIREGRASS MEDICAL CENTER,2022-10-01,2023-09-30,33
10073,CLAY COUNTY HOSPITAL,2022-10-01,2023-09-30,46
10092,DCH REGIONAL MEDICAL CENTER,2022-10-01,2023-09-30,398
10095,HALE COUNTY HOSPITAL,2022-10-01,2023-09-30,28
10099,D W MCMILLAN MEMORIAL HOSPITAL,2022-10-01,2023-09-30,46
10102,JOHN PAUL JONES HOSPITAL,2022-10-01,2023-09-30,21
10112,WHITFIELD REGIONAL HOSPITAL,2022-10-01,2023-09-30,47
41307,CROSSRIDGE COMMUNITY HOSPITAL,2022-10-01,2023-09-30,15
50503,SCRIPPS MEMORIAL HOSPITAL-ENCINITAS,2022-10-01,2023-09-30,177
74008,NATCHAUG HOSPITAL,2022-10-01,2023-09-30,59
100019,HOLMES REGL MEDICAL CENTER,2022-10-01,2023-09-30,550
100177,CAPE CANAVERAL HOSPITAL INC,2022-10-01,2023-09-30,150
103026,ST CATHERINES REHAB HOSPITAL,2022-10-01,2023-09-30,60
131322,FRANKLIN COUNTY MEDICAL CENTER,2022-10-01,2023-09-30,20
131323,ST. LUKES WOOD RIVER MEDICAL CENTER,2022-10-01,2023-09-30,25
250085,MARION GENERAL HOSPITAL,2022-10-01,2023-09-30,49
251308,PONTOTOC HEALTH SERVICES,2022-10-01,2023-09-30,25
251309,FIELD MEMORIAL COMMUNITY HOSPITAL,2022-10-01,2023-09-30,16
251334,CHOCTAW REGIONAL MEDICAL CENTER,2022-10-01,2023-09-30,15
301302,LITTLETON REGIONAL HEALTHCARE,2022-10-01,2023-09-30,25
341327,J ARTHUR DOSHER MEMORIAL HOSPITAL,2022-10-01,2023-09-30,25
380018,ROGUE REGIONAL MEDICAL CENTER,2022-10-01,2023-09-30,322
440033,LAFOLLETTE MEDICAL CENTER,2022-10-01,2023-09-30,48
440035,TENNOVA HEALTHCARE CLARKSVILLE,2022-10-01,2023-09-30,250
440048,BAPTIST MEM HOSPITAL MEMPHIS,2022-10-01,2023-09-30,800
440056,JEFFERSON MEMORIAL HOSPITAL,2022-10-01,2023-09-30,56
440130,BAPTIST MEM HOSPITAL UNION CITY,2022-10-01,2023-09-30,43
440153,NEWPORT MEDICAL CENTER,2022-10-01,2023-09-30,32
441301,TROUSDALE MEDICAL CENTER,2022-10-01,2023-09-30,25
441305,MACON COUNTY GENERAL HOSPITAL,2022-10-01,2023-09-30,25
442010,BAPTIST MEM RESTORATIVE CARE HOSP.,2022-10-01,2023-09-30,30
451309,MCCAMEY COUNTY HOSPITAL DISTRICT,2022-10-01,2023-09-30,13
451314,MEMORIAL HOSPITAL,2022-10-01,2023-09-30,16
480002,GOV. JUAN F. LUIS HOSPITAL,2022-10-01,2023-09-30,66
10114,UAB MEDICAL WEST,2022-10-01,2023-09-30,204
10169,ATMORE COMMUNITY HOSPITAL,2022-10-01,2023-09-30,49
10175,EAMC-LANIER,2022-10-01,2023-09-30,12
11300,WASHINGTON COUNTY HOSPITAL,2022-10-01,2023-09-30,15
11302,RED BAY HOSPITAL,2022-10-01,2023-09-30,25
31320,SAN CARLOS APACHE HEALTHCARE CORP,2023-01-10,2023-09-30,8
40047,FIVE RIVERS MEDICAL CENTER,2022-10-01,2023-08-31,28
100134,ED FRASER MEMORIAL HOSPITAL,2022-10-01,2023-09-30,21
100135,TALLAHASSEE MEMORIAL HOSPITAL,2022-10-01,2023-09-30,478
100175,DESOTO MEMORIAL HOSPITAL,2022-10-01,2023-09-30,49
100253,JUPITER MEDICAL CENTER,2022-10-01,2023-09-30,242
100302,ST. CLOUD REGIONAL MEDICAL CENTER,2022-10-01,2023-09-30,84
100315,VIERA HOSPITAL INC,2022-10-01,2023-09-30,84
100359,SARASOTA MEMORIAL HOSPITAL VENICE,2022-10-01,2023-09-30,110
110142,EVANS MEMORIAL HOSPITAL,2022-10-01,2023-09-30,49
110234,SGMC BERRIEN CAMPUS,2022-10-01,2023-09-30,10
110237,NGMC LUMPKIN  LLC,2022-10-01,2023-09-30,23
110252,NORTHSIDE HOSPITAL - DULUTH,2022-10-01,2023-09-30,94
111303,JASPER MEMORIAL HOSPITAL,2022-10-01,2023-09-30,12
111313,PUTNAM GENERAL HOSPITAL,2022-10-01,2023-09-30,25
111318,MONROE COUNTY HOSPITAL,2022-10-01,2023-09-30,25
140179,LITTLE COMPANY OF MARY,2022-10-01,2023-09-30,222
141337,OSF SAINT CLARE MEDICAL CENTER,2022-10-01,2023-09-30,25
180043,ADVENTHEALTH MANCHESTER,2022-10-01,2023-09-30,49
250004,NORTH MISSISSIPPI MEDICAL CENTER,2022-10-01,2023-09-30,476
250067,CLAY COUNTY MEDICAL CORPORATION,2022-10-01,2023-09-30,49
271329,MADISON VALLEY MEDICAL CENTER,2022-10-01,2023-09-30,10
300005,CONCORD HOSPITAL - LACONIA,2022-10-01,2023-09-30,86
300023,EXETER HOSPITAL  INC.,2022-10-01,2023-09-30,99
320018,MEMORIAL MEDICAL CENTER,2022-10-01,2023-09-30,199
341320,ALLEGHANY MEMORIAL HOSPITAL,2022-10-01,2023-09-30,25
370166,WAGONER HOSPITAL AUTHORITY,2022-10-01,2023-09-30,100
450080,TITUS REGIONAL MEDICAL CENTER,2022-10-01,2023-09-30,49
450565,PALO PINTO GENERAL HOSPITAL,2022-10-01,2023-09-30,48
450597,CUERO COMMUNITY HOSPITAL,2022-10-01,2023-09-30,44
451310,BALLINGER MEMORIAL HOSPITAL,2022-10-01,2023-09-30,16
451351,LYNN COUNTY HOSPITAL,2022-10-01,2023-09-30,24
470005,RUTLAND REGIONAL MEDICAL CENTER,2022-10-01,2023-09-30,142
21305,WRANGELL MEDICAL CENTER,2022-10-01,2023-09-30,8
50077,SCRIPPS MERCY HOSPITAL,2022-10-01,2023-09-30,487
70011,CHARLOTTE HUNGERFORD HOSPITAL,2022-10-01,2023-09-30,108
131304,POWER COUNTY HOSPITAL DISTRICT,2022-10-01,2023-09-30,10
140206,NORWEGIAN AMERICAN HOSPITAL,2022-10-01,2023-09-30,173
140213,SILVER CROSS HOSPITAL,2022-10-01,2023-09-30,320
141339,TAYLORVILLE MEMORIAL HOSPITAL,2022-10-01,2023-09-30,25
180024,SPRING VIEW HOSPITAL,2022-10-01,2023-09-30,63
180048,EPHRAIM MCDOWELL REG MED CTR,2022-10-01,2023-09-30,157
181306,DEACONNESS UNION COUNTY HOSPITAL,2022-10-01,2023-09-30,25
200041,INLAND HOSPITAL,2022-10-01,2023-09-30,33
220002,MOUNT AUBURN HOSPITAL,2022-10-01,2023-09-30,189
220012,CAPE COD HOSPITAL,2022-10-01,2023-09-30,239
220049,MARLBOROUGH HOSPITAL,2022-10-01,2023-09-30,67
220052,BROCKTON HOSPITAL  INC.,2022-10-01,2023-09-30,175
220108,BIDMC-MILTON HOSPITAL  INC,2022-10-01,2023-09-30,102
220116,TUFTS MEDICAL CENTER,2022-10-01,2023-09-30,364
220171,LAHEY CLINIC HOSPITAL  INC.,2022-10-01,2023-09-30,344
221300,MARTHAS VINEYARD HOSPITAL,2022-10-01,2023-09-30,25
221303,ATHOL MEMORIAL HOSPITAL,2022-10-01,2023-09-30,21
241335,ST. ELIZABETH HOSP. OF WABASHA  INC.,2023-01-01,2023-09-30,14
281334,BOONE COUNTY HEALTH CENTER,2022-10-01,2023-09-30,25
300001,CONCORD HOSPITAL  INC.,2022-10-01,2023-09-30,206
301301,COTTAGE HOSPITAL,2022-10-01,2023-09-30,25
330049,NORTHERN DUTCHESS HOSPITAL,2022-10-01,2023-09-30,79
330084,ALICE HYDE MEDICAL CENTER,2022-10-01,2023-09-30,36
330250,CHAMPLAIN VALLEY PHYSICIANS HOSPITAL,2022-10-01,2023-09-30,286
330273,PUTNAM HOSPITAL CENTER,2022-10-01,2023-09-30,88
360147,MARIETTA MEMORIAL HOSPITAL,2022-10-01,2023-09-30,188
361319,SELBY GENERAL HOSPITAL,2022-10-01,2023-09-30,25
364047,RIDGEVIEW HOSPITAL,2022-10-01,2023-09-30,84
410008,SOUTH COUNTY HOSPITAL,2022-10-01,2023-09-30,79
521359,MEMORIAL MEDICAL CENTER  INC.,2022-10-01,2023-09-30,25
10058,BIBB MEDICAL CENTER,2022-10-01,2023-09-30,25
21310,MANIILAQ HEALTH CENTER,2022-10-01,2023-09-30,17
50471,PIH HEALTH GOOD SAMARITAN HOSPITAL,2022-10-01,2023-09-30,308
50696,KECK HOSPITAL OF USC,2022-10-01,2023-09-30,314
51336,MEE MEMORIAL HOSPITAL,2022-10-01,2023-09-30,13
70024,THE WILLIAM W. BACKUS HOSPITAL,2022-10-01,2023-09-30,187
100018,NAPLES COMMUNITY HOSPITAL,2022-10-01,2023-09-30,517
140135,DECATUR MEMORIAL HOSPITAL,2022-10-01,2023-09-30,178
140148,SPRINGFIELD MEMORIAL HOSPITAL,2022-10-01,2023-09-30,407
141315,BCC DBA ILLINI COMMUNITY HOSPITAL,2022-10-01,2023-09-30,25
200037,FRANKLIN MEMORIAL HOSPITAL,2022-10-01,2023-09-30,41
200050,MAINE COAST MEMORIAL HOSPITAL,2022-10-01,2023-09-30,45
200052,NORTHERN MAINE MEDICAL CENTER,2022-10-01,2023-09-30,40
201308,HOULTON REGIONAL HOSPITAL,2022-10-01,2023-09-30,25
220001,HEALTHALLIANCE-CLINTON,2022-10-01,2023-09-30,125
220088,NEW ENGLAND BAPTIST HOSPITAL,2022-10-01,2023-09-30,75
250006,BAPTIST MEM HOSPITAL UNION COUNTY,2022-10-01,2023-09-30,83
250034,BAPTIST MEM HOSPITAL NORTH MISS,2022-10-01,2023-09-30,190
250044,BAPTIST MEM HOSPITAL BOONEVILLE,2022-10-01,2023-09-30,21
250084,NATCHEZ REGIONAL MEDICAL CENTER,2022-10-01,2023-09-30,131
250141,BAPTIST MEM HOSPITAL DESOTO,2022-10-01,2023-09-30,298
251318,NORTH SUNFLOWER COUNTY HOSPITAL,2022-10-01,2023-09-30,25
340188,CAPE FEAR VALLEY HOKE HOSPITAL,2022-10-01,2023-09-30,37
341303,FIRSTHEALTH MONTGOMERY MEMORIAL CAH,2022-10-01,2023-09-30,3
341304,EAST CAROLINA HEALTH-BERTIE,2022-10-01,2023-09-30,6
341315,BLADEN COUNTY HOSPITAL,2022-10-01,2023-09-30,25
341318,EAST CAROLINA HEALTH - CHOWAN INC,2022-10-01,2023-09-30,25
341324,THE OUTER BANKS HOSPITAL INC,2022-10-01,2023-09-30,21
420007,SPARTANBURG REGIONAL MEDICAL CENTER,2022-10-01,2023-09-30,626
420009,OCONEE MEMORIAL HOSPITAL,2022-10-01,2023-09-30,131
420015,PH BAPTIST EASLEY HOSPITAL,2022-10-01,2023-09-30,74
420018,PRISMA HEALTH RICHLAND HOSPITAL,2022-10-01,2023-09-30,575
420106,PH BAPTIST PARKRIDGE HOSPITAL,2022-10-01,2023-09-30,76
420108,UNION MEDICAL CENTER,2022-10-01,2023-09-30,15
422006,CONTINUECARE HOSP AT PALMETTO HEALTH,2022-10-01,2023-09-30,35
422008,PH N GREENVILLE LT ACUTE CARE HOSP,2022-10-01,2023-09-30,44
440016,BAPTIST MEM HOSPITAL HUNTINGDON,2022-10-01,2023-09-30,46
493036,SHELTERING ARMS INSTITUTE,2022-10-01,2023-09-30,114
511304,SISTERSVILLE GENERAL HOSPITAL,2022-10-01,2023-09-30,6
511306,ROANE GENERAL HOSPITAL,2022-10-01,2023-09-30,25
520008,WAUKESHA MEMORIAL HOSPITAL,2022-10-01,2023-09-30,265
520062,OCONOMOWOC MEMORIAL HOSPITAL,2022-10-01,2023-09-30,63
520087,GUNDERSEN LUTHERAN MEDICAL CENTER  I,2023-01-01,2023-09-30,260
520109,MILE BLUFF MEDICAL CENTER  INC.,2022-10-01,2023-09-30,40
10001,SOUTHEAST HEALTH MEDICAL CENTER,2022-10-01,2023-09-30,345
10044,MARION REGIONAL MEDICAL CENTER,2022-10-01,2023-09-30,36
70004,SHARON HOSPITAL,2022-10-01,2023-09-30,50
70006,THE STAMFORD HOSPITAL,2022-10-01,2023-09-30,288
70008,JOHNSON MEMORIAL HOSPITAL  INC.,2022-10-01,2023-09-30,44
70016,ST. MARYS HOSPITAL,2022-10-01,2023-09-30,146
70029,BRISTOL HOSPITAL  INC,2022-10-01,2023-09-30,123
70034,NORWALK HOSPITAL,2022-10-01,2023-09-30,186
90008,NOT-FOR-PROFIT HOSPITAL CORPORATION,2022-10-01,2023-09-30,126
100316,PALM BAY HOSPITAL,2022-10-01,2023-09-30,120
141317,GIBSON AREA HOSPITAL AND HEALTH SVCS,2022-10-01,2023-09-30,25
191322,OCHSNER - ABROM KAPLAN MH,2022-10-01,2023-09-30,25
200019,SOUTHERN MAINE HEALTH CARE,2022-10-01,2023-09-30,140
220029,ANNA JAQUES HOSPITAL,2022-10-01,2023-09-30,116
220033,BEVERLY HOSPITAL,2022-10-01,2023-09-30,299
220060,BETH ISRAEL DEACONESS - PLYMOUTH,2022-10-01,2023-09-30,151
220063,LOWELL GENERAL HOSPITAL,2022-10-01,2023-09-30,390
220070,MELROSEWAKEFIELD HEALTHCARE  INC,2022-10-01,2023-09-30,160
220083,BETH ISRAEL DEACONESS HOSPITAL- NEED,2022-10-01,2023-09-30,58
241341,APPLETON MUNICIPAL HOSPITAL,2022-10-01,2023-09-30,15
241364,COMMUNITY MEMORIAL HOSPITAL,2022-10-01,2023-09-30,22
340003,NORTHERN HOSP OF SURRY CO,2022-10-01,2023-09-30,100
340028,CAPE FEAR VALLEY MEDICAL CENTER,2022-10-01,2023-09-30,675
340039,IREDELL MEMORIAL HOSPITAL,2022-10-01,2023-09-30,155
340042,ONSLOW MEMORIAL HOSPITAL,2022-10-01,2023-09-30,162
340097,HUGH CHATHAM MEMORIAL HOSPITAL,2022-10-01,2023-09-30,81
340099,EAST CAROLINA HEALTH,2022-10-01,2023-09-30,52
340120,DUPLIN GENERAL HOSPITAL INCORPORATED,2022-10-01,2023-09-30,49
340151,HALIFAX REGIONAL MEDICAL CENTER INC,2022-10-01,2023-09-30,100
340173,WAKE MED CARY HOSPITAL,2022-10-01,2023-09-30,222
351307,ST ANDREWS HEALTH CENTER,2022-10-01,2023-09-30,25
380002,THREE RIVERS MEDICAL CENTER,2022-10-01,2023-09-30,126
420033,PH GREER MEMORIAL HOSPITAL,2022-10-01,2023-09-30,74
420037,PH HILLCREST HOSPITAL,2022-10-01,2023-09-30,43
420070,PRISMA HEALTH TUOMEY HOSPITAL,2022-10-01,2023-09-30,161
420086,PRISMA HEALTH BAPTIST HOSPITAL,2022-10-01,2023-09-30,231
420102,PH PATEWOOD HOSPITAL,2022-10-01,2023-09-30,64
420103,PELHAM MEDICAL CENTER,2022-10-01,2023-09-30,48
450144,PERMIAN REGIONAL MEDICAL CENTER,2022-10-01,2023-09-30,35
451303,LIMESTONE MEDICAL CENTER,2022-10-01,2023-09-30,20
471303,NORTHEASTERN VT REGIONAL HOSPITAL,2022-10-01,2023-09-30,25
510048,LOGAN REGIONAL MEDICAL CENTER,2022-10-01,2023-09-30,132
50146,CITY OF HOPE NATIONAL MEDICAL CTR,2022-10-01,2023-09-30,234
50624,HENRY MAYO NEWHALL MEMORIAL HOSPITAL,2022-10-01,2023-09-30,315
54145,SHARP MESA VISTA HOSPITAL,2022-10-01,2023-09-30,159
70003,DAY KIMBALL HOSPITAL,2022-10-01,2023-09-30,104
190086,NORTH LOUISIANA MEDICAL CENTER,2022-10-01,2023-09-30,122
200063,PENOBSCOT BAY MEDICAL CENTER,2022-10-01,2023-09-30,81
220163,UMASS MEMORIAL MEDICAL CENTER,2022-10-01,2023-09-30,692
240052,LAKE REGION HEALTHCARE,2022-10-01,2023-09-30,80
471306,SPRINGFIELD HOSPITAL,2022-10-01,2023-09-30,25
521320,TOMAH MEMORIAL HOSPITAL,2022-10-01,2023-09-30,25
521338,PRAIRIE RIDGE HEALTH  INC.,2022-10-01,2023-09-30,25
521351,REEDSBURG AREA MEDICAL CENTER,2022-10-01,2023-09-30,25
521356,OCONTO HOSPITAL & MEDICAL CENTER,2022-10-01,2023-09-30,10
31317,LA PAZ REGIONAL HOSPITAL,2022-10-01,2023-09-30,25
53300,VALLEY CHILDRENS HOSPITAL,2022-10-01,2023-09-30,358
140113,OSF HEART OF MARY MEDICAL CENTER,2022-10-01,2023-09-30,97
201300,BLUE HILL MEMORIAL HOSPITAL,2022-10-01,2023-09-30,25
201309,MAYO REGIONAL HOSPITAL,2022-10-01,2023-09-30,25
201313,SEBASTICOOK VALLEY HOSPITAL,2022-10-01,2023-09-30,25
330023,VASSAR BROTHERS MEDICAL CENTER,2022-10-01,2023-09-30,345
490002,RUSSELL COUNTY HOSPITAL,2022-10-01,2023-09-30,47
520071,FORT ATKINSON MEMORIAL HOSPITAL,2022-10-01,2023-09-30,49
14017,EASTPOINTE HOSPITAL,2022-10-01,2023-09-30,82
50002,ST ROSE HOSPITAL,2022-10-01,2023-09-30,153
174023,ST ANTHONYS SENIOR CARE HOSPITAL LLC,2023-01-01,2023-10-30,
180035,ST ELIZABETH HEALTHCARE,2023-01-01,2023-12-31,438
180044,PIKEVILLE MEDICAL CENTER,2022-10-01,2023-09-30,328
180056,DEACONESS HENDERSON HOSPITAL,2022-10-01,2023-09-30,118
180079,HARRISON MEMORIAL HOSPITAL,2022-10-01,2023-09-30,26
181315,FORT LOGAN HOSPITAL,2022-10-01,2023-09-30,25
200008,MERCY HOSPITAL,2022-10-01,2023-09-30,77
200009,MAINE MEDICAL CENTER,2022-10-01,2023-09-30,679
220100,SOUTH SHORE HOSPITAL,2022-10-01,2023-09-30,374
241344,LIFECARE MEDICAL CENTER,2022-10-01,2023-09-30,25
250162,OCHSNER MED CTR - HANCOCK,2022-10-01,2023-09-30,41
360361,KINGS DAUGHTERS MED CENTER OHIO,2022-10-01,2023-09-30,10
370057,MUSCOGEE CREEK NATION MED CENTER,2022-10-01,2023-09-30,50
470011,BRATTLEBORO MEMORIAL HOSPITAL,2022-10-01,2023-09-30,47
470024,NORTHWESTERN MEDICAL CENTER,2022-10-01,2023-09-30,53
673081,REUNION REHABILITATION HOSPITAL ARLI,2023-04-25,2023-07-31,40
40019,FORREST CITY MEDICAL CENTER,2022-10-01,2023-09-30,48
40067,MAGNOLIA REGIONAL HEALTH SYSTEM  INC,2022-10-01,2023-09-30,29
40162,SEVIER COUNTY MEDICAL CENTER,2023-04-10,2023-08-06,15
41310,STONE COUNTY MEDICAL CENTER,2022-10-01,2023-09-30,25
70020,MIDDLESEX HOSPITAL,2022-10-01,2023-09-30,187
70033,DANBURY HOSPITAL,2022-10-01,2023-09-30,338
131313,TETON VALLEY HOSPITAL,2022-10-01,2023-09-30,13
170166,MORTON COUNTY HEALTH SYSTEM,2023-01-01,2023-09-21,26
190044,ACADIA GENERAL HOSPITAL,2022-10-01,2023-09-30,54
193028,BATON ROUGE REHAB HOSPITAL,2022-10-01,2023-09-30,81
240044,WINONA HEALTH SERVICES,2022-10-01,2023-09-30,41
250102,MS BAPTIST MEDICAL CENTER,2022-10-01,2023-09-30,388
251315,BAPTIST MEDICAL CENTER - LEAKE  INC.,2022-10-01,2023-09-30,25
371300,ATOKA COUNTY MEDICAL CENTER,2023-01-01,2023-12-31,25
414003,EMMA P BRADLEY HOSPITAL,2022-10-01,2023-09-30,
451306,KIMBLE HOSPITAL,2022-10-01,2023-09-30,15
451342,MITCHELL COUNTY HOSPITAL,2022-10-01,2023-09-30,25
40050,OUACHITA COUNTY MEDICAL CENTER,2022-10-01,2023-09-30,82
40161,ENCORE MEDICAL CENTER,2022-10-01,2023-09-30,33
41327,BRADLEY COUNTY MEDICAL CENTER,2022-10-01,2023-09-30,25
70002,SAINT FRANCIS HOSPITAL,2022-10-01,2023-09-30,413
100012,LEE MEMORIAL HOSPITAL,2022-10-01,2023-09-30,746
100030,ORLANDO HEALTH-HEALTH CENTRAL HOSPIT,2022-10-01,2023-09-30,273
101313,MARINERS HOSPITAL,2022-10-01,2023-09-30,16
103027,ST JOHNS REHABILITATION HOSPITAL,2022-10-01,2023-09-30,26
140093,OSF SACRED HEART MEDICAL CENTER,2022-10-01,2023-09-30,100
190316,THE GENERAL,2022-10-01,2023-09-30,169
191309,HOOD MEMORIAL HOSPITAL,2022-10-01,2023-09-30,25
194103,SEASIDE HEALTH SYSTEM,2022-10-01,2023-09-30,64
220031,BOSTON MEDICAL CENTER,2022-10-01,2023-09-30,442
250078,FORREST GENERAL HOSPITAL,2022-10-01,2023-09-30,454
251337,TIPPAH COUNTY HOSPITAL,2022-10-01,2023-09-30,25
301308,VALLEY REGIONAL HOSPITAL,2022-10-01,2023-09-30,25
301312,HUGGINS HOSPITAL,2022-10-01,2023-09-30,25
371316,STROUD REGIONAL MEDICAL CENTER,2022-10-01,2023-09-30,25
371318,FAIRFAX COMMUNITY HOSPITAL,2022-10-01,2023-09-30,25
444023,WOODRIDGE OF WEST TENNESSEE  LLC,2023-01-01,2023-12-31,
450039,TCHD D/B/A JPS HEALTH NETWORK,2022-10-01,2023-09-30,446
451363,JACKSON COUNTY HOSPITAL,2022-10-01,2023-09-30,25
451392,HAMILTON GENERAL HOSPITAL,2022-10-01,2023-09-30,25
31305,HOPI HEALTH CENTER,2022-10-01,2023-09-30,6
40020,ST BERNARDS MEDICAL CENTER,2022-10-01,2023-09-30,373
100062,ADVENTHEALTH OCALA,2022-10-01,2023-09-30,351
100128,TAMPA GENERAL HOSPITAL,2022-10-01,2023-09-30,1017
131315,SYRINGA GENERAL HOSPITAL,2022-10-01,2023-09-30,15
174024,ST ANTHONYS SENIOR CARE HOSPITAL LLC,2023-01-01,2023-10-30,
250058,SOUTH CENTRAL REGIONAL MEDICAL CENTR,2022-10-01,2023-09-30,268
250061,YALOBUSHA GENERAL HOSPITAL,2022-10-01,2023-09-30,26
251336,BAPTIST MEDICAL CENTER - ATTALA,2022-10-01,2023-09-30,25
340127,GRANVILLE MEDICAL CENTER,2022-10-01,2023-09-30,42
371314,PHYSICIANS HOSPITAL AT ANADARKO,2022-10-01,2023-09-30,25
400016,AUXILIO MUTUO HOSPITAL,2022-10-01,2023-09-30,488
431383,PHS HOSPITAL - EAGLE BUTTE,2022-10-01,2023-09-30,8
450055,ROLLING PLAINS MEMORIAL HOSPITAL,2022-10-01,2023-09-30,40
450289,HARRIS HEALTH SYSTEM,2022-10-01,2023-09-30,595
451301,REAGAN MEMORIAL HOSPITAL,2022-10-01,2023-09-30,7
453304,TEXAS CHILDRENS HOSPITAL,2022-10-01,2023-09-30,905
453314,TEXAS SCOTTISH RITE HOSPITAL FOR CHI,2022-10-01,2023-09-30,
521304,ST. JOSEPHS HEALTH SERVICES,2023-01-01,2023-09-30,25
21309,KANAKANAK HOSPITAL,2022-10-01,2023-09-30,16
60034,SWEDISH MEDICAL CENTER,2022-10-01,2023-09-30,304
100032,BAYFRONT HEALTH ST. PETERSBURG,2022-10-01,2023-09-30,262
100090,FLAGLER HOSPITAL,2022-10-01,2023-09-30,335
100168,BOCA RATON REGIONAL HOSPITAL,2022-10-01,2023-09-30,361
101305,GEORGE E. WEEMS MEMORIAL HOSPITAL,2022-10-01,2023-09-30,25
190145,LASALLE GENERAL HOSPITAL  INC.,2022-10-01,2023-09-30,30
191317,JACKSON PARISH HOSPITAL,2022-10-01,2023-09-30,25
200033,EASTERN MAINE MEDICAL CENTER,2022-10-01,2023-09-30,313
241358,CASS LAKE INDIAN HOSPITAL,2022-10-01,2023-09-30,
251312,TYLER HOLMES MEMORIAL HOSPITAL,2022-10-01,2023-09-30,25
450024,UNIVERSITY MEDICAL CENTER OF EL PASO,2022-10-01,2023-09-30,296
450108,CONNALLY MEMORIAL MEDICAL CENTER,2022-10-01,2023-09-30,44
450132,MEDICAL CENTER HEALTH SYSTEM,2022-10-01,2023-09-30,330
450148,TEXAS HEALTH CLEBURNE,2022-10-01,2023-09-30,64
450152,ADVENTHEALTH CENTRAL TEXAS,2022-10-01,2023-09-30,208
450475,UT HEALTH EAST TEXAS HENDERSON HOSPI,2022-10-01,2023-09-30,41
450654,STARR COUNTY MEMORIAL HOSPITAL,2022-10-01,2023-09-30,48
451343,ELECTRA MEMORIAL HOSPITAL,2022-10-01,2023-09-30,19
451366,COCHRAN MEMORIAL HOSPITAL,2022-10-01,2023-09-30,18
471305,COPLEY HOSPITAL  INC.,2022-10-01,2023-09-30,25
480001,ROY L SCHNEIDER HOSPITAL,2022-10-01,2023-09-30,149
670322,LEGENT SURGICAL HOSPITAL PLANO,2023-06-08,2023-08-31,
30083,ABRAZO SCOTTSDALE CAMPUS,2022-10-01,2023-09-30,128
100220,GULF COAST MEDICAL CENTER,2022-10-01,2023-09-30,624
101309,HENDRY REGIONAL MEDICAL CENTER,2022-10-01,2023-09-30,25
130002,ST LUKES MAGIC VALLEY REG MED CTR,2022-10-01,2023-09-30,175
140161,SAINT JAMES HOSPITAL,2022-10-01,2023-09-30,42
190118,DESOTO REGIONAL HEALTH SYSTEM,2022-10-01,2023-09-30,34
190202,OCHSNER MEDICAL CENTER - BATON ROUGE,2022-10-01,2023-09-30,171
220065,BAYSTATE NOBLE HOSPITAL,2022-10-01,2023-09-30,70
220095,HENRY HEYWOOD MEMORIAL HOSPITAL,2022-10-01,2023-09-30,114
220162,DANA-FARBER CANCER INSTITUTE,2022-10-01,2023-09-30,30
230105,MCLAREN NORTHERN MICHIGAN,2022-10-01,2023-09-30,175
230141,MCLAREN FLINT,2022-10-01,2023-09-30,283
230167,MCLAREN GREATER LANSING,2022-10-01,2023-09-30,193
230193,MCLAREN LAPEER REGION,2022-10-01,2023-09-30,92
230227,MCLAREN MACOMB,2022-10-01,2023-09-30,271
230297,KARMANOS CANCER HOSPITAL,2022-10-01,2023-09-30,102
250002,TISHOMINGO HEALTH SERVICES,2022-10-01,2023-09-30,48
251313,BAPTIST MEDICAL CENTER - YAZOO,2022-10-01,2023-09-30,25
450369,CHILDRESS REGIONAL MEDICAL CENTER,2022-10-01,2023-09-30,37
490023,FAUQUIER HOSPITAL,2022-11-01,2023-10-31,97
490111,WYTHE COUNTY COMMUNITY HOSPITAL,2022-11-01,2023-10-31,92
660001,COMMONWEALTH HEALTH CENTER,2022-10-01,2023-09-30,74
30148,NORTHWEST MEDICAL CENTER SAHUARITA,2022-10-01,2023-09-30,62
131305,STEELE MEMORIAL MEDICAL CENTER,2022-10-01,2023-09-30,18
170075,MERCY HOSPITAL  INC.,2022-10-01,2023-09-30,15
190054,IBERIA MEDICAL CENTER,2022-10-01,2023-09-30,133
190318,ACADIAN MEDICAL CENTER,2022-10-01,2023-09-30,49
220090,MILFORD REGIONAL MEDICAL CENTER  INC,2022-10-01,2023-09-30,148
231340,MCLAREN THUMB REGION,2022-10-01,2023-09-30,25
250019,MEMORIAL HOSPITAL AT GULFPORT,2022-10-01,2023-09-30,285
250020,WEBSTER HEALTH SERVICES,2022-10-01,2023-09-30,38
250050,OKTIBBEHA COUNTY HOSPITAL,2022-10-01,2023-09-30,88
250057,KINGS DAUGHTERS MEDICAL CENTER,2022-10-01,2023-09-30,22
250077,WAYNE GENERAL HOSPITAL,2022-10-01,2023-09-30,49
340116,FRYE REGIONAL MEDICAL CENTER,2022-10-01,2023-09-30,226
400113,HOSPITAL SAN CRISTOBAL,2022-10-01,2022-11-30,120
400113,HOSPITAL MENONITA PONCE,2022-12-01,2023-03-31,120
450578,HEMPHILL COUNTY HOSPITAL,2022-10-01,2023-08-17,15
450584,WILBARGER GENERAL HOSPITAL,2022-10-01,2023-09-30,28
450779,TEXAS HEALTH SOUTHWEST,2022-10-01,2023-09-30,243
450848,MEMORIAL HERMANN SUGARLAND,2022-10-01,2023-09-30,175
451358,MEMORIAL HOSPITAL-SEMINOLE,2022-10-01,2023-09-30,25
451390,DIMMIT REGIONAL HOSPITAL DISTRICT,2022-10-01,2023-09-30,25
453300,COOK CHILDRENS MEDICAL CENTER,2022-10-01,2023-09-30,447
524038,BELLIN PSYCHIATRIC CENTER  INC.,2022-10-01,2023-09-30,45
40156,BMH-CRITTENDEN,2022-10-01,2023-09-30,11
100130,LAKESIDE MEDICAL CENTER,2022-10-01,2023-09-30,70
190002,LAFAYETTE GENERAL MEDICAL CENTER,2022-10-01,2023-09-30,390
281364,BEATRICE COMMUNITY HOSPITAL,2022-10-01,2023-09-30,25
453313,EL PASO CHILDRENS HOSPITAL,2022-10-01,2023-09-30,122
104082,PALM POINT BEHAVIORAL HEALTHCARE,2022-11-01,2023-10-31,74
110075,EAST GEORGIA REGIONAL MEDICAL CENTER,2022-10-01,2023-09-30,142
130006,ST. LUKES REGIONAL MEDICAL CENTER,2022-10-01,2023-09-30,560
130014,WEST VALLEY MEDICAL CENTER,2022-10-01,2023-09-30,112
170012,SALINA REGIONAL HEALTH CENTER,2022-10-01,2023-09-30,177
250082,DELTA HEALTH-THE MEDICAL CENTER,2022-10-01,2023-09-30,101
260025,HANNIBAL REGIONAL HOSPITAL,2022-10-01,2023-09-30,86
281336,YORK GENERAL HOSPITAL INC,2022-10-01,2023-09-30,25
173028,VIA CHRISTI REHAB CENTER  INC,2022-10-01,2023-09-30,58
261311,PERRY COUNTY MEMORIAL HOSPITAL,2023-04-01,2023-09-30,25
341319,TRANSYLVANIA COMMUNITY HOSPITAL,2022-11-01,2023-10-31,25
341329,BLUE RIDGE REGIONAL HOSPITAL,2022-11-01,2023-10-31,25
10150,REGIONAL MEDICAL CTR OF CENTRAL AL,2022-10-01,2023-09-30,44
14015,BEACON CHILDRENS HOSPITAL,2023-01-01,2023-12-31,
41323,ASHLEY COUNTY MEDICAL CENTER,2022-10-01,2023-09-30,25
140184,HEARTLAND REGIONAL MEDICAL CENTER,2023-01-14,2023-09-30,94
150082,DEACONESS HOSPITAL,2022-10-01,2023-09-30,545
153030,REHABILITATION HOSPITAL OF FT WAYNE,2022-10-01,2023-09-30,36
170014,ADVENTHEALTH OTTAWA,2022-10-01,2023-09-30,36
171358,LINDSBORG COMMUNITY HOSPITAL,2022-10-01,2023-09-30,14
220019,HARRINGTON MEMORIAL HOSPITAL,2022-10-01,2023-09-30,129
220024,HOLYOKE MEDICAL CENTER,2022-10-01,2023-09-30,201
220062,ADCARE HOSPITAL OF WORCESTER,2022-10-01,2023-09-30,114
220101,NEWTON WELLESLEY HOSPITAL,2022-10-01,2023-09-30,216
230207,MCLAREN OAKLAND,2022-10-01,2023-09-30,109
260094,COX MEDICAL CENTER BRANSON,2022-10-01,2023-09-30,144
341326,MH ANGEL MEDICAL CENTER LLLP,2022-11-01,2023-10-31,30
361309,HENRY COUNTY HOSPITAL (CAH),2022-11-01,2023-10-31,25
420010,CAROLINA PINES REGIONAL MEDICAL CENT,2022-10-01,2023-09-30,112
420043,CHEROKEE MEDICAL CENTER,2022-10-01,2023-09-30,24
460042,LAKEVIEW HOSPITAL,2022-10-01,2023-09-30,64
10083,SOUTH BALDWIN REGIONAL MEDICAL CENTE,2022-10-01,2023-09-30,108
10090,PROVIDENCE HOSPITAL,2023-07-01,2023-09-30,349
30114,NORTHWEST MEDICAL CENTER ORO VALLEY,2022-10-01,2023-09-30,78
40118,NEA BAPTIST MEMORIAL HOSPITAL,2022-10-01,2023-09-30,180
40134,ARKANSAS HEART HOSPITAL,2022-10-01,2023-09-30,112
100047,BAYFRONT HEALTH PUNTA GORDA,2022-10-01,2023-09-30,81
100211,ADVENTHEALTH DADE CITY,2022-10-01,2023-09-30,75
101312,FISHERMENS HOSPITAL,2022-10-01,2023-09-30,8
140012,KATHERINE SHAW BETHEA HOSPITAL,2023-01-01,2023-12-31,80
140067,SAINT FRANCIS MEDICAL CENTER,2022-10-01,2023-09-30,642
140162,ST. JOSEPH MEDICAL CENTER,2022-10-01,2023-09-30,124
140233,SAINT ANTHONY MEDICAL CENTER,2022-10-01,2023-09-30,230
140294,CROSSROADS COMMUNITY HOSPITAL,2023-01-14,2023-09-30,47
150075,BLUFFTON REGIONAL MEDICAL CENTER,2022-10-01,2023-09-30,45
170027,PRATT REGIONAL MEDICAL CENTER,2022-10-01,2023-09-30,35
170074,STORMONT VAIL - FLINT HILLS,2023-01-01,2023-09-30,43
170122,VIA CHRISTI HOSPITAL WICHITA,2022-10-01,2023-09-30,641
220077,BAYSTATE MEDICAL CENTER,2022-10-01,2023-09-30,740
220105,WINCHESTER HOSPITAL,2022-10-01,2023-09-30,182
250025,MONROE HEALTH SERVICES  INC.,2022-10-01,2023-09-30,95
250138,RIVER OAKS HOSPITAL,2022-10-01,2023-09-30,158
260040,COXHEALTH,2022-10-01,2023-09-30,792
370014,ALLIANCEHEALTH DURANT,2022-10-01,2023-09-30,105
10120,MONROE COUNTY HOSPITAL,2022-10-01,2023-09-30,46
100150,LOWER KEYS MEDICAL CENTER,2022-10-01,2023-09-30,99
170086,STORMONT-VAIL REGIONAL HEALTH CENTER,2022-10-01,2023-09-30,442
170208,ADVENTHEALTH SOUTH OVERLAND PARK,2022-10-01,2023-09-30,41
250007,BILOXI REGIONAL MEDICAL CENTER,2022-10-01,2023-09-30,121
261322,EXCELSIOR SPRINGS HOSPITAL,2022-10-01,2023-09-30,25
330245,ST. ELIZABETH MEDICAL CENTER,2023-01-01,2023-10-29,177
429801,PRISMA HEALTH UPSTATE,2022-10-01,2023-09-30,
50254,MARSHALL HOSPITAL,2022-11-01,2023-10-31,111
50382,EMANATE HEALTH MEDICAL CENTER,2023-01-01,2023-12-31,481
112016,REGENCY HOSPITAL OF MACON  LLC,2022-11-01,2023-10-31,60
140304,UCM ADVENTHEALTH BOLINGBROOK,2023-01-01,2023-12-31,110
171349,CLOUD COUNTY HEALTH CENTER,2022-10-01,2023-09-30,15
171356,ST. LUKE HOSPITAL,2022-10-01,2023-09-30,10
191316,POINTE COUPEE GENERAL HOSPITAL,2022-11-01,2023-10-31,23
204006,ACADIA HOSPITAL,2022-10-01,2023-09-30,68
221302,FAIRVIEW HOSPITAL,2022-10-01,2023-09-30,24
231337,ST. FRANCIS HOSPITAL,2022-10-01,2023-09-30,25
261325,COX BARTON COUNTY HOSPITAL,2022-10-01,2023-09-30,25
371320,CLEVELAND AREA HOSPITAL,2023-01-01,2023-12-31,14
442016,SSH - TRI-CITIES  INC.,2022-11-01,2023-10-31,35
31309,SAGE MEMORIAL HOSPITAL,2022-10-01,2023-09-30,25
94001,ST. ELIZABETHS HOSPITAL,2022-10-01,2023-09-30,292
100156,HCA FLORIDA LAKE CITY HOSPITAL,2022-11-01,2023-10-31,113
140292,UCM ADVENTHEALTH GLENOAKS,2023-01-01,2023-12-31,122
250042,DELTA HEALTH-NORTHWEST REGIONAL,2022-10-01,2023-09-30,181
281320,MEMORIAL COMMUNITY HEALTH  INC.,2022-10-01,2023-09-30,14
340132,MARIA PARHAM MEDICAL CENTER,2022-11-01,2023-10-31,111
340133,MARTIN GENERAL HOSPITAL,2023-05-01,2023-08-02,43
450083,UT HEALTH EAST TEXAS TYLER,2022-11-01,2023-10-31,352
450686,UNIVERSITY MEDICAL CENTER,2023-01-01,2023-12-31,422
10061,HIGHLANDS MEDICAL CENTER,2022-11-01,2023-10-31,45
40022,NORTHWEST MEDICAL CENTER,2022-11-01,2023-10-31,321
62011,CRAIG HOSPITAL,2022-10-01,2023-09-30,93
171381,MEMORIAL HOSPITAL - ABILENE,2022-10-01,2023-09-30,21
180115,ROCKCASTLE HOSPT. & RESPIR CARE CTR,2022-11-01,2023-10-31,30
191300,ST. HELENA PARISH HOSPITAL,2022-11-01,2023-10-31,25
262013,SSH - ST LOUIS INC.,2022-11-01,2023-10-31,71
312019,SSH - NORTHEAST NEW JERSEY  INC.,2022-11-01,2023-10-31,62
370097,SOUTHWESTERN MEDICAL CENTER,2022-11-01,2023-10-31,126
450194,UT HEALTH EAST TEXAS JACKSONVILLE,2022-11-01,2023-10-31,38
450713,SOUTH AUSTIN MEDICAL CENTER,2022-11-01,2023-10-31,344
520088,ST. AGNES HOSPITAL,2023-01-01,2023-12-31,79
522006,SSH - MILWAUKEE,2022-11-01,2023-10-31,63
673080,REUNION REHABILITATION HOSPITAL PLAN,2023-05-25,2023-07-31,48
60096,VAIL VALLEY MEDICAL CENTER,2022-11-01,2023-10-31,54
190167,MERCY REGIONAL MEDICAL CENTER,2022-10-01,2023-09-30,27
220016,BAYSTATE FRANKLIN MEDICAL CENTER,2022-10-01,2023-09-30,89
453317,COOK CHILDREN CARE,2023-02-28,2023-09-30,
100106,DOCTORS MEMORIAL,2023-06-01,2023-10-31,48
140015,BLESSING HOSPITAL,2022-10-01,2023-09-30,309
140114,SWEDISH COVENANT HEALTH,2023-01-01,2023-12-31,172
503300,SEATTLE CHILDRENS HOSPITAL,2022-10-01,2023-09-30,370
100028,PARRISH MEDICAL CENTER,2022-10-01,2023-09-30,208
191306,WEST FELICIANA PARISH HOSPITAL,2022-11-01,2023-10-31,25
450698,LAMB HEALTHCARE CENTER,2022-10-01,2023-09-30,42
490060,CLINCH VALLEY MEDICAL CENTER,2022-12-01,2023-11-30,151
43034,SOUTHEAST REHAB LLC,2022-11-01,2023-10-31,10
450451,GLEN ROSE MEDICAL CENTER,2022-10-01,2023-09-30,16
501307,ODESSA MEMORIAL HOSPITAL,2023-01-01,2023-12-31,25
510022,CHARLESTON AREA MEDICAL CENTER  INC.,2023-01-01,2023-12-31,803
171359,GREELEY COUNTY HEALTH SERVICES,2023-01-01,2023-12-31,25
74016,MASONICARE HEALTH CARE,2023-07-10,2023-09-30,
250012,ALLIANCE HEALTHCARE SYSTEM,2023-01-01,2023-03-15,20
462003,WESTERN PEAKS SPECIALTY HOSPITAL,2023-01-01,2023-12-31,59
372023,MUSCOGEE CREEK NATION LONG TERM CARE,2022-10-01,2023-09-30,16
70038,THE CONNECTICUT HOSPICE  INC.,2022-10-01,2023-09-30,3
114008,COASTAL HARBOR TREATMENT CENTER,2023-01-01,2023-12-31,94
150109,FRANCISCAN HEALTH LAFAYETTE,2023-01-01,2023-12-31,177
150162,FRANCISCAN HEALTH INDIANAPOLIS,2023-01-01,2023-12-31,410
261327,RAY COUNTY MEMORIAL HOSPITAL,2022-11-01,2023-10-31,25
281362,PHELPS MEMORIAL HEALTH CENTER,2023-01-01,2023-12-31,25
362032,AULTMAN SPECIALTY HOSPITAL,2022-10-01,2023-09-30,30
370039,HILLCREST HOSPITAL CLAREMORE,2022-11-01,2023-10-31,41
370222,MCBRIDE CLINIC ORTHOPEDIC HOSPITAL,2023-01-01,2023-12-31,68
41306,IZARD REGIONAL HOSPITAL,2023-01-01,2023-12-31,25
140124,JOHN H. STROGER JR. HOSP OF COOK CTY,2022-12-01,2023-11-30,429
140300,PROVIDENT HOSPITAL,2022-12-01,2023-11-30,31
230277,HURON VALLEY-SINAI HOSPITAL,2022-11-01,2023-10-31,145
294014,SANA BEHAVIORAL HEALTH LAS VEGAS,2023-01-01,2023-07-30,19
233027,REHABILITATION INSTITUTE OF MICHIGAN,2022-11-01,2023-10-31,67
400010,CASTANER HOSPITAL,2022-10-01,2023-09-30,
670780,FALLS COMMUNITY HOSPITAL AND CLINIC,2023-02-08,2023-08-31,
670782,ST. MARKS MEDICAL CENTER,2023-02-24,2023-10-11,
171376,HOSPITAL DISTRICT #1 CRAWFORD COUNTY,2023-01-01,2023-12-31,23
194107,BATON ROUGE BEHAVIORAL HOSPITAL,2022-10-01,2023-09-30,47
250172,HIGHLAND HILLS MEDICAL CENTER,2023-05-01,2023-09-30,15
451318,STONEWALL MEMORIAL HOSPITAL,2022-10-01,2023-09-30,20
252014,NORTH MISSISSIPPI SPECIALTY HOSPITAL,2022-10-01,2023-09-30,31
310091,SALEM MEDICAL CENTER,2023-01-01,2023-09-30,113
454060,LAUREL RIDGE HOSPITAL,2023-01-01,2023-12-31,288
104078,SUNCOAST BEHAVIORAL HEALTH CENTER,2022-11-01,2023-10-31,40
131301,BOUNDARY COMMUNITY HOSPITAL,2023-01-01,2023-12-31,20
131314,SHOSHONE MEDICAL CENTER,2022-12-01,2023-11-30,25
194105,APOLLO BEHAVIORAL HEALTH HOSPITAL,2023-01-01,2023-12-31,24
440239,SSH WEST TENNESSEE,2023-06-27,2024-01-31,50
193099,OCHSNER REHABILITATION HOSPITAL,2023-01-01,2023-12-31,56
501308,COULEE MEDICAL CENTER,2023-01-01,2023-12-31,25
140019,HSHS GOOD SHEPHERD HOSPITAL,2023-07-01,2023-08-17,30
451375,LIBERTY-DAYTON REGIONAL MEDICAL CENT,2022-10-01,2023-09-30,25
521352,UPLAND HILLS HEALTH,2022-10-01,2023-09-30,25
32001,SSH - PHOENIX,2022-12-01,2023-11-30,48
50324,SCRIPPS MEMORIAL HOSPITAL - LA JOLLA,2022-10-01,2023-09-30,405
60054,COMMUNITY HOSPITAL,2023-01-01,2023-12-31,44
144029,THE PAVILION FOUNDATION,2023-01-01,2023-12-31,84
180009,KINGS DAUGHTERS MEDICAL CENTER,2022-10-01,2023-09-30,367
252013,ALLEGIANCE SPECIALTY HOSPITAL OF GRE,2022-11-01,2023-10-31,39
370099,HILLCREST HOSPITAL CUSHING,2022-12-01,2023-11-30,24
430090,SIOUX FALLS SPECIALTY HOSPITAL,2023-01-01,2023-12-31,33
450498,STEPHENS MEMORIAL HOSPITAL,2022-10-01,2023-09-30,40
111335,LIBERTY REGIONAL MEDICAL CENTER,2022-12-01,2023-11-30,25
343025,CAREPARTNERS REHAB HOSPITAL,2022-12-01,2023-11-30,70
362027,SSH - AKRON  LLC,2022-12-01,2023-11-30,60
370002,ALLIANCEHEALTH WOODWARD,2023-06-01,2023-10-31,40
370006,PONCA CITY MEDICAL CENTER,2023-06-01,2023-10-31,47
420051,MCLEOD REGIONAL MEDICAL CENTER,2022-10-01,2023-09-30,524
420105,MCLEOD LORIS SEACOAST HOSPITAL,2022-10-01,2023-09-30,155
420107,MCLEOD HEALTH CHERAW,2022-10-01,2023-09-30,46
440175,SOUTHERN TN LAWRENCEBURG HOSPITAL,2022-12-01,2023-11-30,89
442014,SSH -MEMPHIS  INC,2022-12-01,2023-11-30,39
452105,BAYLOR SCOTT & WHITE CONTINUING CARE,2023-01-01,2023-12-31,25
50030,OROVILLE HOSPITAL,2022-12-01,2023-11-30,153
102023,SSH - PALM BEACH  LLC,2022-12-01,2023-11-30,60
102030,SSH - DAYTONA BEACH,2022-12-01,2023-11-30,34
180019,MEADOWVIEW REGIONAL MEDICAL CENTER,2022-12-01,2023-11-30,100
370183,HILLCREST HOSPITAL HENRYETTA,2022-12-01,2023-11-30,15
400021,HOSPITAL DE LA CONCEPCION,2023-01-01,2023-12-31,167
450271,DECATUR COMMUNITY HOSPITAL,2023-01-01,2023-11-30,81
451374,SCOTT AND WHITE HOSPITAL TAYLOR,2023-01-01,2023-12-31,25
494025,VIRGINIA BEACH PSYCHIATRIC CENTER,2023-01-01,2023-12-31,100
190025,SAVOY MEDICAL MANAGEMENT GROUP  INC.,2023-01-01,2023-12-31,28
230071,STRAITH HOSPITAL FOR SPECIAL SURGERY,2022-11-01,2023-10-31,34
454108,CYPRESS CREEK HOSPITAL,2023-01-01,2023-12-31,128
234030,FOREST VIEW HOSPITAL,2023-01-01,2023-12-31,108
250040,SINGING RIVER HEALTH SYSTEM,2022-10-01,2023-09-30,294
450890,BAYLOR S&W MEDICAL CENTER - PLANO,2023-01-01,2023-12-31,152
501321,NORTH VALLEY HOSPITAL,2023-01-01,2023-12-31,18
94004,PSYCH INSTITUE OF WASHINGTON,2023-01-01,2023-12-31,130
110190,FLINT RIVER COMMUNITY HOSPITAL,2023-01-01,2023-12-31,22
161350,STEWART MEMORIAL HOSPITAL,2023-01-01,2023-12-31,23
260074,MOBERLY REGIONAL MEDICAL CENTER,2022-11-01,2023-10-31,39
301309,MONADNOCK COMMUNITY HOSPITAL,2022-10-01,2023-09-30,25
370220,ORTHOPEDIC HOSPITAL,2023-01-01,2023-12-31,7
450893,THE HEART HOSPITAL BAYLOR DENTON,2023-01-01,2023-12-31,22
104076,UNIVERSITY BEHAVIORAL CENTER,2023-01-01,2023-12-31,112
111311,JENKINS COUNTY MEDICAL CENTER,2023-01-01,2023-12-31,15
170145,COFFEYVILLE REG MEDICAL CENTER  INC.,2023-01-01,2023-10-31,47
180027,MURRAY CALLOWAY COUNTY HOSPITAL,2022-10-01,2023-09-30,99
30117,VALLEY VIEW MEDICAL CENTER,2022-12-01,2023-11-30,72
150042,GOOD SAMARITAN HOSPITAL,2023-01-01,2023-12-31,99
110113,BURKE MEDICAL CENTER,2023-01-01,2023-12-31,40
151304,RUSH MEMORIAL HOSPITAL,2023-01-01,2023-12-31,25
161320,COMMUNITY MEMORIAL HOSPITAL,2023-01-01,2023-12-31,16
171370,GOODLAND REGIONAL MEDICAL CENTER,2023-01-01,2023-12-31,23
232020,MCLAREN BAY SPECIAL CARE,2022-10-01,2023-09-30,15
280131,MIDWEST SURGICAL HOSPITAL,2023-01-01,2023-12-31,19
374017,WILLOW CREST HOSPITAL,2023-01-01,2023-12-31,
450825,CORNERSTONE REGIONAL HOSPITAL,2023-01-01,2023-12-31,14
452038,TEXAS NEURO REHAB CENTER,2023-01-01,2023-12-31,47
511317,PLATEAU MEDICAL CENTER,2023-04-01,2023-12-31,25
40051,DREW MEMORIAL HOSPITAL INC,2023-04-01,2023-12-02,49
61300,WEISBROD MEMORIAL COUNTY HOSPITAL,2023-01-01,2023-12-31,25
100071,BROOKSVILLE REGIONAL HOSPTAL,2022-10-01,2023-11-30,244
330223,MASSENA MEMORIAL HOSPITAL,2023-01-01,2023-12-06,25
371331,DRUMRIGHT REGIONAL HOSPITAL,2023-01-01,2023-12-31,15
430091,BLACK HILLS SURGICAL HOSPITAL LLP,2023-01-01,2023-12-31,26
114032,SOUTHERN CRESCENT HOSPITAL,2023-01-01,2023-12-31,122
261313,SAMARITAN MEMORIAL HOSPITAL,2023-01-01,2023-12-31,25
370215,OKLAHOMA HEART HOSPITAL,2023-01-01,2023-12-31,97
370234,OKLAHOMA HEART HOSPITAL SOUTH,2023-01-01,2023-12-31,43
431316,COMMUNITY MEMORIAL HOSPITAL,2023-01-01,2023-12-31,25
451397,BAYLOR SCOTT & WHITE WMC - BRENHAM,2023-01-01,2023-12-31,25
454026,WEST OAKS HOSPITAL,2023-01-01,2023-12-31,160
501301,GARFIELD MEMORIAL HOSPITAL,2023-01-01,2023-12-31,25
53038,TOTALLY KIDS REHABILITATION HOSPITAL,2023-01-01,2023-12-31,
250151,ALLIANCE HEALTH CENTER,2023-01-01,2023-12-31,79
360189,MADISON HEALTH,2023-01-01,2023-12-31,45
360351,CRYSTAL CLINIC ORTHOPAEDIC CENTER,2023-01-01,2023-12-31,59
451361,PREFERRED HOSPITAL LEASING HEMPHILL,2023-01-01,2023-12-31,25
61310,SEDGWICK COUNTY HEALTH CENTER,2023-01-01,2023-12-31,9
84005,SUN BEHAVIORAL DELAWARE  LLC,2023-01-01,2023-12-31,90
150102,STARKE MEMORIAL HOSPITAL,2023-01-01,2023-12-31,15
371307,CIMARRON MEMORIAL HOSPITAL,2023-01-01,2023-12-31,25
400117,HOSPITAL DR. SUSONI,2023-01-01,2023-12-31,121
400123,METRO MAYAGUEZ,2023-01-01,2023-12-31,123
464013,SALT LAKE CITY BEHAVIORAL HEALTH,2023-01-01,2023-12-31,118
10097,ELMORE COMMUNITY HOSPITAL,2023-01-01,2023-12-31,33
41304,EUREKA SPRINGS HOSPITAL,2023-01-01,2023-11-30,22
100249,SEVEN RIVERS REGIONAL MEDICAL CENTER,2022-10-01,2023-11-30,121
171324,SATANTA DISTRICT HOSPITAL,2023-01-01,2023-12-31,23
194113,LAKE PINES HOSPITAL  LLC,2023-01-01,2023-12-31,36
194115,REGIONS BEHAVIORAL HOSPITAL,2023-01-01,2023-12-31,24
251320,CLAIBORNE COUNTY HOSPITAL,2023-01-01,2023-12-31,22
254005,PARKWOOD HOSPITAL,2023-01-01,2023-12-31,108
313302,WEISMAN CHILDRENS REHAB HOSPITAL,2023-01-01,2023-12-31,18
454139,SUN BEHAVIORAL HOUSTON,2023-01-01,2023-12-31,148
61313,KIT CARSON COUNTY MEMORIAL HOSPITAL,2023-01-01,2023-12-31,19
193090,THE NEUROMEDICAL CENTER REHAB,2023-01-01,2023-12-31,27
224021,FULLER MEMORIAL HOSPITAL,2023-01-01,2023-12-31,109
271335,COMMUNITY HOSPITAL OF ANACONDA,2023-01-01,2023-12-31,25
351319,PEMBINA COUNTY MEMORIAL HOSPITAL,2023-01-01,2023-12-31,20
61314,THE MEMORIAL HOSPITAL,2023-01-01,2023-12-31,25
70039,MASONICARE HEALTH CENTER,2022-10-01,2023-07-09,
171310,GREAT PLAINS OF CHEYENNE COUNTY  INC,2023-01-01,2023-12-31,16
194020,BRENTWOOD BEHAVIORAL-SHREVEPORT,2023-01-01,2023-12-31,243
224013,THE ARBOUR HOSPITAL,2023-01-01,2023-12-31,138
224023,PEMBROKE HOSPITAL,2023-01-01,2023-12-31,120
241334,RIVERS EDGE HOSPITAL AND CLINIC,2023-01-01,2023-12-31,25
310022,WEST JERSEY HEALTH SYSTEM,2023-01-01,2023-12-31,589
314027,CORNERSTONE BEHAVIORAL HEALTH HOSPIT,2023-01-01,2023-12-31,44
351309,SANFORD MAYVILLE,2023-01-01,2023-12-31,25
380033,SACRED HEART MED CTR - UNIVERSITY,2023-07-01,2023-12-14,36
400120,HOSPITAL HIMA SAN PABLO CAGUAS,2023-01-01,2023-12-19,421
404004,FIRST HOSPITAL PANAMERICANO,2023-01-01,2023-12-31,216
404005,SAN JUAN CP HOSPITAL,2023-01-01,2023-12-31,160
431311,SANFORD HOSPITAL WEBSTER,2023-01-01,2023-12-31,25
454109,UBH EL PASO HOSPITAL,2023-01-01,2023-12-31,166
454118,LONESTAR BEHAVIORAL HEALTH,2023-01-01,2023-12-31,24
460041,HOLY CROSS HOSPITAL - DAVIS,2023-05-01,2023-06-30,195
521322,GRANT REGIONAL HEALTH CENTER  INC.,2023-01-01,2023-12-31,25
41331,OZARKS COMMUNITY HOSPITAL OF GRAVETT,2023-01-01,2023-12-31,25
110209,TURNING POINT HOSPITAL,2023-01-01,2023-12-31,53
171322,HAMILTON COUNTY HOSPITAL,2023-01-01,2023-12-31,25
230108,PORTAGE HEALTH SYSTEM,2022-12-01,2023-11-30,36
250009,MAGNOLIA HOSPITAL,2022-10-01,2023-09-30,158
250124,MAGEE GENERAL HOSPITAL,2023-01-01,2023-12-31,44
431336,SANFORD MEDICAL CENTER VERMILLION,2023-01-01,2023-12-31,25
461302,MOAB REGIONAL HOSPITAL,2023-01-01,2023-12-31,17
31315,WHITE MOUNTAIN REGIONAL HOSPITAL,2023-01-01,2023-12-31,21
50257,GOOD SAMARITAN HOSPITAL-BAKERSFIELD,2023-01-01,2023-12-31,43
54053,DEL AMO HOSPITAL,2023-01-01,2023-12-31,166
60126,BANNER FORT COLLINS MEDICAL CENTER,2023-01-01,2023-12-31,29
61322,HEART OF THE ROCKIES REG MED CENTER,2023-01-01,2023-12-31,25
100275,WELLINGTON REGL MEDICAL CENTER,2023-01-01,2023-12-31,235
131321,ST. MARYS HEALTH,2023-01-01,2023-12-31,25
310029,VIRTUA OUR LADY OF LOURDES HOSPITAL,2023-01-01,2023-12-31,279
310057,VIRTUA MOUNT HOLLY HOSPITAL,2023-01-01,2023-12-31,312
310061,VIRTUA WILLINGBORO HOSPITAL,2023-01-01,2023-12-31,149
314022,SAINT BARNABAS BEHAVIORAL HEALTH CEN,2023-01-01,2023-12-31,40
371335,HASKELL REGIONAL HOSPITAL,2023-01-01,2023-12-31,25
400087,HOSPITAL CAYETANO COLL & TOSTE,2023-01-01,2023-12-31,185
400128,HOSPITAL METRO HATO REY  INC.,2023-01-01,2023-12-31,51
431301,FAULKTON AREA MEDICAL CENTER,2023-01-01,2023-12-31,12
450684,MEMORIAL HERMANN NORTHEAST,2023-01-01,2023-12-31,227
452041,CARRUS SPECIALTY HOSPITAL,2023-01-01,2023-12-31,33
453091,WESLACO REGIONAL REHABILITATION HOSP,2023-01-01,2023-12-31,32
521312,MEMORIAL HOSPITAL OF LAFAYETTE CTY,2023-01-01,2023-12-31,25
521321,RIPON MEDICAL CENTER,2023-01-01,2023-12-31,15
521341,THE RICHLAND HOSPITAL  INC,2023-01-01,2023-12-31,25
10052,LAKE MARTIN COMMUNITY HOSPITAL,2023-01-01,2023-12-31,46
30130,BANNER IRONWOOD MEDICAL CENTER,2023-01-01,2023-12-31,89
131325,BINGHAM MEMORIAL HOSPITAL,2023-01-01,2023-12-31,25
241333,MAYO CLINIC HEALTH SYS - ST. JAMES,2023-01-01,2023-12-31,25
243300,GILLETTE CHILDRENS SPECIALTY HEALTH,2023-01-01,2023-12-31,60
243302,CHILDRENS HEALTH CARE,2023-01-01,2023-12-31,420
114010,UHS OF PEACHFORD LP,2023-01-01,2023-12-31,246
194074,SOLUTIONS MEDICAL CONSULTING  LLC,2023-01-01,2023-12-31,18
370026,ST MARYS REGL MEDICAL CENTER,2023-01-01,2023-12-31,142
370225,SUMMIT MEDICAL CENTER,2023-01-01,2023-12-31,9
400109,HOSPITAL HIMA SAN PABLO BAYAMON,2023-01-01,2023-12-14,424
520202,MARSHFIELD MEDICAL CENTER WESTON,2023-01-01,2023-12-31,99
520212,MARSHFIELD MEDICAL CENTER-MINOCQUA,2023-01-01,2023-12-31,31
521328,MARSHFIELD MEDICAL CENTER-LADYSMITH,2023-01-01,2023-12-31,25
521349,RIVER FALLS AREA HOSPITAL,2023-01-01,2023-12-31,25
30134,BANNER GOLDFIELD MEDICAL CENTER,2023-01-01,2023-12-31,20
43029,ENCOMPASS HEALTH REHABILITATION HOSP,2023-01-01,2023-12-31,80
50197,SEQUOIA HOSPITAL,2023-01-01,2023-12-31,208
60003,LONGMONT UNITED HOSPITAL,2023-01-01,2023-12-31,127
61328,PAGOSA SPRINGS MEDICAL CENTER,2023-01-01,2023-12-31,11
63035,DENVER REGIONAL REHABILITATION HOSPI,2023-01-01,2023-12-31,31
64029,JOHNSTOWN HEIGHTS BEHAVIORAL HEALTH,2023-01-01,2023-12-31,92
100035,MANATEE MEMORIAL HOSPITAL,2023-01-01,2023-12-31,295
103049,ENCOMPASS HEALTH REHABILITATION HOSP,2023-01-01,2023-12-31,40
104072,CENTRAL FLORIDA BEHAVIORAL HEALTH,2023-01-01,2023-12-31,174
141305,MEMORIAL HOSPITAL ASSOCIATION,2023-01-01,2023-12-31,18
241304,SANFORD MEDICAL CENTER WHEATON,2023-01-01,2023-12-31,15
290021,VALLEY HOSPITAL MEDICAL CENTER,2023-01-01,2023-12-31,306
290032,NORTHERN NEVADA MEDICAL CENTER,2023-01-01,2023-12-31,88
290041,SUMMERLIN HOSPITAL MEDICAL CENTER,2023-01-01,2023-12-31,416
290057,HENDERSON HOSPITAL,2023-01-01,2023-12-31,298
290061,NORTHERN NEVADA SIERRA MEDICAL CNTR,2023-01-01,2023-12-31,170
310012,THE VALLEY HOSPITAL,2023-01-01,2023-12-31,385
310110,ROBERT WOOD JOHNSON HOSPITAL @ HAMI,2023-01-01,2023-12-31,152
351321,WISHEK COMMUNITY HOSPITAL,2023-01-01,2023-12-31,24
400079,HOSPITAL BUEN SAMARITANO,2023-01-01,2023-12-31,110
420082,AIKEN REGIONAL MEDICAL CENTER,2023-01-01,2023-12-31,211
423030,GREENWOOD REGIONAL REHABILITATION HO,2023-01-01,2023-12-31,42
424006,PALMETTO LOW COUNTRY BHD,2023-01-01,2023-12-31,103
424008,THREE RIVER CTR FOR BEHAV HEALTH,2023-01-01,2023-12-31,132
424014,REBOUND BEHAVIORAL HEALTH,2023-01-01,2023-12-31,63
431328,PIONEER MEMORIAL HOSPITAL AND HEALTH,2023-01-01,2023-12-31,12
444027,CREEKSIDE BEHAVIORAL HEALTH,2023-01-01,2023-12-31,72
451391,FRIO REGIONAL HOSPITAL,2023-01-01,2023-12-31,22
453025,MEMORIAL HERMANN TIRR,2023-01-01,2023-12-31,134
454104,UBH DENTON HOSPITAL,2023-01-01,2023-12-31,104
454107,BEHAVIORAL HOSPITAL OF BELLAIRE,2023-01-01,2023-12-31,122
454114,CEDAR CREST HOSPITAL,2023-01-01,2023-12-31,68
520208,ST. MARYS JANESVILLE HOSPITAL,2023-01-01,2023-12-31,50
673029,ENCOMPASS HEALTH REHABILITATION HOSP,2023-01-01,2023-12-31,50
673053,CORPUS CHRISTI REHABILITATION HOSPIT,2023-01-01,2023-12-31,35
21307,CORDOVA COMMUNITY MEDICAL CENTER,2023-01-01,2023-12-31,13
43036,ROGERS REHABILITATION HOSPITAL,2023-03-01,2023-12-31,36
50127,WOODLAND HEALTHCARE,2023-01-01,2023-12-31,74
54087,SIERRA VISTA HOSPITAL,2023-01-01,2023-12-31,171
54131,JOHN MUIR BEHAVIORAL HEALTH,2023-01-01,2023-12-31,73
170187,SALINA SURGICAL HOSPITAL,2023-01-01,2023-12-31,16
241300,MAHNOMEN HEALTH CENTER,2023-01-01,2023-12-31,10
241303,SANFORD HOSPITAL TRACY,2023-01-01,2023-12-31,18
271321,WHEATLAND MEMORIAL HEALTHCARE,2023-01-01,2023-12-31,25
314021,HAMPTON HOSPITAL,2023-01-01,2023-12-31,120
373036,MERCY REHABILITATION HOSPITAL OKLAHO,2023-01-01,2023-12-31,36
423036,LEXINGTON REGIONAL REHABILITATION HO,2023-08-18,2023-12-31,36
451313,FISHER COUNTY HOSPITAL DISTRICT,2023-01-01,2023-12-31,13
461308,SAN JUAN HEALTH SERVICES DISTRICT,2023-01-01,2023-12-31,21
500037,TOPPENISH COMMUNITY HOSPITAL,2023-01-01,2023-12-31,47
520004,MCHS FRANCISCAN HEALTHCARE  INC,2023-01-01,2023-12-31,99
520057,ST. CLARE HOSPITAL,2023-01-01,2023-12-31,43
520076,BEAVER DAM COMMUNITY HOSPITALS,2023-01-01,2023-12-31,43
520083,ST. MARYS HOSPITAL,2023-01-01,2023-12-31,354
521327,WAUPUN MEMORIAL HOSPITAL,2023-01-01,2023-12-31,25
673056,WARM SPRINGS REHAB VICTORIA,2023-01-01,2023-12-31,26
60030,MCKEE MEDICAL CENTER,2023-01-01,2023-12-31,101
103056,PAM HEALTH REHAB HOSPITAL OF TAVARES,2023-03-10,2023-12-31,42
103057,PAM HEALTH REHAB HOSPITAL OF JUPITER,2023-06-20,2023-12-31,42
141306,COMMUNITY HOSPITAL OF STAUNTON,2023-01-01,2023-12-31,25
192048,PAM II OF COVINGTON,2023-01-01,2023-12-31,31
194031,RIVER OAKS HOSPITAL,2023-01-01,2023-12-31,121
194089,GENESIS BEHAVIORAL HOSPITAL INC,2023-01-01,2023-12-31,18
290046,SPRING VALLEY HOSPITAL MEDICAL CNTR,2023-01-01,2023-12-31,334
310084,MONMOUTH MEDICAL CENTER SOUTHERN CAM,2023-01-01,2023-12-31,201
313038,ATLANTIC REHABILITATION INSTITUTE,2023-01-01,2023-12-31,38
360044,WAYNE HOSPITAL COMPANY,2023-01-01,2023-12-31,43
360092,MEMORIAL HOSPITAL OF UNION COUNTY,2023-01-01,2023-12-31,51
360263,INSTITUTE FOR ORTHOPAEDIC SURGERY,2023-01-01,2023-12-31,12
370244,CREEK NATION HOSPITAL COUNCIL OAK,2023-01-12,2023-09-30,40
444004,LAKESIDE HOSPITAL,2023-01-01,2023-12-31,315
452062,WARM SPRINGS SPECIALITY HOSPITAL,2023-01-01,2023-12-31,25
452094,VICTORIA WARM SPRINGS SPECIALTY HOSP,2023-01-01,2023-12-31,31
452118,HOUSTON METHODIST ST. CATHERINE LTAC,2023-01-01,2023-12-31,145
454018,RED RIVER HOSPITAL,2023-01-01,2023-12-31,96
520011,LAKEVIEW MEDICAL CENTER OF RICE LAKE,2023-01-01,2023-12-31,40
521319,EDGERTON HOSPITAL & HEALTH SERVICES,2023-01-01,2023-12-31,16
670005,MEMORIAL HERMANN KINGWOOD,2023-01-01,2023-12-31,10
670010,MAYHILL HOSPITAL,2023-01-01,2023-12-31,4
670049,NORTH CENTRAL SURGICAL HOSPITAL,2023-01-01,2023-12-31,24
673069,PAM REHAB HOSP OF ROUND ROCK,2023-01-01,2023-12-31,40
673075,COBALT REHAB HOSPITAL EL PASO,2023-01-01,2023-12-31,42
33302,PHOENIX CHILDRENS HOSPITAL,2023-01-01,2023-12-31,383
50769,HOAG ORTHOPEDIC INSTITUTE,2023-01-01,2023-12-31,70
50785,DOCS SURGICAL HOSPITAL,2023-01-01,2023-12-31,17
54154,SAN JOSE BEHAVIORAL HEALTH,2023-01-01,2023-12-31,133
103047,ENCOMPASS HEALTH REHABILITATION HOSP,2023-01-01,2023-12-31,50
140186,RIVERSIDE MEDICAL CENTER,2023-01-01,2023-12-31,256
191324,OCHSNER BAYOU  LLC,2023-01-01,2023-12-31,25
240018,MAYO CLINIC HEALTH SYSTEM - RED WING,2023-01-01,2023-12-31,27
241312,COOK HOSPITAL,2023-01-01,2023-12-31,14
271307,BENEFIS TETON MEDICAL CENTER,2023-01-01,2023-12-31,25
331307,CLIFTON-FINE HOSPITAL,2023-01-01,2023-12-31,20
331316,COMMUNITY MEMORIAL HOSPITAL,2023-01-01,2023-12-31,25
344007,OLD VINEYARD,2023-01-01,2023-12-31,164
370149,ST ANTHONY SHAWNEE HOSPITAL,2023-01-01,2023-12-31,61
410009,KENT COUNTY MEMORIAL HOSPITAL,2022-10-01,2023-09-30,323
423031,SPARTANBURG REHABILITATION INSTITUTE,2023-01-01,2023-12-31,40
423034,MIDLANDS REGIONAL REHABILITATION HOS,2023-01-01,2023-12-31,40
451324,LILLIAN M. HUDSPETH MEMORIAL HOSP.,2023-01-01,2023-12-31,11
453302,CHILDRENS MEDICAL CENTER OF DALLAS,2023-01-01,2023-12-31,388
490088,BEDFORD MEMORIAL HOSPITAL,2023-01-01,2023-12-31,33
490090,SOUTHSIDE COMMUNITY HOSPITAL,2023-01-01,2023-12-31,77
520100,BELOIT MEMORIAL HOSPITAL  INC.,2023-01-01,2023-12-31,97
521325,FLAMBEAU HOSPITAL MCHS,2023-01-01,2023-12-31,24
521342,INDIANHEAD MEDICAL CENTER,2023-01-01,2023-12-31,25
30108,THE CORE INSTITUTE SPECIALTY HOSPITA,2023-01-01,2023-12-31,28
30136,ARIZONA GENERAL HOSPITAL,2023-01-01,2023-12-31,16
30139,ARIZONA GENERAL HOSPITAL,2023-01-01,2023-12-31,50
31302,NORTHERN COCHISE COMMUNITY HOSPITAL,2023-01-01,2023-12-31,24
34023,THE GUIDANCE CENTER  INC.,2022-10-01,2023-09-30,16
40036,BAPTIST HEALTH MEDICAL CENTER- NLR,2023-01-01,2023-12-31,190
41302,DARDANELLE HOSPITAL,2023-01-01,2023-12-31,25
41316,SMC MEDICAL CENTER,2023-01-01,2023-12-31,25
41317,DALLAS COUNTY MEDICAL CENTER,2023-01-01,2023-12-31,22
43033,CONWAY REGIONAL REHABILITATION HOSPI,2023-01-01,2023-12-31,26
50070,KFH - SOUTH SAN FRANCISCO,2023-01-01,2023-12-31,120
50071,KFH - SANTA CLARA,2023-01-01,2023-12-31,355
50072,KFH - WALNUT CREEK,2023-01-01,2023-12-31,249
50510,KFH - SAN RAFAEL,2023-01-01,2023-12-31,116
50677,KFH - WOODLAND HILLS,2023-01-01,2023-12-31,274
50710,KFH - FRESNO,2023-01-01,2023-12-31,169
61303,EAST MORGAN COUNTY HOSPITAL,2023-01-01,2023-12-31,25
63033,NORTHERN COLORADO REHABILITATION HOS,2023-01-01,2023-12-31,40
103031,ENCOMPASS HEALTH REHABILITATION HOSP,2023-01-01,2023-12-31,116
103032,ENCOMPASS HEALTH REHABILITATION HOSP,2023-01-01,2023-12-31,80
103054,REHABILIATION HOSPITAL OF NAPLES,2023-01-01,2023-12-31,50
153046,PAM REHAB HOSP OF GREATER INDIANA,2023-01-01,2023-12-31,42
171314,FW HUSTON MEMORIAL HOSPITAL,2023-01-01,2023-12-31,25
171344,WILSON MEDICAL CENTER,2023-01-01,2023-12-31,15
171363,COMMUNITY MEMORIAL HEALTHCARE  INC.,2023-01-01,2023-12-31,23
171373,ALLEN COUNTY REGIONAL HOSPITAL,2023-01-01,2023-12-31,25
171380,NEOSHO MEMORIAL REGIONAL MED CTR,2023-01-01,2023-12-31,22
190053,OCHSNER AMERICAN LEGION HOSPITAL,2022-12-01,2023-11-30,49
190303,HAMMOND SURGICAL  LLC,2023-01-01,2023-12-31,30
241346,CANNON FALLS MEDICAL CENTER - MAYO,2023-01-01,2023-12-31,15
241355,GLENCOE REGIONAL HEALTH SERVICES,2023-01-01,2023-12-31,25
260034,BATES COUNTY MEMORIAL HOSPITAL,2023-01-01,2023-12-31,40
260105,SSM SAINT LOUIS UNIVERSITY HOSPITAL,2023-01-01,2023-12-31,366
263030,ST. LUKES REHAB HOSPITAL,2023-01-01,2023-12-31,35
281322,FRANCISCAN HEALTHCARE,2023-01-01,2023-12-31,25
310031,DEBORAH HEART AND LUNG CENTER,2023-01-01,2023-12-31,84
310075,MONMOUTH MEDICAL CENTER,2023-01-01,2023-12-31,235
310115,HACKETTSTOWN MEDICAL CENTER,2023-01-01,2023-12-31,95
320091,THREE CROSSES REGIONAL HOSPITAL,2023-01-01,2023-12-31,46
371336,NEWMAN MEMORIAL HOSPITAL,2023-01-01,2023-12-31,25
393055,ST. MARY REHABILITATION HOSPITAL,2023-01-01,2023-12-31,50
394053,HAVEN BEHAVIORAL HOSP- PHILADELPHIA,2023-01-01,2023-12-31,42
422007,REGENCY HOSPITAL OF FLORENCE,2023-01-01,2023-12-31,44
431319,PHILIP HEALTH SERVICES INC,2023-01-01,2023-12-31,18
450730,CARROLLTON REGIONAL MEDICAL CENTER,2023-01-01,2023-12-31,89
450847,MEMORIAL HERMANN KATY,2023-01-01,2023-12-31,196
451369,GOLDEN PLAINS COMMUNITY HOSPITAL,2023-01-01,2023-12-31,25
454012,MILLWOOD HOSPITAL,2023-01-01,2023-12-31,134
454050,GLEN OAKS HOSPITAL,2023-01-01,2023-12-31,54
501304,SUMMIT PACIFIC MEDICAL CENTER,2023-01-01,2023-12-31,10
501311,EAST ADAMS RURAL HOSPITAL,2023-01-01,2023-12-31,12
520210,MARSHFIELD MEDICAL CENTER-EAU CLAIRE,2023-01-01,2023-12-31,56
670077,METHODIST WEST HOUSTON HOSPITAL,2023-01-01,2023-12-31,270
673031,METHODIST REHABILITATION HOSPITAL,2023-01-01,2023-12-31,50
673052,ENCOMPASS HEALTH REHABILITATION HOSP,2023-01-01,2023-12-31,60
673054,ENCOMPASS HEALTH REHABILITATION HOSP,2023-01-01,2023-12-31,60
673059,LAREDO REHABILITATION HOSPITAL,2023-01-01,2023-12-31,21
30088,BANNER BAYWOOD MEDICAL CENTER,2023-01-01,2023-12-31,323
50775,TEMECULA VALLEY HOSPITAL,2023-01-01,2023-12-31,140
51332,MARK TWAIN MEDICAL CENTER,2023-01-01,2023-12-31,25
54148,PSYCHIATRIC,2023-01-01,2023-12-31,3
61309,WRAY COMMUNITY DISTRICT HOSPITAL,2023-01-01,2023-12-31,16
90001,GEORGE WASHINGTON UNIV HOSPITAL,2023-01-01,2023-12-31,339
110100,JEFFERSON HOSPITAL,2023-01-01,2023-12-31,37
111316,WARM SPRINGS MEDICAL CENTER,2023-01-01,2023-12-31,25
111336,MOUNTAIN LAKES MEDICAL CENTER,2023-01-01,2023-12-31,25
121305,LANAI COMMUNITY HOSPITAL,2023-01-01,2023-12-31,4
121308,KULA HOSPITAL,2023-01-01,2023-12-31,9
131316,BEAR LAKE MEMORIAL HOSPITAL,2023-01-01,2023-12-31,21
140223,ADVOCATE LUTHERAN GENERAL HOSPITAL,2023-01-01,2023-12-31,562
140280,TRINITY ROCK ISLAND,2023-01-01,2023-12-31,249
150069,KINGS DAUGHTERS HOSPITAL,2023-01-01,2023-12-31,70
150091,HUNTINGTON MEMORIAL HOSPITAL,2023-01-01,2023-12-31,36
150146,COMMUNITY HOSPITAL OF NOBLE CTY  INC,2023-01-01,2023-12-31,31
160013,TRINITY MUSCATINE,2023-01-01,2023-12-31,15
160104,TRINITY BETTENDORF,2023-01-01,2023-12-31,81
160147,GRINNELL REGIONAL MEDICAL CENTER,2023-01-01,2023-12-31,34
161354,HORN MEMORIAL HOSPITAL,2023-01-01,2023-12-31,25
171316,ANDERSON COUNTY HOSPITAL,2023-01-01,2023-12-31,12
171384,NEWMAN REGIONAL HEALTH,2023-01-01,2023-12-31,20
173032,REHABILITATION HOSP OF OVERLAND PARK,2023-01-01,2023-12-31,45
231338,COREWELL HEALTH GERBER,2023-01-01,2023-12-31,25
240022,SANFORD REGIONAL HOSPITAL WORTHINGTO,2023-01-01,2023-12-31,48
241317,COOK COUNTY HOSPITAL DISTRICT,2023-01-01,2023-12-31,16
241325,CCM HEALTH,2023-01-01,2023-12-31,25
241347,SANFORD HOSPITAL CANBY,2023-01-01,2023-12-31,25
241371,SANFORD HOSPITAL LUVERNE,2023-01-01,2023-12-31,25
241381,SANFORD THIEF RIVER FALLS,2023-01-01,2023-12-31,25
261309,WRIGHT MEMORIAL HOSPITAL,2023-01-01,2023-12-31,21
263304,SHRINERS HOSPITAL FOR CHILDREN,2023-01-01,2023-12-31,
281300,HARLAN COUNTY HEALTH SYSTEM,2023-01-01,2023-12-31,19
300011,ST. JOSEPH HOSPITAL,2023-01-01,2023-12-31,160
310024,ROBERT WOOD JOHNSON HOSPITAL @ RAHW,2023-01-01,2023-12-31,139
310041,COMMUNITY MEDICAL CENTER,2023-01-01,2023-12-31,410
330102,KENMORE MERCY HOSPITAL,2023-01-01,2023-12-31,159
330188,MOUNT ST. MARYS HOSPITAL,2023-01-01,2023-12-31,175
331315,GOUVERNEUR HOSPITAL,2023-01-01,2023-12-31,25
423029,ANMED HEALTH REHABILITATION HOSPITAL,2023-01-01,2023-12-31,60
500014,PROV REGL MED CENTER EVERETT,2023-01-01,2023-12-31,551
520089,MERITER HOSPITAL  INC.,2023-01-01,2023-12-31,332
520215,MARSHFIELD MEDICAL CENTER - RIVER RE,2023-01-01,2023-12-31,5
521305,MCHS-FRANCISCAN SPARTA,2023-01-01,2023-12-31,25
521333,BLACK RIVER MEMORIAL HOSPITAL,2023-01-01,2023-12-31,25
673048,TEXAS REHABILITATION HOSPITAL OF FT.,2023-01-01,2023-12-31,66
673062,WEATHERFORD REHABILITATION HOSPITAL,2023-01-01,2023-12-31,26
10125,LAKELAND COMMUNITY HOSPITAL,2023-01-01,2023-12-31,40
30016,BANNER CASA GRANDE MEDICAL CENTER,2023-01-01,2023-12-31,141
30131,OASIS HOSPITAL,2023-01-01,2023-12-31,64
40147,ARKANSAS SURGICAL HOSPITAL,2023-01-01,2023-12-31,47
51315,TRINITY HOSPITAL,2023-01-01,2023-12-31,25
103053,ENCOMPASS HEALTH REHABILITATION HOSP,2023-01-01,2023-12-31,40
110079,GRADY MEMORIAL HOSPITAL,2023-01-01,2023-12-31,707
111314,LIFEBRITE COMMUNITY HOSPITAL OF EARL,2023-01-01,2023-12-31,25
113301,SCOTTISH RITE CHILDRENS MEDICAL CTR,2023-01-01,2023-12-31,319
141327,WABASH GENERAL HOSPITAL DISTRICT,2023-01-01,2023-12-31,25
143029,ANDERSON REHABILITATION HOSPITAL,2023-01-01,2023-12-31,34
150101,WHITLEY MEMORIAL HOSPITAL,2023-01-01,2023-12-31,30
150160,INDIANA ORTHOPAEDIC HOSPITAL LLC,2023-01-01,2023-12-31,38
241302,SANFORD MEDICAL CENTER WESTBROOK,2023-01-01,2023-12-31,8
261321,HEDRICK MEDICAL CENTER,2023-01-01,2023-12-31,25
271319,RUBY VALLEY HOSPITAL,2022-11-01,2023-10-31,7
280065,GREAT PLAINS HEALTH,2023-01-01,2023-12-31,96
314018,NORTHBROOK BEHAVIORAL HEALTH HOSPITA,2023-01-01,2023-12-31,158
314019,RAMAPO RIDGE PSYCHIATRIC,2023-01-01,2023-12-31,58
330078,SISTERS OF CHARITY HOSPITAL,2023-01-01,2023-12-31,343
360025,FIRELANDS REGIONAL MEDICAL CENTER,2023-01-01,2023-12-31,149
360091,MEDINA HOSPITAL,2023-01-01,2023-12-31,148
360355,OHIO VALLEY MEDICAL CENTER,2023-01-01,2023-12-31,24
370094,SSM HEALTH ST ANTHONY HOSPITAL - MID,2023-01-01,2023-12-31,126
380022,SAMARITAN ALBANY GENERAL HOSPITAL,2023-01-01,2023-12-31,67
381302,NORTH LINCOLN HOSPITAL,2023-01-01,2023-12-31,12
381314,SAMARITAN PACIFIC COMM HOSPITAL,2023-01-01,2023-12-31,25
381323,SAMARITAN LEBANON COMM HOSPITAL,2023-01-01,2023-12-31,25
431329,SANFORD CHAMBERLAIN MEDICAL CENTER,2023-01-01,2023-12-31,25
463027,NORTHERN UTAH REHABILITATION HOSPITA,2023-01-01,2023-12-31,40
501330,ASTRIA SUNNYSIDE HOSPITAL,2023-01-01,2023-12-31,25
520193,AURORA BAYCARE MEDICAL CENTER,2023-01-01,2023-12-31,185
670132,METHODIST SOUTHLAKE MEDICAL CENTER,2022-10-01,2023-09-30,22
30123,HONORHEALTH SCOTTSDALE THOMPSON PEAK,2023-01-01,2023-12-31,120
30147,BANNER OCOTILLO MEDICAL CENTER,2023-01-01,2023-12-31,94
31319,MT. GRAHAM REGIONAL MEDICAL CENTER,2023-01-01,2023-12-31,25
43026,BAPTIST HEALTH REHABILITATION INSTIT,2023-01-01,2023-12-31,120
50103,ADVENTIST HEALTH WHITE MEMORIAL,2023-01-01,2023-12-31,426
50512,KFH - FREMONT,2023-01-01,2023-12-31,100
50541,KFH - REDWOOD CITY,2023-01-01,2023-12-31,144
50748,KFH - MANTECA,2023-01-01,2023-12-31,237
60071,DELTA COUNTY MEMORIAL HOSPITAL,2023-01-01,2023-12-31,49
103052,ENCOMPASS HEALTH REHABILITATION HOSP,2023-01-01,2023-12-31,50
113300,EGLESTON CHILDRENS HOSPITAL AT EMORY,2023-01-01,2023-12-31,330
114036,ACADIA GREENLEAF HOSPITAL,2023-01-01,2023-12-31,113
141320,PARIS COMMUNITY HOSPITAL,2023-01-01,2023-12-31,25
154051,WELLSTONE,2023-01-01,2023-12-31,100
160117,THE FINLEY HOSPITAL,2023-01-01,2023-12-31,66
194106,COMPASS BEHAVIORAL HEALTH CNTR ALEXA,2023-01-01,2023-12-31,36
230075,BRONSON BATTLE CREEK,2023-01-01,2023-12-31,139
240047,ST. LUKES HOSPITAL OF DULUTH,2023-01-01,2023-12-31,238
241361,MAYO CLINIC HEALTH SYS - NEW PRAGUE,2023-01-01,2023-12-31,20
251327,COPIAH COUNTY MEDICAL CENTER,2023-01-01,2023-12-31,25
294011,SPRING MOUNTAIN TREATMENT CENTER,2023-01-01,2023-12-31,110
310006,ST. MARYS HOSPITAL - PASSAIC,2023-01-01,2023-12-31,122
330005,KALEIDA HEALTH,2023-01-01,2023-12-31,954
330125,ROCHESTER GENERAL HOSPITAL,2023-01-01,2023-12-31,470
330169,MOUNT SINAI HEALTH SYSTEM-BETH ISRAE,2023-01-01,2023-12-31,432
353026,PAM REHABILITATION HOSPITAL OF FARGO,2023-01-01,2023-12-31,42
370210,OKLAHOMA SURGICAL HOSPITAL,2023-01-01,2023-12-31,74
374023,CEDAR RIDGE HOSPITAL,2023-01-01,2023-12-31,116
400134,SAN JORGE CHILDRENS & WOMEN HOSPITAL,2023-01-01,2023-12-31,
431309,COMMUNITY MEMORIAL HOSPITAL,2023-01-01,2023-12-31,16
431313,FREEMAN REGIONAL HEALTH SERVICES,2023-01-01,2023-12-31,25
431339,COTEAU DES PRAIRIES,2023-01-01,2023-12-31,25
440007,UNITY MEDICAL CENTER,2023-01-01,2023-12-31,49
450176,MISSION REGIONAL MEDICAL CENTER,2023-01-01,2023-12-31,270
450379,DALLAS MEDICAL CENTER,2023-01-01,2023-12-31,119
451312,RICE MEDICAL CENTER,2023-01-01,2023-12-31,21
451382,COMANCHE COUNTY MEDICAL CENTER,2023-01-01,2023-12-31,16
454122,OCEANS BEHAVIORAL HOSPITAL OF ABILEN,2023-01-01,2023-12-31,90
464014,ASPEN GROVE BEHAVIORAL HOSPITAL,2023-01-01,2023-12-31,80
490021,CENTRA HEALTH,2023-01-01,2023-12-31,452
490022,MARY WASHINGTON HOSPITAL,2023-01-01,2023-12-31,414
490040,INOVA ALEXANDRIA HOSPITAL,2023-01-01,2023-12-31,303
490043,INOVA LOUDOUN HOSPITAL CENTER,2023-01-01,2023-12-31,189
490101,INOVA FAIR OAKS HOSPITAL,2023-01-01,2023-12-31,174
490122,INOVA MOUNT VERNON HOSPITAL,2023-01-01,2023-12-31,108
490140,STAFFORD HOSPITAL,2023-01-01,2023-12-31,88
500053,TRIOS HEALTH,2023-01-01,2023-12-31,111
520206,AURORA MEDICAL CENTER - SUMMIT,2023-01-01,2023-12-31,109
523027,PROHEALTH REHABILITATION HOSPITAL OF,2023-01-01,2023-12-31,40
530012,WYOMING MEDICAL CENTER,2023-01-01,2023-12-31,249
670309,TEXAS HEALTH HOSPITAL MANSFIELD,2023-01-01,2023-12-31,59
673025,POST ACUTE MEDICAL AT ALLEN,2023-01-01,2023-12-31,56
10139,BROOKWOOD BAPTIST MEDICAL CENTER,2023-01-01,2023-12-31,429
30089,BANNER THUNDERBIRD MEDICAL CENTER,2023-01-01,2023-12-31,539
30115,BANNER ESTRELLA MEDICAL CENTER,2023-01-01,2023-12-31,317
30122,BANNER GATEWAY MEDICAL CENTER,2023-01-01,2023-12-31,185
31301,BENSON HOSPITAL,2023-01-01,2023-12-31,22
40076,BAPTIST HEALTH MEDICAL CENTER - HSC,2023-01-01,2023-12-31,71
41321,BAPTIST HEALTH MED CTR ARKADELPHIA,2023-01-01,2023-12-31,25
50036,BAKERSFIELD MEMORIAL HOSPITAL,2023-01-01,2023-12-31,385
50145,COMMUNITY HOSP. MONTEREY PENINSULA,2023-01-01,2023-12-31,227
50152,SAINT FRANCIS MEMORIAL HOSPITAL,2023-01-01,2023-12-31,239
50231,POMONA VALLEY HOSPITAL MED CTR,2023-01-01,2023-12-31,412
50597,EMANATE HEALTH FOOTHILL PRESB. HOSP.,2023-01-01,2023-12-31,105
53041,REHABILITATION HOSPITAL OF SOUTHERN,2023-01-01,2023-12-31,50
60103,AVISTA HOSPITAL,2023-01-01,2023-12-31,108
60113,ADVENTHEALTH LITTLETON HOSPITAL,2023-01-01,2023-12-31,201
60117,ANIMAS SURGICAL HOSPITAL,2023-01-01,2023-12-31,12
100068,ADVENTHEALTH DAYTONA BEACH,2023-01-01,2023-12-31,330
100258,DELRAY MEDICAL CENTER,2023-01-01,2023-12-31,351
140048,ADVOCATE SOUTHLAND HEALTH NETWORK,2023-01-01,2023-12-31,438
140160,FHN MEMORIAL HOSPITAL,2023-01-01,2023-12-31,100
144026,HARTGROVE HOSPITAL,2023-01-01,2023-12-31,160
160047,JENNIE EDMUNDSON MEMORIAL,2023-01-01,2023-12-31,127
160082,IOWA METHODIST MEDICAL CENTER,2023-01-01,2023-12-31,577
170186,KANSAS HEART HOSPITAL,2023-01-01,2023-12-31,46
190270,SOUTHERN SURGICAL HOSPITAL,2023-01-01,2023-12-31,37
194073,OCEANS BEHAVIORAL HOSPITAL OF LAFAYE,2023-01-01,2023-12-31,38
230269,COREWELL HEALTH- TROY,2023-01-01,2023-12-31,505
231323,COREWELL HEALTH REED CITY,2023-01-01,2023-12-31,22
231339,COREWELL HEALTH PENNOCK HOSPITAL,2023-01-01,2023-12-31,25
240210,HEALTHEAST  ST JOHNS HOSPITAL,2023-01-01,2023-12-31,184
242004,FAIRVIEW BETHESDA HOSPITAL,2023-01-01,2023-12-31,24
251322,OCHSNER LAIRD HOSPITAL,2023-01-01,2023-12-31,25
261314,HERMANN AREA DISTRICT HOSPITAL,2023-01-01,2023-12-31,24
290054,CENTENNIAL HILLS HOSPITAL,2023-01-01,2023-12-31,327
330224,HEALTHALLIANCE HOSPITAL MARYS AVE CA,2023-01-01,2023-12-31,111
330279,MERCY HOSPITAL OF BUFFALO,2023-01-01,2023-12-31,346
332006,CALVARY HOSPITAL  INC.,2023-01-01,2023-12-31,225
351328,LINTON HOSPITAL,2023-04-01,2023-12-31,14
390041,UNIONTOWN HOSPITAL,2023-01-01,2023-12-31,134
394008,FRIENDS BEHAVIORAL HEALTH SYSTEM,2023-01-01,2023-12-31,192
400014,HOSPITAL BELLA VISTA,2023-01-01,2023-12-31,158
440218,THE CENTER FOR SPINAL SURGERY,2023-01-01,2023-12-31,23
443034,BAPTIST MEMORIAL REHABILITATION HOSP,2023-01-01,2023-12-31,53
450709,HOUSTON METHODIST ST. JOHN HOSPITAL,2023-01-01,2023-12-31,178
450875,PHYSICIANS SURGICAL HOSPITAL,2023-01-01,2023-12-31,40
451308,YOAKUM COUNTY HOSPITAL,2023-01-01,2023-12-31,24
454119,CARROLLTON SPRINGS,2023-01-01,2023-12-31,78
454123,OCEANS BEHAVIORAL HOSPITAL OF LUFKIN,2023-01-01,2023-12-31,24
454136,OCEANS BEHAVIORAL HOSPITAL OF KATY,2023-01-01,2023-12-31,48
491300,BATH COUNTY COMMUNITY HOSPITAL,2023-01-01,2023-12-31,14
491305,SHENANDOAH MEMORIAL HOSPITAL,2023-01-01,2023-12-31,25
491307,PAGE MEMORIAL HOSPITAL,2023-01-01,2023-12-31,25
493028,ENCOMPASS HEALTH REHABILITATION HOSP,2023-01-01,2023-12-31,40
513026,ENCOMPASS HEALTH REHABILITATION HOSP,2023-01-01,2023-12-31,60
513028,ENCOMPASS HEALTH REHABILITATION HOSP,2023-01-01,2023-12-31,66
520070,MCHS EAU CLAIRE HOSPITAL,2023-01-01,2023-12-31,186
520138,AURORA HEALTH CARE METRO  INC.,2023-01-01,2023-12-31,932
520139,AURORA WEST ALLIS MEDICAL CENTER,2023-01-01,2023-12-31,202
520205,MOSH,2023-01-01,2023-12-31,16
670069,METHODIST MCKINNEY HOSPITAL,2023-01-01,2023-12-31,23
30012,YAVAPAI REGIONAL MEDICAL CENTER,2023-01-01,2023-12-31,218
30112,ARIZONA ORTHOPEDIC SURGICAL HOSPITAL,2023-01-01,2023-12-31,24
40015,MENA MEDICAL CENTER,2023-01-01,2023-12-31,41
50701,SOUTHWEST HEALTHCARE SYSTEM,2023-01-01,2023-12-31,240
53032,SAN JOAQUIN VALLEY REHAB HOSPITAL,2023-01-01,2023-12-31,62
54078,AURORA LAS ENCINAS BHS,2023-01-01,2023-12-31,96
63037,PAM SPEC. HOSPITAL OF WESTMINSTER,2023-01-01,2023-12-31,36
100057,ADVENTHEALTH WATERMAN,2023-01-01,2023-12-31,288
100069,ADVENTHEALTH CARROLLWOOD,2023-01-01,2023-12-31,119
100299,LAKEWOOD RANCH MEDICAL CENTER,2023-01-01,2023-12-31,120
131320,CLEARWATER VALLEY HEALTH,2023-01-01,2023-12-31,23
160045,ST. LUKES METHODIST HOSPITAL,2023-01-01,2023-12-31,280
160146,ST. LUKES REGL MEDICAL CENTER,2023-01-01,2023-12-31,179
170104,ADVENTHEALTH SHAWNEE MISSION,2023-01-01,2023-12-31,314
180045,ST. ELIZABETH FLORENCE,2023-01-01,2023-12-31,146
180102,MERCY HEALTH LOURDES HOSPITAL LLC,2023-01-01,2023-12-31,184
181311,ST ELIZABETH - GRANT COUNTY,2023-01-01,2023-12-31,15
183030,GATEWAY REHAB AT FLORENCE,2023-01-01,2023-12-31,40
190040,SLIDELL MEMORIAL HOSPITAL,2023-01-01,2023-12-31,301
194081,OCEANS BEHAVIORAL HOSPITAL OF DERIDD,2023-01-01,2023-12-31,20
194091,OCEANS BEHAVIORAL HOSPITAL OF HAMMON,2023-01-01,2023-12-31,52
194095,OCEANS BEHAVIORAL HOSPITAL OF OPELOU,2023-01-01,2023-12-31,20
200034,ST. MARYS REGIONAL MEDICAL CENTER,2023-01-01,2023-12-31,140
230020,COREWELL HEALTH- DEARBORN,2023-01-01,2023-12-31,535
230151,COREWELL HEALTH- FARMINGTON HILLS,2023-01-01,2023-12-31,209
240010,MAYO CLINIC HOSPITAL ROCHESTER,2023-01-01,2023-12-31,1154
240040,RANGE REGIONAL HEALTH SERVICES,2023-01-01,2023-12-31,72
240043,MAYO CLNIC HLTH SYS-ALBRT LEA AUSTIN,2023-01-01,2023-12-31,79
240050,M HEALTH FAIRVIEW LAKES MEDICAL CENT,2023-01-01,2023-12-31,55
240064,GRAND ITASCA CLINIC AND HOSPITAL,2023-01-01,2023-12-31,34
240066,LAKEVIEW MEMORIAL,2023-01-01,2023-12-31,68
240078,M HEALTH FAIRVIEW SOUTHDALE HOSPITAL,2023-01-01,2023-12-31,327
240100,SANFORD BEMIDJI,2023-01-01,2023-12-31,105
241378,NEW ULM MEDICAL CENTER,2023-01-01,2023-12-31,24
250027,WINSTON MEDICAL CENTER,2023-01-01,2023-12-31,14
251317,SIMPSON GENERAL HOSPITAL CAH,2023-01-01,2023-12-31,25
310074,JERSEY CITY MEDICAL CENTER,2023-01-01,2023-12-31,303
330115,ONEIDA HEALTH,2023-01-01,2023-12-31,101
331309,RIVER HOSPITAL,2023-01-01,2023-12-31,25
331319,MEDINA MEMORIAL HOSPITAL,2023-01-01,2023-12-31,25
341325,ASHE MEMORIAL HOSPITAL,2023-01-01,2023-12-31,25
360036,WOOSTER COMMUNITY HOSPITAL,2023-01-01,2023-12-31,112
360086,SPRINGFIELD REGIONAL MEDICAL CENTER,2023-01-01,2023-12-31,210
360236,CLERMONT MERCY HOSPITAL,2023-01-01,2023-12-31,147
360259,BAY PARK COMMUNITY HOSPITAL,2023-01-01,2023-12-31,77
360364,CLEVELAND CLINIC AVON HOSPITAL,2023-01-01,2023-12-31,126
361306,MERCY ALLEN HOSPITAL,2023-01-01,2023-12-31,22
361326,ADAMS COUNTY REGIONAL MEDICAL CENTER,2023-01-01,2023-12-31,25
361328,DEFIANCE HOSPITAL INC.,2023-01-01,2023-12-31,25
363045,LIBERTY REHABILITATION HOSPITAL,2023-03-01,2023-12-31,36
364065,GLENWOOD BEHAVIORAL HEALTH HOSPITAL,2023-01-01,2023-12-31,70
371330,MANGUM REGIONAL MEDICAL CENTER,2023-01-01,2023-12-31,18
413025,REHABILITATION HOSPITAL OF RHODE ISL,2023-01-01,2023-12-31,20
423300,SHRINERS HOSPITAL FOR CHILDREN,2023-01-01,2023-12-31,
443037,KNOXVILLE REHABILITATION HOSPITAL,2023-01-01,2023-12-31,57
443038,SAINT THOMAS REHABILITATION HOSPITAL,2023-01-01,2023-12-31,40
450358,THE METHODIST HOSPITAL,2023-01-01,2023-12-31,976
450874,BAYLOR SURGICAL HOSPITAL LAS COLINAS,2023-01-01,2023-12-31,20
451304,SCHLEICHER COUNTY MEDICAL CENTER,2023-01-01,2023-12-31,14
453048,PAM SQUARED AT BEAUMONT,2023-01-01,2023-12-31,61
474001,BRATTLEBORO RETREAT,2023-01-01,2023-12-31,113
510006,UNITED HOSPITAL CENTER,2023-01-01,2023-12-31,232
510008,CITY HOSPITAL INC.,2023-01-01,2023-12-31,161
510072,WETZEL COUNTY HOSPITAL,2023-01-01,2023-12-31,25
511309,WAR MEMORIAL HOSPITAL,2023-01-01,2023-12-31,25
511311,HAMPSHIRE MEMORIAL HOSPITAL,2023-01-01,2023-12-31,14
520028,MONROE CLINIC,2023-01-01,2023-12-31,58
520035,AURORA MEDICAL CTR SHEBOYGAN COUNTY,2023-01-01,2023-12-31,125
520095,SAUK PRAIRIE MEMORIAL HOSPITAL,2023-01-01,2023-12-31,36
520113,AURORA MEDICAL CENTER - BAY AREA,2023-01-01,2023-12-31,55
521323,MARSHFIELD MEDICAL CENTER NEILLSVILL,2023-01-01,2023-12-31,16
521330,PRAIRIE DU CHIEN MEMORIAL HOSPITAL,2023-01-01,2023-12-31,24
523028,UW HEALTH REHABILITATION HOSPITAL,2023-01-01,2023-12-31,50
670067,BAYLOR ORTHOPEDIC AND SPINE HOSPITAL,2023-01-01,2023-12-31,24
670122,HOUSTON METHODIST THE WOODLANDS,2023-01-01,2023-12-31,292
30002,BANNER UNIVERSITY MEDICAL CENTER PHX,2023-01-01,2023-12-31,656
43037,MERCY REHABILITATION HOSPITAL FORT S,2023-01-01,2023-12-31,50
50590,METHODIST HOSPITAL OF SACRAMENTO,2023-01-01,2023-12-31,152
51323,COLORADO RIVER MEDICAL CENTER,2023-01-01,2023-12-31,25
61323,PROWERS MEDICAL CENTER,2023-01-01,2023-12-31,25
84002,ROCKFORD,2023-01-01,2023-12-31,148
100118,ADVENTHEALTH PALM COAST,2023-01-01,2023-12-31,99
103304,NEMOURS CHILDRENS HOSPITAL,2023-01-01,2023-12-31,130
104073,EMERALD COAST BEHAVIORAL HOSPITAL,2022-11-01,2023-10-31,86
140013,PROCTOR HOSPITAL,2023-01-01,2023-12-31,72
140288,ADVOCATE GOOD SAMARITAN HOSPITAL,2023-01-01,2023-12-31,293
150005,HENDRICKS REGIONAL HEALTH,2023-01-01,2023-12-31,130
150056,INDIANA UNIVERSITY HEALTH,2023-01-01,2023-12-31,1274
150097,MAJOR HOSPITAL,2023-01-01,2023-12-31,46
151322,PERRY COUNTY HOSPITAL,2023-01-01,2023-12-31,25
153043,COMMUNITY REHABILITATION HOSPITAL NO,2023-01-01,2023-12-31,60
153044,COMMUNITY REHABILITATION HOSPITAL SO,2023-01-01,2023-12-31,44
160001,UNITYPOINT HEALTH-MARSHALLTOWN,2023-01-01,2023-12-31,16
171326,LOGAN COUNTY HOSPITAL,2023-01-01,2023-12-31,25
171351,WASHINGTON COUNTY HOSPITAL,2023-01-01,2023-12-31,25
190081,WEST CARROLL HEALTH SYSTEMS  LLC,2023-01-01,2023-12-28,30
190266,THE SPINE HOSPITAL OF LOUISIANA,2023-01-01,2023-12-31,23
194098,OCEANS BEHAVIORAL HOSPITAL OF GREATE,2023-01-01,2023-12-31,82
200001,ST JOSEPH HOSPITAL,2023-01-01,2023-12-31,99
240030,ALOMERE HEALTH,2023-01-01,2023-12-31,99
240053,PARK NICOLLET METHODIST HOSPITAL,2023-01-01,2023-12-31,352
240056,RIDGEVIEW MEDICAL CENTER,2023-01-01,2023-12-31,109
241328,SANFORD BAGLEY MEDICAL CENTER,2023-01-01,2023-12-31,25
241337,NORTH VALLEY HEALTH CENTER,2023-01-01,2023-12-31,12
241367,WELIA HEALTH,2023-01-01,2023-12-31,25
260162,BARNES JEWISH WEST COUNTY HOSPITAL,2023-01-01,2023-12-31,95
263301,ST. LOUIS CHILDRENS HOSPITAL,2023-01-01,2023-12-31,455
310002,NEWARK BETH ISRAEL MEDICAL CENTER,2023-01-01,2023-12-31,408
314024,MEADOWVIEW PSYCHIATRIC HOSPITAL,2023-01-01,2023-12-31,84
330014,JAMAICA HOSPITAL MEDICAL CENTER,2023-01-01,2023-12-31,281
330024,MOUNT SINAI HOSPITAL,2023-01-01,2023-12-31,1052
330030,NEWARK WAYNE COMMUNITY HOSPITAL,2023-01-01,2023-12-31,101
330044,FAXTON-ST. LUKES HEALTHCARE,2023-01-01,2023-12-31,346
330265,CLIFTON SPRINGS HOSPITAL & CLINIC,2023-01-01,2023-12-31,77
330399,SBH HEALTH SYSTEM,2023-01-01,2023-12-31,283
400103,MAYAGUEZ MEDICAL CENTER,2023-01-01,2023-12-31,216
450330,OAKBEND MEDICAL CENTER,2023-01-01,2023-12-31,158
450820,METHODIST SUGAR LAND HOSPITAL,2023-01-01,2023-12-31,337
454117,OCEANS BEHAVIORAL HOSPITAL OF LONGV,2023-01-01,2023-12-31,24
454147,OCEANS BEHAVIORAL HOSPITAL PASADENA,2023-01-01,2023-12-31,30
454150,OCEANS BEHAVIORAL HOSPITAL WACO,2023-01-01,2023-12-31,48
521308,AMERY REGIONAL MEDICAL CENTER,2023-01-01,2023-12-31,25
521326,THEDACARE MEDICAL CENTER-NEW LONDON,2023-01-01,2023-12-31,25
524017,NORTH CENTRAL HEALTH CARE FACILITIES,2023-01-01,2023-12-31,16
673035,BIR AT FORT WORTH,2023-01-01,2023-12-31,42
673068,PAM HEALTH REHAB HOSP OF SUGAR LAND,2023-01-01,2023-12-31,41
10049,MEDICAL CENTER ENTERPRISE,2023-01-01,2023-12-31,89
13300,THE CHILDRENS HOSPITAL OF ALABAMA,2023-01-01,2023-12-31,351
30006,TUCSON MEDICAL CENTER,2023-01-01,2023-12-31,473
40002,JOHNSON REGIONAL MEDICAL CENTER,2023-01-01,2023-12-31,59
40029,CONWAY REGIONAL MEDICAL CENTER  INC,2023-01-01,2023-12-31,169
50278,PROVIDENCE HOLY CROSS MED. CENTER,2023-01-01,2023-12-31,285
50329,CORONA REGIONAL MEDICAL CENTER,2023-01-01,2023-12-31,160
50353,PROVIDENCE LTTL CO MARY MC TORRANCE,2023-01-01,2023-12-31,338
50468,MEMORIAL HOSPITAL OF GARDENA,2023-01-01,2023-12-31,103
50496,JOHN MUIR MEDICAL CENTER - CONCORD,2023-01-01,2023-12-31,244
52047,NORTHERN CALIFORNIA REHAB HOSPITAL,2023-01-01,2023-12-31,56
60001,NORTH COLORADO MEDICAL CENTER,2023-01-01,2023-12-31,182
61312,ESTES PARK MEDICAL CENTER,2023-01-01,2023-12-31,23
101300,ADVENTHEALTH WAUCHULA,2023-01-01,2023-12-31,25
111310,ATRIUM HEALTH NAVICENT PEACH,2023-01-01,2023-12-31,25
131309,CARIBOU MEMORIAL HOSPITAL,2023-01-01,2023-12-31,25
131317,BENEWAH COMMUNITY HOSPITAL,2023-01-01,2023-12-31,19
131328,BONNER GENERAL HOSPITAL,2023-01-01,2023-12-31,25
140120,PEKIN MEMORIAL HOSPITAL,2023-01-01,2023-12-31,39
140181,SOUTH SHORE HOSPITAL CORPORATION,2023-01-01,2023-12-31,122
140182,ADVOCATE NORTH SIDE HEALTH NETWORK,2023-01-01,2023-12-31,237
150167,ORTHOPAEDIC HOSPT.AT PARKVIEW,2023-01-01,2023-12-31,37
161381,SANFORD MEDICAL CENTER SHELDON,2023-01-01,2023-12-31,25
170190,MANHATTAN SURGICAL HOSPITAL,2023-01-01,2023-12-31,13
171357,HILLSBORO COMMUNITY HOSPITAL,2023-01-01,2023-12-31,15
190190,CALDWELL MEMORIAL HOSPITAL,2023-01-01,2023-12-31,26
201303,PENOBSCOT VALLEY HOSPITAL,2023-01-01,2023-12-31,25
201305,CALAIS COMMUNITY HOSPITAL,2023-01-01,2023-12-31,25
210017,GARRETT COUNTY MEMORIAL HOSPITAL,2023-01-01,2023-12-31,20
222043,VIBRA HOSP OF SOUTHEASTERN MASS,2023-01-01,2023-12-31,90
240014,NORTHFIELD CITY HOSPITAL,2023-01-01,2023-12-31,37
263029,MERCY REHABILITATION HOSPITAL ST. LO,2023-01-01,2023-12-31,90
263032,MERCY REHABILITATION HOSPITAL SPRING,2023-01-01,2023-12-31,60
263034,MERCY REHABILITATION HOSPITAL ST. LO,2022-12-22,2023-12-31,50
264033,SPRINGFIELD BEHAVIORAL HOSPITAL,2023-01-01,2023-12-31,
280040,NEBRASKA METHODIST HOSPITAL,2023-01-01,2023-12-31,363
280077,METHODIST FREMONT HEALTH,2023-01-01,2023-12-31,50
281357,SIDNEY REGIONAL MEDICAL CENTER,2023-01-01,2023-12-31,19
290019,CARSON TAHOE REGIONAL HEALTHCARE,2023-01-01,2023-12-31,175
310011,CAPE REGIONAL MEDICAL CENTER,2023-01-01,2023-12-31,149
310048,ROBERT WOOD JOHNSON UNIV HOSP @ SOM,2023-01-01,2023-12-31,332
310058,BERGEN NEW BRIDGE MEDICAL CENTER,2023-01-01,2023-12-31,107
313032,MARLTON REHAB HOSPITAL,2023-01-01,2023-12-31,61
314012,HMH CARRIER CLINIC,2023-01-01,2023-12-31,232
323032,REHABILITATION HOSPITAL OF SOUTHERN,2023-01-01,2023-12-31,40
330008,WYOMING COUNTY COMMUNITY HOSPITAL,2023-01-01,2023-12-31,47
330119,LENOX HILL HOSPITAL,2023-01-01,2023-12-31,415
330184,MONTEFIORE NEW ROCHELLE HOSPITAL,2023-01-01,2023-12-31,141
330185,MATHER HOSPITAL,2023-01-01,2023-12-31,195
330191,GLENS FALLS HOSPITAL,2023-01-01,2023-12-31,391
330197,CANTON-POTSDAM HOSPITAL,2023-01-01,2023-12-31,94
330276,NATHAN LITTAUER HOSPITAL & NURSING H,2023-01-01,2023-12-31,57
330386,GARNET HEALTH MEDICAL CENTER - CATSK,2023-01-01,2023-12-31,76
330394,UHS HOSPITALS,2023-01-01,2023-12-31,329
330395,EPISCOPAL HEALTH SERVICES,2023-01-01,2023-12-31,140
331303,GARNET HEALTH MEDICAL CENTER - CATSK,2023-01-01,2023-12-31,15
331312,DELAWARE VALLEY HOSPITAL,2023-01-01,2023-12-31,25
331317,LEWIS COUNTY GENERAL HOSPITAL,2023-01-01,2023-12-31,25
394050,ROXBURY PSYCHIATRIC HOSPITAL,2023-01-01,2023-12-31,112
400032,BAYAMON MEDICAL CENTER,2023-01-01,2023-12-31,207
400098,HOSPITAL SAN FRANCISCO,2023-01-01,2023-12-31,139
451352,HARDEMAN COUNTY HOSPITAL,2023-01-01,2023-12-31,24
454135,HOUSTON BEHAVIORAL HEALTHCARE,2023-01-01,2023-12-31,163
500079,GOOD SAMARITAN HOSPITAL,2023-01-01,2023-12-31,318
500129,TACOMA GENERAL ALLENMORE HOSPITAL,2023-01-01,2023-12-31,360
500139,CAPITAL MEDICAL CENTER,2023-01-01,2023-12-31,107
500154,MULTICARE COVINGTON MEDICAL CENTER,2023-01-01,2023-12-31,57
501313,CASCADE MEDICAL CENTER,2023-01-01,2023-12-31,9
501315,SKYLINE HOSPITAL,2023-01-01,2023-12-31,14
501320,QUINCY VALLEY MEDICAL CENTER,2023-01-01,2023-12-31,10
501338,SNOQUALMIE VALLEY HOSPITAL,2023-01-01,2023-12-31,25
503026,CHI FRANCISCAN REHABILITATION HOSPIT,2023-01-01,2023-12-31,60
520034,AURORA MED CTR OF MANITOWOC COUNTY,2023-01-01,2023-12-31,63
521345,WESTFIELDS HOSPITAL,2023-01-01,2023-12-31,25
521346,THEDACARE MEDICAL CENTER - SHAWANO,2023-01-01,2023-12-31,23
521355,THEDACARE-BERLIN,2023-01-01,2023-12-31,25
673045,MESQUITE REHABILITATION INSTITUTE,2023-01-01,2023-12-31,30
673049,NEW BRAUNFELS REGIONAL REHABILITATIO,2023-01-01,2023-12-31,40
30103,MAYO CLINIC HOSPITAL,2023-01-01,2023-12-31,353
30105,BANNER HEART HOSPITAL,2023-01-01,2023-12-31,108
33039,COBALT REHAB HOSPITAL SURPRISE,2023-01-01,2023-12-31,40
33040,DIGNITY HEALTH EAST VALLEY REHABILIT,2023-01-01,2023-12-31,50
40055,BAPTIST HEALTH MEDICAL CENTER - FS,2023-01-01,2023-12-31,314
40164,UNITY HEALTH - JACKSONVILLE,2023-06-09,2023-09-30,29
50013,ADVENTIST HEALTH ST. HELENA,2023-01-01,2023-12-31,141
50089,COMMUNITY HOSPITAL OF SAN BERNARDINO,2023-01-01,2023-12-31,185
50149,CALIFORNIA HOSPITAL MEDICAL CENTER,2023-01-01,2023-12-31,318
54151,AURORA SANTA ROSA BEHAVIORAL HEALTH,2023-01-01,2023-12-31,144
63303,CHCO - COLORADO SPRINGS,2023-01-01,2023-12-31,117
102003,SSH -ORLANDO,2023-01-01,2023-12-31,99
103050,ENCOMPASS HEALTH REHABILITATION HOSP,2023-01-01,2023-12-31,50
114004,SUMMITRIDGE HOSPITAL,2023-01-01,2023-12-31,96
140202,CONDELL MEDICAL CENTER,2023-01-01,2023-12-31,257
140208,ADVOCATE CHRIST HOSPITAL,2023-01-01,2023-12-31,725
140209,METHODIST MEDICAL CTR OF ILLINOIS,2023-01-01,2023-12-31,203
190308,ST. BERNARD PARISH HOSPITAL,2023-01-01,2023-12-31,40
193080,SPECIALTY REHABILITATION HOSPITAL,2023-01-01,2023-12-31,12
194102,BEACON BEHAVIORAL HOSPITAL- LUTCHER,2023-01-01,2023-12-31,19
194114,RIVER PLACE BEHAVIORAL HEALTH,2023-01-01,2023-12-31,104
221990,CHESTNUT HILL BENEVOLENT ASSOCIATION,2023-01-01,2023-12-31,20
230035,COREWELL HEALTH GREENVILLE HOSPITAL,2023-01-01,2023-12-31,44
230275,HEALTHSOURCE SAGINAW  INC.,2023-01-01,2023-12-31,7
231313,HARBOR BEACH COMMUNITY HOSPITAL,2023-01-01,2023-12-31,15
232023,SSH - MACOMB COUNTY  INC.,2023-01-01,2023-12-31,92
240080,UNIVERSITY OF MINNESOTA MEDICAL CTR,2023-01-01,2023-12-31,647
240106,REGIONS HOSPITAL,2023-01-01,2023-12-31,429
241356,MILLE LACS HOSPITAL,2022-10-01,2023-09-30,18
250048,ST. DOMINIC-JACKSON MEMORIAL HOSP,2023-01-01,2023-12-31,526
293034,PAM REHAB HOSP OF CENTENNIAL HILLS,2023-01-01,2023-12-31,44
310017,CHILTON HOSPITAL,2023-01-01,2023-12-31,180
310019,ST. JOSEPHS UNIVERSITY MEDICAL CENT,2023-01-01,2023-12-31,681
310027,TRINITAS HOSPITAL,2023-01-01,2023-12-31,182
310038,ROBERT WOOD JOHNSON UNIVERSITY HOSPI,2023-01-01,2023-12-31,630
330045,HUNTINGTON HOSPITAL,2023-01-01,2023-12-31,269
330046,MOUNT SINAI ST. LUKES ROOSEVELT HOSP,2023-01-01,2023-12-31,633
330058,GENEVA GENERAL HOSPITAL,2023-01-01,2023-12-31,117
330059,MONTEFIORE MEDICAL CENTER,2023-01-01,2023-12-31,1444
330065,NIAGARA FALLS MEMORIAL MEDICAL CENTE,2023-01-01,2023-12-31,133
331990,HIGH RIDGE HOUSE,2023-01-01,2023-12-31,20
360056,MERCY HEALTH - FAIRFIELD HOSPITAL,2023-01-01,2023-12-31,204
360066,ST. RITAS MEDICAL CENTER LLC,2023-01-01,2023-12-31,329
360076,ATRIUM MEDICAL CENTER,2023-01-01,2023-12-31,244
360084,AULTMAN HOSPITAL,2023-01-01,2023-12-31,335
360131,ALLIANCE COMMUNITY HOSPITAL,2023-01-01,2023-12-31,50
360161,ST. JOSEPH HEALTH CENTER,2023-01-01,2023-12-31,137
360172,MERCY REGIONAL MEDICAL CENTER,2023-01-01,2023-12-31,149
360174,UPPER VALLEY MEDICAL CENTER,2023-01-01,2023-12-31,139
360203,SOUTHEASTERN OHIO REG MED CTR,2023-01-01,2023-12-31,86
360218,LICKING MEMORIAL HOSPITAL,2023-01-01,2023-12-31,219
360234,MERCY HEALTH WEST HOSPITAL,2023-01-01,2023-12-31,205
360276,ST ELIZABETH BOARDMAN HEALTH CTR,2023-01-01,2023-12-31,210
361310,MERCY HEALTH-WILLARD HOSPITAL LLC,2023-01-01,2023-12-31,20
363039,UNIVERSITY HOSPITALS AVON REHABILITA,2023-01-01,2023-12-31,50
364056,ASSURANCE HEALTH CINCINNATI,2023-01-01,2023-12-31,28
372012,INSPIRE SPECIALTY HOSPITAL - MW CITY,2023-01-01,2023-12-31,31
380038,PROVIDENCE WILLAMETTE FALLS MED CTR,2023-01-01,2023-12-31,101
380082,PROVIDENCE MILWAUKIE HOSPITAL,2023-01-01,2023-12-31,47
400137,DOCTORS CENTER HOSPITAL OH-DORADO,2023-02-13,2023-09-30,50
410011,LANDMARK MEDICAL CENTER,2023-01-01,2023-12-31,113
451990,THE LEAVES  INC.,2023-01-01,2023-12-31,20
453092,SOUTH TEXAS REHABILITATION HOSPITAL,2023-01-01,2023-12-31,40
454132,SAN ANTONIO BEHAVIORAL HEALTHCARE,2023-01-01,2023-12-31,198
490092,SOUTHAMPTON MEMORIAL HOSPITAL,2023-01-01,2023-12-31,90
500044,DEACONESS MEDICAL CENTER,2023-01-01,2023-12-31,279
500119,VALLEY HOSPITAL & MEDICAL CENTER,2023-01-01,2023-12-31,123
501326,PROVIDENCE MOUNT CARMEL HOSPITAL,2023-01-01,2023-12-31,25
521307,ADVENTHEALTH DURAND,2023-01-01,2023-12-31,25
524042,MIRAMOUNT BEHAVIORAL HEALTH,2023-01-01,2023-12-31,72
673032,ENCOMPASS HEALTH REHABILITATION HOSP,2023-01-01,2023-12-31,75
673055,ACCEL REHABILITATION HOSPITAL PLANO,2023-01-01,2023-12-31,149
33038,SCOTTSDALE HRH,2023-01-01,2023-12-31,50
40154,BHMC-CONWAY,2023-01-01,2023-12-31,106
41312,BHMC-HEBER SPRINGS,2023-01-01,2023-12-31,25
42012,BAPTIST HEALTH EXTENDED CARE,2023-01-01,2023-12-31,36
50091,COMMUNITY HOSPITAL OF HUNTINGTON PAR,2023-01-01,2023-12-31,81
50116,NORTHRIDGE MEDICAL CENTER - ROSCOE,2023-01-01,2023-12-31,318
50180,JOHN MUIR MEDICAL CENTER - WC,2023-01-01,2023-12-31,366
50290,PROVIDENCE ST JOHNS HEALTH CENTER,2023-01-01,2023-12-31,229
50641,EAST LOS ANGELES DOCTORS HOSPITAL,2023-01-01,2023-12-31,102
50708,FRESNO SURGICAL HOSPITAL,2023-01-01,2023-12-31,27
50771,COAST PLAZA HOSPITAL,2023-01-01,2023-12-31,117
50780,FOOTHILL REG MEDICAL CENTER,2023-01-01,2023-12-31,111
52055,CENTRAL VALLEY SPECIALTY HOSPITAL,2023-01-01,2023-12-31,96
54069,AURORA CHARTER OAK BHS,2023-01-01,2023-12-31,134
54074,ADVENTIST HEALTH VALLEJO,2023-01-01,2023-12-31,61
54077,AURORA VISTA DEL MAR BHS,2023-01-01,2023-12-31,87
54155,BAKERSFIELD BEHAVIORAL HEALTHCARE HO,2023-01-01,2023-12-31,90
60076,STERLING REGIONAL MEDCENTER,2023-01-01,2023-12-31,25
61302,FAMILY HEALTH WEST HOSPITAL,2023-01-01,2023-12-31,25
100075,ST. JOSEPHS HOSPITAL,2023-01-01,2023-12-31,1354
100109,ADVENTHEALTH SEBRING,2023-01-01,2023-12-31,204
100319,ADVENTHEALTH WESLEY CHAPEL,2023-01-01,2023-12-31,169
102026,ADVENTHEALTH CONNERTON,2023-01-01,2023-12-31,77
140200,ELMHURST MEMORIAL HOSPITAL,2023-01-01,2023-12-31,258
150002,METHODIST HOSPITALS  INC,2023-01-01,2023-12-31,405
150158,IU HEALTH WEST HOSPITAL,2023-01-01,2023-12-31,173
150161,IU HEALTH NORTH HOSPITAL,2023-01-01,2023-12-31,153
150179,FAIRBANKS,2023-01-01,2023-12-31,52
151317,GREENE COUNTY GENERAL HOSPITAL,2023-01-01,2023-12-31,25
151324,FRANCISCAN HEALTH RENSSELAER,2023-01-01,2023-12-31,25
151329,MARGARET MARY COMMUNITY HOSPITAL,2023-01-01,2023-12-31,25
153042,LAFAYETTE REGIONAL REHABILITATION HO,2023-01-01,2023-12-31,40
153049,BLOOMINGTON REGIONAL REHABILITATION,2023-01-01,2023-12-31,40
161367,PELLA REGIONAL HEALTH CENTER,2023-01-01,2023-12-31,25
191313,RIVERSIDE MED CTR,2023-01-01,2023-12-31,25
192057,SAGE SPECIALTY & REHAB OF LAFAYETTE,2023-01-01,2023-12-31,49
224018,HUMAN RESOURCE INSTITUTE,2023-01-01,2023-12-31,66
231304,HELEN NEWBERRY JOY HOSPITAL,2023-01-01,2023-12-31,25
241375,MINNESOTA VALLEY HEALTH CENTER  INC.,2023-01-01,2023-12-31,9
260214,BELTON REGIONAL MEDICAL CENTER,2023-01-01,2023-12-31,62
294013,DESERT PARKWAY BEHAVIORAL HEALTHCARE,2023-01-01,2023-12-31,152
310032,INSPIRA MEDICAL CENTER VINELAND,2023-01-01,2023-12-31,280
330073,UNITED MEMORIAL MEDICAL CENTER,2023-01-01,2023-12-31,126
330074,FREDRICK FERRIS THOMPSON HOSPITAL,2023-01-01,2023-12-31,113
330135,BON SECOURS COMMUNITY HOSPITAL,2023-01-01,2023-12-31,62
330153,ELLIS HOSPITAL,2023-01-01,2023-12-31,270
340187,DAVIE MEDICAL CENTER,2023-01-01,2023-12-31,42
370203,COMMUNITY HOSPITAL,2023-01-01,2023-12-31,45
370216,TULSA SPINE HOSPITAL,2023-01-01,2023-12-31,38
370228,BAILEY MEDICAL CENTER,2023-01-01,2023-12-31,33
380014,GOOD SAMARITAN HOSPITAL CORVALLIS,2023-01-01,2023-12-31,169
393054,LANCASTER REHABILITATION HOSPITAL,2023-01-01,2023-12-31,59
400106,HOSPITAL METROPOLITANO,2023-01-01,2023-12-31,132
400110,HOSPITAL METROPOLITANO TITO MATTEI,2023-01-01,2023-12-31,77
450231,BAPTIST SAINT ANTHONYS HOSPITAL,2023-01-01,2023-12-31,357
450853,BAYLOR MEDICAL CENTER AT FRISCO,2023-01-01,2023-12-31,68
450883,BAYLOR MEDICAL CENTER AT TROPHY CLUB,2023-01-01,2023-12-31,21
451353,CRANE COUNTY HOSPITAL DISTRICT,2022-10-01,2023-09-30,15
503025,ST. LUKES REHABILITATION INST.,2023-01-01,2023-12-31,91
511303,MINNIE HAMILTON HEALTH CARE CENTER,2023-01-01,2023-12-31,25
520189,AURORA MEDICAL CENTER KENOSHA,2023-01-01,2023-12-31,133
673073,LONGVIEW REHABILITATION HOSPITAL,2023-03-01,2023-12-31,36
10016,SHELBY BAPTIST MEDICAL CENTER,2023-01-01,2023-12-31,212
10086,NORTHWEST MEDICAL CENTER,2023-01-01,2023-12-31,28
10089,WALKER BAPTIST MEDICAL CENTER,2023-01-01,2023-12-31,207
10101,CITIZENS BAPTIST MEDICAL CENTER,2023-01-01,2023-12-31,103
10103,PRINCETON BAPTIST MEDICAL CENTER,2023-01-01,2023-12-31,255
10138,HILL HOSPITAL OF SUMTER COUNTY,2023-01-01,2023-12-31,33
10158,RUSSELLVILLE HOSPITAL,2023-01-01,2023-12-31,51
10168,JACK HUGHSTON MEMORIAL HOSPITAL,2023-01-01,2023-12-31,47
10174,THOMASVILLE REGIONAL MEDICAL CENTER,2023-01-01,2023-12-31,29
11304,OCHSNER CHOCTAW GENERAL,2023-01-01,2023-12-31,25
14018,BEHAVIORAL HEALTH CENTERS,2023-01-01,2023-12-31,20
30064,BANNER UNIVERSITY MED CENTER TUCSON,2023-01-01,2023-12-31,559
30111,BANNER UNIVERSITY MED CENTER SOUTH,2023-01-01,2023-12-31,147
30146,HONORHEALTH SONORAN CROSSING MED CTR,2023-01-01,2023-12-31,79
30154,YUMA COMMUNITY HOSPITAL,2023-01-19,2023-12-31,9
50204,PALMDALE REGIONAL MEDICAL CENTER,2023-01-01,2023-12-31,157
60100,THE MEDICAL CENTER OF AURORA,2023-01-01,2023-12-31,326
61321,MT. SAN RAFAEL HOSPITAL,2023-01-01,2023-12-31,25
110002,UPSON REGIONAL MEDICAL CENTER,2023-01-01,2023-12-31,81
110050,ADVENTHEALTH MURRAY,2023-01-01,2023-12-31,29
110054,FLOYD MEDICAL CENTER,2023-01-01,2023-12-31,227
110150,ATRIUM HEALTH NAVICENT BALDWIN,2023-01-01,2023-12-31,86
110165,SOUTHERN REGIONAL MEDICAL CENTER,2023-01-01,2023-12-31,233
111312,SCREVEN COUNTY HOSPITAL,2023-01-01,2023-12-31,25
111323,TATTNALL HOSPITAL COMPANY  LLC,2023-01-01,2023-12-31,25
112017,LANDMARK HOSPITAL OF ATHENS  LLC,2023-01-01,2023-12-31,42
113029,AHN REHABILITATION HOSPITAL,2023-01-01,2023-12-31,58
114012,RIDGEVIEW INSTITUTE SMYRNA,2023-01-01,2023-12-31,188
114037,RIDGEVIEW INSTITUTE MONROE,2023-01-01,2023-12-31,111
171325,GRAHAM COUNTY HOSPITAL,2023-01-01,2023-12-31,15
172007,SSH - WICHITA  INC.,2023-01-01,2023-12-31,48
180001,ST ELIZABETH FT THOMAS,2023-01-01,2023-12-31,106
180095,CRITTENDEN COMMUNITY HOSPITAL LLC,2023-01-01,2023-12-31,48
181319,BRECKINRIDGE HEALTH  INC,2023-01-01,2023-12-31,25
181327,MARSHALL COUNTY HOSPITAL,2023-01-01,2023-12-31,25
220126,STEWARD NORWOOD HOSPITAL,2023-01-01,2023-12-31,
240093,MCHS - SOUTHWEST MINNESOTA REGION,2023-01-01,2023-12-31,118
241366,MEEKER COUNTY MEMORIAL HOSPITAL,2023-01-01,2023-12-31,25
251335,OCHSNER STENNIS HOSPITAL,2023-01-01,2023-12-31,25
252005,SSH - GULF COAST,2023-01-01,2023-12-31,36
271336,LOGAN HEALTH WHITEFISH,2023-04-01,2023-12-31,25
271337,LOGAN HEALTH  CUTBANK,2023-04-01,2023-12-31,20
310009,CLARA MAASS MEDICAL CENTER,2023-01-01,2023-12-31,259
310069,INSPIRA MEDICAL CENTER MULLICA HILL,2023-01-01,2023-12-31,286
310076,COOPERMAN BARNABAS MEDICAL CENTER,2023-01-01,2023-12-31,597
313025,KESSLER INSTITUTE FOR REHABILIATATIO,2023-01-01,2023-12-31,336
321306,LINCOLN COUNTY MEDICAL CENTER,2023-01-01,2023-12-31,25
330027,NASSAU UNIVERSITY MEDICAL CENTER,2023-01-01,2023-12-31,326
330033,CHENANGO MEMORIAL HOSPITAL,2023-01-01,2023-12-31,58
330094,COLUMBIA MEMORIAL HOSPITAL,2023-01-01,2023-12-31,192
330103,UPPER ALLEGHENY HEALTH SYSTEM,2023-01-01,2023-12-31,202
330104,MONTEFIORE NYACK HOSPITAL,2023-01-01,2023-12-31,237
330158,GOOD SAMARITAN HOSPITAL,2023-01-01,2023-12-31,286
330198,SOUTH NASSAU COMMUNITIES HOSPITAL,2023-01-01,2023-12-31,312
330264,ST. LUKES CORNWALL HOSPITAL,2023-01-01,2023-12-31,193
330331,PLAINVIEW HOSPITAL,2023-01-01,2023-12-31,156
330410,TERENCE CARDINAL COOKE HEALTH CARE,2023-01-01,2023-12-31,56
350011,SANFORD MEDICAL CENTER - FARGO,2023-01-01,2023-12-31,493
351312,NORTHWOOD DEACONESS HEALTH CENTER,2023-01-01,2023-12-31,12
360002,UH SAMARITAN MEDICAL CENTER,2023-01-01,2023-12-31,38
360013,WILSON MEMORIAL HOSPITAL,2023-01-01,2023-12-31,44
360016,JEWISH HOSPITAL OF CINCINNATI,2023-01-01,2023-12-31,170
360041,UH PARMA MEDICAL CENTER,2023-01-01,2023-12-31,179
360055,TRUMBULL MEMORIAL HOSPITAL,2023-01-01,2023-12-31,197
360064,ST. ELIZABETH HEALTH CENTER,2023-01-01,2023-12-31,323
360071,VAN WERT COUNTY HOSPITAL,2023-01-01,2023-12-31,34
360072,FAIRFIELD MEDICAL CENTER,2023-01-01,2023-12-31,185
360089,MERCY HEALTH-TIFFIN  HOSPITAL LLC,2023-01-01,2023-12-31,35
360107,THE BELLEVUE HOSPITAL,2023-01-01,2023-12-31,50
360109,COSHOCTON REGIONAL MEDICAL CENTER,2023-01-01,2023-12-31,56
360125,ASHTABULA COUNTY MEDICAL CENTER,2023-01-01,2023-12-31,105
360132,KETTERING HEALTH HAMILTON,2023-01-01,2023-12-31,138
360352,THE SURGICAL HOSPITAL AT SOUTHWOODS,2023-01-01,2023-12-31,24
360360,SOIN MEDICAL CENTER,2023-01-01,2023-12-31,168
360367,LAKE HEALTH BEACHWOOD MEDICAL CENTER,2023-01-01,2023-12-31,24
360368,KETTERING HEALTH TROY,2023-01-01,2023-12-31,28
361330,HOCKING VALLEY,2023-01-01,2023-12-31,25
361331,FAYETTE COUNTY MEMORIAL HOSP,2023-01-01,2023-12-31,25
362024,SSH - YOUNGSTOWN,2023-01-01,2023-12-31,31
363026,HILLSIDE HOSPITAL,2023-01-01,2023-12-31,65
363305,NATIONWIDE CHILDRENS HOSPITAL,2023-01-01,2023-12-31,701
363309,NATIONWIDE CHILDRENS HOSP TOLEDO LLC,2023-01-01,2023-12-31,46
391306,ENDLESS MOUNTAINS HEALTH SYSTEMS,2023-01-01,2023-12-31,25
404007,HOSPITAL PSIQUIATRICO CABO ROJO,2023-01-01,2023-12-31,39
430097,SANFORD ABERDEEN MEDICAL CENTER,2023-01-01,2023-12-31,48
450010,UNITED REGIONAL HEALTH CARE SYSTEM,2023-01-01,2023-12-31,244
450424,SAN JACINTO METHODIST HOSPITAL,2023-01-01,2023-12-31,254
450889,TEXAS INSTITUTE  FOR SURGERY AT PRES,2023-01-01,2023-12-31,9
452022,SSH - DALLAS  INC.,2023-01-01,2023-12-31,61
520037,MARSHFIELD MEDICAL CENTER,2023-01-01,2023-12-31,215
520198,AURORA MEDICAL CENTER OSHKOSH,2023-01-01,2023-12-31,83
520207,AURORA MEDICAL CENTER GRAFTON,2023-01-01,2023-12-31,133
21301,PROVIDENCE VALDEZ MEDICAL CENTER,2023-01-01,2023-12-31,11
21302,PROVIDENCE SEWARD MEDICAL & CARE CEN,2023-01-01,2023-12-31,6
22001,ALASKA SPECIALTY HOSPITAL  LLC,2023-01-01,2023-12-31,21
42011,ADVANCED CARE HOSPITAL OF WHITE CO.,2022-10-01,2023-09-30,20
53043,PALOMAR HEALTH REHABILITATION INSTIT,2023-01-01,2023-12-31,52
53046,SACRAMENTO SIERRA REHAB HOSPITAL,2023-04-24,2023-12-31,52
60125,ADVENT HEALTH CASTLE ROCK HOSP,2023-01-01,2023-12-31,89
61327,SOUTHWEST MEMORIAL HOSPITAL,2023-01-01,2023-12-31,20
140291,GOOD SHEPHERD HOSPITAL,2023-01-01,2023-12-31,176
170198,SUMMIT SURGICAL  LLC,2023-01-01,2023-12-31,10
171374,FREDONIA REGIONAL HOSPITAL,2023-01-01,2023-12-31,25
220020,STEWARD ST. ANNES HOSPITAL,2023-01-01,2023-12-31,154
254007,BRENTWOOD BEHAVIORAL HEALTHCARE,2023-01-01,2023-12-31,105
271323,CLARK FORK VALLEY HOSPITAL,2023-01-01,2023-12-31,16
330028,RICHMOND UNIVERSITY MEDICAL CENTER,2023-01-01,2023-12-31,209
330126,GARNET HEALTH MEDICAL CENTER,2023-01-01,2023-12-31,329
330144,IRA DAVENPORT MEMORIAL HOSPITAL  INC,2023-01-01,2023-12-31,15
330157,SAMARITAN MEDICAL CENTER,2023-01-01,2023-12-31,165
330162,NORTHERN WESTCHESTER HOSPITAL,2023-01-01,2023-12-31,162
330193,FLUSHING HOSPITAL MEDICAL CENTER,2023-01-01,2023-12-31,247
330203,CROUSE HOSPITAL,2023-01-01,2023-12-31,502
330205,ST ANTHONYS COMMUNITY HOSPITAL,2023-01-01,2023-12-31,60
330208,ST. JOHNS RIVERSIDE HOSPITAL,2023-01-01,2023-12-31,319
331310,ELLENVILLE REGIONAL HOSPITAL,2023-01-01,2023-12-31,25
373033,MERCY REHABILITATION HOSPITAL OKLAHO,2023-01-01,2023-12-31,66
374012,BROOKHAVEN MEADOWBROOK HOSPITAL,2023-01-01,2023-12-31,
420011,CANNON MEMORIAL HOSPITAL,2023-01-01,2023-12-31,42
431307,SANFORD MEDICAL CENTER CLEAR LAKE,2023-01-01,2023-12-31,10
441322,HOUSTON COUNTY COMMUNITY HOSPITAL,2023-01-01,2023-12-31,25
444005,BEHAVORIAL HEALTHCARE CENTERS,2023-01-01,2023-12-31,16
444031,KNOXVILLE CENTER FOR BEHAVIORAL MEDI,2023-01-01,2023-12-31,64
450694,EL CAMPO MEMORIAL HOSPITAL,2023-01-01,2023-12-31,26
450864,TEXAS SPINE AND JOINT HOSPITAL,2023-01-01,2023-12-31,20
490004,SENTARA RMH MEDICAL CENTER,2023-01-01,2023-12-31,238
490007,SENTARA NORFOLK GENERAL HOSPITAL,2023-01-01,2023-12-31,472
490013,HALIFAX REGIONAL HOSPITAL,2023-01-01,2023-12-31,44
490018,AUGUSTA MEDICAL CENTER,2023-01-01,2023-12-31,193
490037,SHORE MEMORIAL HOSPITAL,2023-01-01,2023-12-31,52
490044,SENTARA OBICI HOSPITAL,2023-01-01,2023-12-31,186
490046,SENTARA LEIGH HOSPITAL,2023-01-01,2023-12-31,274
490050,VIRGINIA HOSPITAL CENTER ARLINGTON,2023-01-01,2023-12-31,385
490052,RIVERSIDE REGIONAL MEDICAL CENTER,2023-01-01,2023-12-31,433
490057,SENTARA VA. BEACH GENERAL HOSPITAL,2023-01-01,2023-12-31,239
490066,SENTARA WILLIAMSBURG REGIONAL MEDICA,2023-01-01,2023-12-31,123
490067,BON SECOURS SOUTHSIDE MEDICAL CENTER,2023-01-01,2023-12-31,300
490075,DANVILLE REGIONAL MEDICAL CENTER,2023-01-01,2023-12-31,205
490077,SENTARA MARTHA JEFFERSON HOSPITAL,2023-01-01,2023-12-31,150
490093,SENTARA CAREPLEX HOSPITAL,2023-01-01,2023-12-31,169
670076,HERITAGE PARK SURGICAL HOSPITAL,2023-01-01,2023-12-31,12
673076,REHAB HOSPITAL OF FLOWER MOUND,2023-01-01,2023-12-31,29
50078,PROVIDENCE LTTL CO MARY MC SAN PEDRO,2023-01-01,2023-12-31,97
50224,HOAG MEMORIAL HOSPITAL PRESBYTERIAN,2023-01-01,2023-12-31,512
50232,FRENCH HOSPITAL MEDICAL CENTER,2023-01-01,2023-12-31,98
50235,PROVIDENCE ST JOSEPH MEDICAL CENTER,2023-01-01,2023-12-31,368
50236,ADVENTIST HEALTH SIMI VALLEY,2023-01-01,2023-12-31,144
50239,ADVENTIST HEALTH GLENDALE,2023-01-01,2023-12-31,323
50335,ADVENTIST HEALTH SONORA,2023-01-01,2023-12-31,84
50352,BARTON MEMORIAL HOSPITAL,2023-01-01,2023-12-31,63
50357,GOLETA VALLEY COTTAGE HOSPITAL,2023-01-01,2023-12-31,24
50396,SANTA BARBARA COTTAGE HOSPITAL,2023-01-01,2023-12-31,362
50407,CHINESE HOSPITAL,2023-01-01,2023-12-31,73
50411,KFH - SOUTH BAY,2023-01-01,2023-12-31,257
50425,KFH - SACRAMENTO,2023-01-01,2023-12-31,283
50455,ADVENTIST HEALTH BAKERSFIELD,2023-01-01,2023-12-31,254
50570,FOUNTAIN VALLEY REG MEDICAL CENTER,2023-01-01,2023-12-31,400
50761,PROVIDENCE CEDARS-SINAI TARZANA MEDI,2023-01-01,2023-12-31,204
61316,SPANISH PEAKS REGIONAL HEALTH,2023-01-01,2023-12-31,20
70005,WATERBURY HOSPITAL,2023-01-01,2023-12-31,235
70012,ROCKVILLE GENERAL HOSPITAL  INC.,2023-01-01,2023-12-31,102
70027,MANCHESTER MEMORIAL HOSPITAL,2023-01-01,2023-12-31,123
100151,MAYO CLINIC FLORIDA,2023-01-01,2023-12-31,307
103046,ARCHER REHABILITATION  LLC,2023-01-01,2023-12-31,60
130065,MOUNTAIN VIEW HOSPITAL,2023-01-01,2023-12-31,43
140231,EDWARD HOSPITAL,2023-01-01,2023-12-31,294
190251,SURGICAL SPECIALTY CENTER BATON ROUG,2023-01-01,2023-12-31,16
191314,MADISON PARISH HOSPITAL,2023-01-01,2023-12-31,19
194086,OCEANS BEHAVIORAL HOSPITAL OF BATON,2023-01-01,2023-12-31,60
194096,OCEANS BEHAVIORAL HOSPITAL OF ALEXAN,2023-01-01,2023-12-31,24
194116,LOUISIANA BEHAVIORAL HEALTH,2023-01-01,2023-12-31,89
240141,FAIRVIEW NORTHLAND REG,2023-01-01,2023-12-31,34
240166,MAYO CLINIC HEALTH SYSTEM-FAIRMONT,2023-01-01,2023-12-31,37
240207,FAIRVIEW RIDGES HOSPITAL,2023-01-01,2023-12-31,172
241315,SANFORD MEDICAL CENTER JACKSON,2023-01-01,2023-12-31,14
273025,REHABILITATION HOSPITAL OF MONTANA,2023-01-01,2023-12-31,34
291306,CARSON VALLEY MEDICAL CENTER,2023-01-01,2023-12-31,23
291311,DESERT VIEW REGIONAL MEDICAL CENTER,2023-01-01,2023-12-31,25
310050,ST. CLARES  HOSPITAL,2023-01-01,2023-12-31,242
310070,ST. PETERS UNIVERSITY HOSPITAL,2023-01-01,2023-12-31,352
330006,ST. JOSEPHS MEDICAL CENTER,2023-01-01,2023-12-31,122
330056,THE BROOKLYN HOSPITAL CENTER,2023-01-01,2023-12-31,236
330086,THE MOUNT VERNON HOSPITAL,2023-01-01,2023-12-31,63
330393,STONY BROOK UNIVERSITY HOSPITAL,2023-01-01,2023-12-31,725
351329,SANFORD HILLSBORO,2023-01-01,2023-12-31,16
360080,EAST OHIO HOSPITAL  LLC,2023-01-01,2023-12-31,28
360098,LAKE HOSPITAL SYSTEM,2023-01-01,2023-12-31,257
360133,KETTERING HEALTH DAYTON,2023-01-01,2023-12-31,316
360148,POMERENE HOSPITAL,2023-01-01,2023-12-31,41
360155,SOUTHWEST GENERAL HEALTH CENTER,2023-01-01,2023-12-31,199
360159,ADENA REGIONAL MEDICAL CENTER,2023-01-01,2023-12-31,223
360197,MARY RUTAN HOSPITAL,2023-01-01,2023-12-31,39
361301,COMMUNITY MEMORIAL HOSPITAL,2023-01-01,2023-12-31,25
361314,H B MAGRUDER MEMORIAL HOSPITAL,2023-01-01,2023-12-31,25
361322,BLUFFTON HOSPITAL,2023-01-01,2023-12-31,25
431333,SANFORD MEDICAL CENTER CANTON,2023-01-01,2023-12-31,11
454154,OCEANS BEHAVIORAL HOSPITAL AMARILLO,2023-01-01,2023-12-31,28
490113,SENTARA NORTHERN VIRGINIA MED CTR,2023-01-01,2023-12-31,147
490119,SENTARA PRINCESS ANNE HOSPITAL,2023-01-01,2023-12-31,174
490130,RIVERSIDE WALTER REED,2023-01-01,2023-12-31,67
490143,RIVERSIDE DOCTORS HOSPITAL WILLIAMSB,2023-01-01,2023-12-31,40
490147,INOVA SPECIALTY HOSPITAL,2023-08-08,2024-03-31,32
493027,RIVERSIDE REHABILITATION INSTITUTE,2023-01-01,2023-12-31,50
494032,THE PAVILION AT WILLIAMSBURG PLACE,2023-01-01,2023-12-31,66
510001,WEST VIRGINIA UNIVERSITY HOSPITALS,2023-01-01,2023-12-31,716
510030,DAVIS MEMORIAL HOSPITAL,2023-01-01,2023-12-31,90
510038,STONEWALL JACKSON MEMORIAL HOSPITAL,2023-01-01,2023-12-31,49
511312,PRESTON MEMORIAL HOSPITAL,2023-01-01,2023-12-31,25
511319,JEFFERSON MEMORIAL HOSPITAL,2023-01-01,2023-12-31,25
520038,AURORA MEDICAL CENTER - HARTFORD,2023-01-01,2023-12-31,35
520059,MEMORIAL HOSPITAL OF BURLINGTON,2023-01-01,2023-12-31,33
520102,AURORA LAKELAND MEDICAL CENTER,2023-01-01,2023-12-31,62
673074,TEMPLE REHABILITATION HOSPITAL,2023-03-01,2023-12-31,36
21306,PROV. KODIAK ISLAND MEDICAL CENTER,2023-01-01,2023-12-31,24
30065,BANNER DESERT MEDICAL CENTER,2023-01-01,2023-12-31,629
44019,SPRINGWOODS BEHAVIORAL,2023-01-01,2023-12-31,80
50047,CALIFORNIA PACIFIC MEDICAL CENTER,2023-01-01,2023-12-31,274
50515,KFH - SAN DIEGO,2023-01-01,2023-12-31,596
50690,KFH - SANTA ROSA,2023-01-01,2023-12-31,172
50704,MISSION COMMUNITY HOSPITAL,2023-01-01,2023-12-31,145
50726,STANISLAUS SURGICAL,2023-01-01,2023-12-31,23
50739,CENTINELA HOSPITAL MEDICAL CENTER,2023-01-01,2023-12-31,257
50755,SHERMAN OAKS HOSPITAL-HLTH,2023-01-01,2023-12-31,112
50758,MONTCLAIR HOSPITAL MEDICAL CENTER,2023-01-01,2023-12-31,106
50760,KFH - ANTIOCH,2023-01-01,2023-12-31,144
50765,KFH - MORENO VALLEY,2023-01-01,2023-12-31,100
50767,KFH - VACAVILLE,2023-01-01,2023-12-31,144
50784,ADVENTIST HEALTH TULARE,2023-01-01,2023-12-31,73
61307,RANGELY DISTRICT HOSPITAL,2023-01-01,2023-12-31,20
61318,KREMMLING MEMORIAL HOSPITAL DISTRICT,2023-01-01,2023-12-31,22
92003,SPEC HOSPITAL WASHINGTON HADLEY,2023-01-01,2023-12-31,82
100014,ADVENTHEALTH NEW SMYRNA BEACH,2023-01-01,2023-12-31,109
100045,ADVENTHEALTH DELAND,2023-01-01,2023-12-31,142
100072,ADVENTHEALTH FISH MEMORIAL,2023-01-01,2023-12-31,253
103039,BROOKS REHABILITATION,2023-01-01,2023-12-31,209
140010,NORTHSHORE UNIVERSITY HEALTHSYSTEM,2023-01-01,2023-12-31,674
140101,MORRIS HOSPITAL,2023-01-01,2023-12-31,89
140147,RICHLAND MEMORIAL HOSPITAL,2023-01-01,2023-12-31,47
140289,ANDERSON HOSPITAL,2023-01-01,2023-12-31,144
150022,FRANCISCAN HEALTH CRAWFORDSVILLE,2023-01-01,2023-12-31,29
150045,PARKVIEW - DEKALB HEALTH,2023-01-01,2023-12-31,48
150065,SCHNECK MEDICAL CENTER,2023-01-01,2023-12-31,52
150086,ST ELIZABETH DEARBORN,2023-01-01,2023-12-31,50
150112,COLUMBUS REGIONAL HOSPITAL,2023-01-01,2023-12-31,213
151332,DECATUR CO. MEMORIAL HOSPITAL,2023-01-01,2023-12-31,25
171333,CLARA BARTON HOSPITAL ASSOCIATION,2023-01-01,2023-12-31,17
171336,NESS COUNTY HOSPITAL DISTRICT #2,2023-01-01,2023-12-31,25
190060,LAKE CHARLES MEMORIAL HOSPITAL,2023-01-01,2023-12-31,227
193078,SAGE REHAB HOSPITAL,2023-01-01,2023-12-31,20
200020,YORK HOSPITAL,2023-01-01,2023-12-31,54
200031,CARY MEDICAL CENTER,2023-01-01,2023-12-31,49
201311,DOWN EAST COMMUNITY HOSPITAL,2023-01-01,2023-12-31,25
220017,STEWARD CARNEY HOSPITAL  INC,2023-01-01,2023-12-31,106
220036,STEWARD ST. ELIZABETHS MEDICAL CTR,2023-01-01,2023-12-31,244
220073,MORTON HOSPITAL,2023-01-01,2023-12-31,125
220080,STEWARD HOLY FAMILY HOSPITAL,2023-01-01,2023-12-31,293
220111,GOOD SAMARITAN MEDICAL CENTER,2023-01-01,2023-12-31,208
230005,PROMEDICA HICKMAN HOSPITAL,2023-01-01,2023-12-31,58
230022,COMMUNITY HEALTH CENTER BRANCH,2023-01-01,2023-12-31,75
230099,MONROE REGIONAL HOSPITAL,2023-01-01,2023-12-31,147
240187,HUTCHINSON HEALTH CARE,2023-01-01,2023-12-31,37
241306,OLIVIA  HOSPITAL AND CLINICS,2023-01-01,2023-12-31,16
241308,LAKE VIEW MEMORIAL HOSPITAL,2023-01-01,2023-12-31,16
241311,SIBLEY MEDICAL CENTER,2023-01-01,2023-12-31,20
241316,NORTHERN ITASCA HOSPITAL DISTRICT,2023-01-01,2023-12-31,20
241329,LAKEWOOD HEALTH SYSTEM,2023-01-01,2023-12-31,25
251300,S.E. LACKEY MEMORIAL HOSPITAL,2023-01-01,2023-12-31,25
271343,PROVIDENCE ST JOSEPH MEDICAL CTR,2023-01-01,2023-12-31,22
280125,FAITH REGIONAL HEALTH SERVICES,2023-01-01,2023-12-31,122
310118,HUDSON REGIONAL HOSPITAL,2023-01-01,2023-12-31,102
313027,LAWRENCE REHAB HOSPITAL,2023-02-01,2023-12-31,60
314020,ESSEX COUNTY HOSPITAL CENTER,2023-01-01,2023-12-31,180
320011,ESPANOLA HOSPITAL,2023-01-01,2023-12-31,70
320086,LOVELACE REGIONAL HOSPITAL-ROSWELL,2023-01-01,2023-12-31,27
320090,SANTA FE MEDICAL CENTER,2023-01-01,2023-12-31,36
330019,NY COMMUNITY HOSPITAL OF BROOKLYN (D,2023-01-01,2023-12-31,134
330043,SOUTH SHORE UNIVERSITY HOSPITAL,2023-01-01,2023-12-31,312
330079,ADIRONDACK MEDICAL CENTER,2023-01-01,2023-12-31,83
330090,ARNOT-OGDEN MEDICAL CENTER,2023-01-01,2023-12-31,191
330107,PECONIC BAY MEDICAL CENTER,2023-01-01,2023-12-31,130
330154,MEMORIAL HOSPITAL FOR CANCER AND ALL,2023-01-01,2023-12-31,514
330222,SARATOGA HOSPITAL,2023-01-01,2023-12-31,171
330304,WHITE PLAINS HOSPITAL,2023-01-01,2023-12-31,292
331318,CARTHAGE AREA HOSPITAL,2023-01-01,2023-12-31,25
340001,ATRIUM HEALTH CABARRUS,2023-01-01,2023-12-31,447
340004,HIGH POINT MEDICAL CENTER,2023-01-01,2023-12-31,288
340014,FORSYTH MEMORIAL HOSPITAL  INC,2023-01-01,2023-12-31,906
340021,ATRIUM HEALTH CLEVELAND,2023-01-01,2023-12-31,308
340047,NORTH CAROLINA BAPTIST HOSPITAL,2023-01-01,2023-12-31,813
340084,ATRIUM HEALTH ANSON,2023-01-01,2023-12-31,15
340190,NOVANT HEALTH MINT HILL MEDICAL CTR,2023-01-01,2023-12-31,36
344030,STRATEGIC BEHAVIORAL CENTER LELAND,2023-01-01,2023-12-31,40
360150,WESTERN RESERVE HOSPITAL,2023-01-01,2023-12-31,83
360239,KETTERING HEALTH MIAMISBURG,2023-01-01,2023-12-31,168
360245,GLENBEIGH HEALTH SOURCES,2023-01-01,2023-12-31,114
360270,MERCY HOSPITAL OF DEFIANCE  LLC,2023-01-01,2023-12-31,23
361304,GREENFIELD AREA MEDICAL CENTER,2023-01-01,2023-12-31,25
370212,OK CENTER FOR ORTHOPEDIC & MULTI,2023-01-01,2023-12-31,9
390116,SUBURBAN COMMUNITY HOSPITAL,2023-01-01,2023-12-31,111
390322,ROTHMAN ORTHOPAEDIC SPECIALTY HOSPIT,2023-01-01,2023-12-31,24
410004,ROGER WILLIAMS MEDICAL CENTER,2023-01-01,2023-12-31,148
410005,OUR LADY OF FATIMA HOSPITAL,2023-01-01,2023-12-31,185
440020,SO TENN REG MED CTR OF PULASKI,2023-01-01,2023-12-31,81
450855,HARLINGEN MEDICAL CENTER,2023-01-01,2023-12-31,112
452091,TYLER CONTINUECARE HOSPITAL,2023-01-01,2023-12-31,51
454110,OCEANS BEHAV HOSP OF PERMIAN BASIN,2023-01-01,2023-12-31,62
460049,THE ORTHOPEDIC SPECIALTY HOSPITAL,2023-01-01,2023-12-31,14
500015,MULTICARE AUBURN MEDICAL CENTER,2023-01-01,2023-12-31,84
521337,ST CROIX REGIONAL MEDICAL CENTER,2023-07-01,2023-12-31,25
670285,KINGWOOD EMERGENCY HOSPITAL,2023-01-01,2023-12-31,6
30014,HONORHEALTH JOHN C. LINCOLN MED CTR,2023-01-01,2023-12-31,239
30087,HONORHEALTH SCOTTSDALE SHEA MED CTR,2023-01-01,2023-12-31,427
30092,HONORHEALTH DEER VALLEY MED CTR,2023-01-01,2023-12-31,204
41330,PIGGOTT COMMUNITY HOSPITAL,2023-01-01,2023-12-31,25
50723,KFH - BALDWIN PARK,2023-01-01,2023-12-31,271
50746,ORANGE COUNTY GLOBAL MEDICAL CENTER,2023-01-01,2023-12-31,254
60114,ADVENTHEALTH PARKER HOSPITAL,2023-01-01,2023-12-31,162
100176,PALM BEACH GARDENS,2023-01-01,2023-12-31,199
102021,BAYCARE ALLIANT HOSPITAL,2023-01-01,2023-12-31,48
120011,KFH-HAWAII,2023-01-01,2023-12-31,276
130063,TREASURE VALLEY HOSPITAL,2023-01-01,2023-12-31,28
150061,DAVIESS COMMUNITY HOSPITAL,2023-01-01,2023-12-31,42
152014,SSH - EVANSVILLE  LLC.,2023-01-01,2023-12-31,60
163026,MERCY IOWA CITY REHABILITATION HOSPI,2023-01-01,2023-12-31,40
190050,BEAUREGARD MEMORIAL HOSPITAL  INC.,2022-11-01,2023-10-31,49
190245,MONROE SURGICAL HOSPITAL,2023-01-01,2023-12-31,10
190259,LAFAYETTE SURGICAL SPECIALTY HOSPITA,2023-01-01,2023-12-31,20
190313,NEW ORLEANS EAST HOSPITAL,2023-01-01,2023-12-31,40
194080,BEACON BEH HOSP NORTHSHORE,2023-01-01,2023-12-31,22
210060,FORT WASHINGTON MEDICAL CENTER,2023-01-01,2023-12-31,34
240004,HENNEPIN COUNTY MEDICAL CENTER,2023-01-01,2023-12-31,347
241369,UNITED HOSPITAL DISTRICT,2023-01-01,2023-12-31,24
251323,OCHSNER SCOTT REGIONAL,2023-01-01,2023-12-31,25
252004,OCHSNER SPECIALTY HOSPITAL,2023-01-01,2023-12-31,49
310003,PALISADES MEDICAL CENTER,2023-01-01,2023-12-31,186
310028,NEWTON MEDICAL CENTER,2023-01-01,2023-12-31,139
310051,OVERLOOK MEDICAL CENTER,2023-01-01,2023-12-31,442
310054,MOUNTAINSIDE HOSPITAL,2023-01-01,2023-12-31,193
321301,SOCORRO GENERAL HOSPITAL,2023-01-01,2023-12-31,24
330100,NEW YORK EYE AND EAR INFIRMARY,2023-01-01,2023-12-31,15
330160,STATEN ISLAND UNIVERSITY HOSPITAL,2023-01-01,2023-12-31,544
330181,GLEN COVE HOSPITAL,2023-01-01,2023-12-31,57
330218,OSWEGO HOSPITAL,2023-01-01,2023-12-31,132
330307,CAYUGA MEDICAL CENTER AT ITHACA,2023-01-01,2023-12-31,89
330411,UNITY SPECIALITY HOSPITAL,2023-01-01,2023-12-31,
331313,SCHUYLER HOSPITAL,2023-01-01,2023-12-31,25
340049,NORTH CAROLINA SPECIALTY HOSPITAL,2023-01-01,2023-12-31,18
340064,WRMC HOSPITAL OPERATING CORPORATION,2023-01-01,2023-12-31,77
340096,LEXINGTON MEMORIAL HOSPITAL  INC.,2023-01-01,2023-12-31,70
340098,ATRIUM HEALTH PINEVILLE,2023-01-01,2023-12-31,352
340109,SENTARA ALBEMARLE REGL MED CTR LLC,2023-01-01,2023-12-31,98
340113,CAROLINAS MEDICAL CENTER,2023-01-01,2023-12-31,1191
340119,ATRIUM HEALTH STANLY,2023-01-01,2023-12-31,97
340130,ATRIUM HEALTH UNION,2023-01-01,2023-12-31,183
340145,ATRIUM HEALTH LINCOLN,2023-01-01,2023-12-31,101
340148,MEDICAL PARK HOSPITAL,2023-01-01,2023-12-31,22
340158,BRUNSWICK MEDICAL CENTER,2023-01-01,2023-12-31,65
340166,ATRIUM HEALTH UNIVERSITY CITY,2023-01-01,2023-12-31,104
341307,PENDER MEMORIAL HOSPITAL,2023-01-01,2023-12-31,25
343026,CAROLINAS REHABILITATION,2023-01-01,2023-12-31,150
344032,TRIANGLE SPRINGS,2023-01-01,2023-12-31,77
351326,FIRST CARE HEALTH CENTER,2023-01-01,2023-12-31,14
370206,OKLAHOMA SPINE HOSPITAL,2023-01-01,2023-12-31,23
380004,PROVIDENCE ST. VINCENT MEDICAL CTR,2023-01-01,2023-12-31,510
380060,ADVENTIST MEDICAL CENTER-PORTLAND,2023-01-01,2023-12-31,168
380061,PROVIDENCE PORTLAND MEDICAL CENTER,2023-01-01,2023-12-31,391
400115,HOSPITAL WILMA N VAZQUEZ,2023-01-01,2023-12-31,98
400132,DOCTORS CENTER HOSPITAL CAROLINA,2023-01-01,2023-12-31,109
430008,BROOKINGS HEALTH SYSTEM,2023-01-01,2023-12-31,49
450090,NORTH TEXAS MEDICAL CENTER,2023-01-01,2023-12-31,35
450834,THE PHYSICIAN CENTRE,2023-01-01,2023-12-31,16
450876,LUBBOCK HEART HOSPITAL,2023-01-01,2023-12-31,73
450891,PRESBYTERIAN PLANO CENTER DIAG SRVCS,2023-01-01,2023-12-31,18
451328,RICELAND MEDICAL CENTER,2023-01-01,2023-12-31,25
451349,SWISHER MEMORIAL HEALTHCARE SYSTEM,2023-01-01,2023-12-31,20
451370,TMC BONHAM HOSPITAL,2023-01-01,2023-12-31,25
451376,LAVACA MEDICAL CENTER,2023-01-01,2023-12-31,25
452087,SSH - LONGVIEW  INC.,2023-01-01,2023-12-31,32
454134,HAVEN BEHAVIORAL HOSPITAL OF FRISCO,2023-01-01,2023-12-31,70
454141,PALMS BEHAVIORAL HEALTH,2023-01-01,2023-12-31,94
490063,INOVA FAIRFAX HOSPITAL,2023-01-01,2023-12-31,908
500024,PROVIDENCE ST. PETER HOSPITAL,2023-01-01,2023-12-31,302
531305,PLATTE COUNTY MEMORIAL HOSPITAL,2023-01-01,2023-12-31,25
670008,WEBSTER SURGICAL SPECIALTY HOSPITAL,2023-01-01,2023-12-31,20
670120,HOSPITALS OF PROV TRANSMOUNTAIN CAMP,2023-01-01,2023-12-31,108
673027,CENTRAL TEXAS REHABILITATION HOSPITA,2023-01-01,2023-12-31,50
673077,TEXAS REHABILITATION HOSPITAL OF KEL,2023-01-01,2023-12-31,36
10065,RUSSELL MEDICAL CENTER,2023-01-01,2023-12-31,45
10148,EVERGREEN MEDICAL CENTER,2023-01-01,2023-12-31,44
31314,COBRE VALLEY REG. MEDICAL CENTER,2023-01-01,2023-12-31,25
40114,BAPTIST HEALTH MEDICAL CENTER - LR,2023-01-01,2023-12-31,658
41333,SEVIER COUNTY MEDICAL CENTER,2023-08-07,2023-12-31,15
44021,WOODRIDGE OF WEST MEMPHIS LLC,2023-01-01,2023-12-31,
50008,CPMC-R.K. DAVIES MEDICAL CENTER,2023-01-01,2023-12-31,105
50014,SUTTER AMADOR HOSPITAL,2023-01-01,2023-12-31,52
50058,GLENDALE MEMORIAL HOSPITAL & HLTH CT,2023-01-01,2023-12-31,241
50063,HOLLYWOOD PRESBYTERIAN MEDICAL CNTR,2023-01-01,2023-12-31,317
50073,KFH - VALLEJO,2023-01-01,2023-12-31,184
50075,KFH - OAKLAND,2023-01-01,2023-12-31,365
50076,KFH - SAN FRANCISCO,2023-01-01,2023-12-31,239
50099,SAN ANTONIO REGIONAL HOSPITAL,2023-01-01,2023-12-31,363
50121,ADVENTIST HEALTH HANFORD,2023-01-01,2023-12-31,235
50133,ADVENTIST HEALTH AND RIDEOUT,2023-01-01,2023-12-31,209
50135,SO CALIF HOSPITAL AT HOLLYWOOD,2023-01-01,2023-12-31,545
50137,KFH - PANORAMA CITY,2023-01-01,2023-12-31,218
50417,SUTTER COAST HOSPITAL,2023-01-01,2023-12-31,39
50528,MEMORIAL HOSPITAL - LOS BANOS,2023-01-01,2023-12-31,26
50561,KFH - WEST LOS ANGELES,2023-01-01,2023-12-31,265
50588,SAN DIMAS COMMUNITY HOSPITAL,2023-01-01,2023-12-31,101
50604,KFH- SAN JOSE,2023-01-01,2023-12-31,221
50609,KFH - OC-ANAHEIM,2023-01-01,2023-12-31,526
50674,KFH - SOUTH SACRAMENTO,2023-01-01,2023-12-31,233
50686,KFH - RIVERSIDE,2023-01-01,2023-12-31,225
50854,ANAHEIM COMMUNITY HOSPITAL,2023-02-03,2023-12-31,98
61301,RIO GRANDE HOSPITAL,2023-01-01,2023-12-31,17
61320,GUNNISON VALLEY HOSPITAL,2023-01-01,2023-12-31,20
63301,CHILDRENS HOSPITAL COLORADO,2023-01-01,2023-12-31,497
100055,ADVENTHEALTH - NORTH PINELLAS,2023-01-01,2023-12-31,136
100268,WEST BOCA MEDICAL CENTER,2023-01-01,2023-12-31,195
100284,WESTCHESTER GENERAL HOSPITAL,2023-01-01,2023-12-31,98
104070,PORT ST LUCIE HOSPITAL,2023-01-01,2023-12-31,75
140030,ADVOCATE SHERMAN HOSPITAL,2023-01-01,2023-12-31,255
151313,WOODLAWN HOSPITAL,2023-01-01,2023-12-31,25
190005,UNIVERSITY MEDICAL CTR. AT NEW ORLEA,2023-01-01,2023-12-31,310
190255,PARK PLACE SURGERY CENTER,2023-01-01,2023-12-31,10
191307,DEQUINCY MEMORIAL HOSPITAL,2023-01-01,2023-12-31,19
193069,STERLINGTON CRITICAL ACCESS HOSPITAL,2023-01-01,2023-12-31,10
194084,BEACON BEHAVIORAL HOSPITAL N.O. INC,2023-01-01,2023-12-31,34
194088,ST. JAMES BEHAVIORAL HEALTH HOSP,2023-01-01,2023-12-31,32
210057,AHC SHADY GROVE MEDICAL CENTER,2023-01-01,2023-12-31,397
213029,ADVENTIST REHAB. HOSPT. OF MD,2023-01-01,2023-12-31,97
251316,OCHSNER WATKINS HOSPITAL,2023-01-01,2023-12-31,25
271325,ST LUKE COMMUNITY HOSPITAL,2023-01-01,2023-12-31,25
271334,LOGAN HEALTH CHESTER,2023-04-01,2023-12-31,25
271389,BIG SKY MEDICAL CENTER,2023-01-01,2023-12-31,8
310015,MORRISTOWN MEDICAL CENTER,2023-01-01,2023-12-31,712
310044,CAPITAL HEALTH MED CENTER - HOPEWELL,2023-01-01,2023-12-31,203
310045,ENGLEWOOD HOSPITAL & MED CTR,2023-01-01,2023-12-31,274
312018,THE REHAB HOSPITAL AT RARITAN BAY,2023-01-01,2023-12-31,76
314023,ASPEN HILLS HEALTHCARE CENTER,2023-01-01,2023-12-31,30
330195,LONG ISLAND JEWISH MEDICAL CENTER,2023-01-01,2023-12-31,1153
330215,ROME MEMORIAL HOSPITAL  INC.,2023-01-01,2023-12-31,79
330221,WYCKOFF HEIGHTS MEDICAL CENTER,2023-01-01,2023-12-31,240
330226,THE UNITY HOSPITAL OF ROCHESTER,2023-01-01,2023-12-31,283
330229,BROOKS-TLC HOSPITAL SYSTEM  INC.,2023-01-01,2023-12-31,61
330239,UPMC CHAUTAUQUA AT WCA,2023-01-01,2023-12-31,257
330241,UNIVERSITY HOSPITAL AT SYRACUSE,2023-01-01,2023-12-31,645
330261,PHELPS MEMORIAL HOSPITAL CENTER,2023-01-01,2023-12-31,111
330270,HOSPITAL FOR SPECIAL SURGERY,2023-01-01,2023-12-31,166
340141,NEW HANOVER REGIONAL MEDICAL CENTER,2023-01-01,2023-12-31,771
370054,GRADY MEMORIAL HOSPITAL,2023-01-01,2023-12-31,48
370172,CHOCTAW NATION HEALTH CARE CENTER,2022-10-01,2023-09-30,43
370192,NORTHWEST SURGICAL HOSPITAL,2023-01-01,2023-12-31,9
371328,ARBUCKLE MEMORIAL HOSPITAL,2023-01-01,2023-12-31,25
373025,VALIR REHAB HOSPITAL,2023-01-01,2023-12-31,50
380037,PROVIDENCE NEWBERG MEDICAL CENTER,2023-01-01,2023-12-31,40
381303,PROVIDENCE SEASIDE HOSPITAL,2023-01-01,2023-12-31,25
381317,TILLAMOOK REGIONAL MEDICAL CENTER,2023-01-01,2023-12-31,25
381318,HOOD RIVER MEMORIAL HOSPITAL,2023-01-01,2023-12-31,25
381324,ST CHARLES MADRAS,2023-01-01,2023-12-31,24
400118,DOCTOR CENTER HOSPITAL MANATI  INC.,2023-01-01,2023-12-31,257
450162,GRACE MEDICAL CENTER,2023-01-01,2023-12-31,92
450677,TEXAS HEALTH HUGULEY,2023-01-01,2023-12-31,213
450804,TEXAS ORTHOPEDIC HOSPITA,2023-01-01,2023-12-31,42
451307,IRAAN GENERAL HOSPITAL DISTRICT,2023-01-01,2023-12-31,14
454127,ROCK SPRINGS,2023-01-01,2023-12-31,72
454130,WELLBRIDGE HEALTHCARE GREATER DALLAS,2023-01-01,2023-12-31,48
454131,WESTPARK SPRINGS,2023-01-01,2023-12-31,72
500019,PROVIDENCE CENTRALIA HOSPITAL,2023-01-01,2023-12-31,113
500152,SWEDISH ISSAQUAH,2023-01-01,2023-12-31,167
501303,WILLAPA HARBOR HOSPITAL,2023-01-01,2023-12-31,10
501316,KLICKITAT VALLEY HEALTH,2023-01-01,2023-12-31,16
521334,THEDACARE MEDICAL CENTER - WAUPACA,2023-01-01,2023-12-31,25
530008,SAGE WEST HEALTH CARE,2023-01-01,2023-12-31,133
670006,THE HOSPITAL AT WESTLAKE MEDICAL CTR,2023-01-01,2023-12-31,23
670047,HOSPITALS OF PROVIDENCE EAST CAMPUS,2023-01-01,2023-12-31,218
670054,FOUNDATION SURGICAL OF SAN ANTONIO,2023-01-01,2023-12-31,20
30062,SUMMIT HEALTHCARE,2023-01-01,2023-12-31,89
40132,LEO N LEVI MEMORIAL HOSPITAL,2023-01-01,2023-12-31,1
50138,KFH - LOS ANGELES,2023-01-01,2023-12-31,492
50139,KFH - DOWNEY,2023-01-01,2023-12-31,424
50140,KFH - FONTANA,2023-01-01,2023-12-31,664
50179,EMANUEL MEDICAL CENTER,2023-01-01,2023-12-31,209
50714,SUTTER MATERNITY & SURGERY CENTER,2023-01-01,2023-12-31,28
50766,SUTTER SURGICAL HOSP - NORTH VALLEY,2023-01-01,2023-12-31,14
50772,KFH - ROSEVILLE,2023-01-01,2023-12-31,402
50776,COLLEGE MEDICAL CENTER,2023-01-01,2023-12-31,221
50777,KFH - SAN LEANDRO,2023-01-01,2023-12-31,216
51301,ADVENTIST HEALTH TEHACHAPI VALLEY,2023-01-01,2023-12-31,25
51306,GLENN MEDICAL CENTER,2023-01-01,2023-12-31,25
51310,HOWARD MEMORIAL HOSPITA,2023-01-01,2023-12-31,25
51317,ADVENTIST HEALTH CLEARLAKE,2023-01-01,2023-12-31,25
51325,ADVENTIST HEALTH MENDOCINO COAST,2023-01-01,2023-12-31,25
51329,SUTTER LAKESIDE HOSPITAL,2023-01-01,2023-12-31,25
51331,SANTA YNEZ VALLEY COTTAGE HOSPITAL,2023-01-01,2023-12-31,11
51338,COALINGA REGIONAL MEDICAL CENTER,2023-01-01,2023-12-31,22
61311,SOUTHEAST COLORADO HOSPITAL,2023-01-01,2023-12-31,15
61324,ASPEN VALLEY HOSPITAL DISTRICT,2023-01-01,2023-12-31,25
100046,ADVENTHEALTH ZEPHYRHILLS,2023-01-01,2023-12-31,149
100105,INDIAN RIVER MEMORIAL HOSPITA.L,2023-01-01,2023-12-31,310
100173,ADVENTHEALTH TAMPA,2023-01-01,2023-12-31,596
100289,CCF HOSPITAL - WESTON,2023-01-01,2023-12-31,260
101308,NORTHWEST FLORIDA COMMUNITY HOSPITAL,2023-01-01,2023-12-31,25
103051,TAMPA GENERAL REHABILIATION HOSPITAL,2023-01-01,2023-12-31,80
103301,NICKLAUS CHILDRENS HOSPITAL,2023-01-01,2023-12-31,278
140077,TOUCHETTE REGIONAL HOSPITAL,2023-01-01,2023-12-31,127
140091,CARLE FOUNDATION HOSPITAL,2023-01-01,2023-12-31,469
150051,IU HEALTH BLOOMINGTON HOSPITAL,2023-01-01,2023-12-31,190
150059,RIVERVIEW HOSPITAL,2023-01-01,2023-12-31,121
150072,MEMORIAL HOSPITAL LOGANSPORT,2023-01-01,2023-12-31,37
150165,FRANCISCAN HEALTH MUNSTER,2023-01-01,2023-12-31,78
150173,IU HEALTH ARNETT HOSPITAL,2023-01-01,2023-12-31,192
151306,IU HEALTH PAOLI HOSPITAL,2023-01-01,2023-12-31,24
151311,IU HEALTH TIPTON HOSPITAL,2023-01-01,2023-12-31,25
151312,IU HEALTH WHITE HOSPITAL,2023-01-01,2023-12-31,24
151328,INDIANA UNIVERSITY HEALTH BEDFORD,2023-01-01,2023-12-31,25
151330,ADAMS MEMORIAL HOSPITAL,2023-01-01,2023-12-31,25
154041,BHC MEADOWS HOSPITAL,2023-01-01,2023-12-31,78
161366,SHENANDOAH MEDICAL CENTER,2023-01-01,2023-12-31,25
163025,MERCYONE REHABILITATION HOSPITAL DES,2023-01-01,2023-12-31,50
171312,COMANCHE COUNTY HOSPITAL,2023-01-01,2023-12-31,12
171317,EDWARDS COUNTY HOSPITAL,2023-01-01,2023-12-31,12
171335,STEVENS COUNTY HOSPITAL,2023-01-01,2023-12-31,17
171362,CITIZENS MEDICAL CENTER,2023-01-01,2023-12-31,23
171365,HANOVER HOSPITAL,2023-01-01,2023-12-31,25
171371,CLAY COUNTY MEDICAL CENTER,2023-01-01,2023-12-31,20
190034,ABBEVILLE GENERAL HOSPITAL,2023-01-01,2023-12-31,44
192029,LTAC OF LOUISIANA  LLC,2023-01-01,2023-12-31,18
194094,PHYSICIANS BEHAVIORAL HOSPITAL OF SH,2023-01-01,2023-12-31,42
194109,COMPASS BEHAVIORAL HEALTH CENTER OF,2023-01-01,2023-12-31,20
210016,AHC WHITE OAK MEDICAL CENTER,2023-01-01,2023-12-31,220
230047,HENRY FORD HEALTH MACOMB HOSPITAL,2023-01-01,2023-12-31,318
231303,SCHOOLCRAFT MEMORIAL HOSPITAL,2023-01-01,2023-12-31,12
231332,BRONSON LAKEVIEW HOSPITAL,2023-01-01,2023-12-31,16
260200,SSM HEALTH ST. JOSEPH HOSPITAL - LSL,2023-01-01,2023-12-31,179
261324,CASS REGIONAL MEDICAL CENTER,2023-01-01,2023-12-31,25
281328,MERRICK MEDICAL CENTER,2023-01-01,2023-12-31,6
281354,CRETE AREA MEDICAL CENTER,2023-01-01,2023-12-31,15
310005,HUNTERDON MEDICAL CENTER,2023-01-01,2023-12-31,184
310131,HACKENSACK MERIDIAN LTACH,2022-11-22,2023-12-31,30
320022,PLAINS REGIONAL MEDICAL CTR - CLOVIS,2023-01-01,2023-12-31,100
321302,DR. DAN C. TRIGG,2023-01-01,2023-12-31,25
330009,BRONXCARE HEALTH SYSTEM,2023-01-01,2023-12-31,454
330350,UNIVERSITY HOSPITAL OF BROOKLYN,2023-01-01,2023-12-31,268
350019,ALTRU HEALTH SYSTEM-ALTRU HOSPITAL,2023-01-01,2023-12-31,198
374025,OAKWOOD SPRINGS,2023-01-01,2023-12-31,72
390070,LOWER BUCKS HOSPITAL,2023-01-01,2023-12-31,105
394052,HAVEN BEHAVIORAL SVCS OF READING LLC,2023-01-01,2023-12-31,86
400006,DOCTORS CENTER HOSPITAL SAN JUAN I,2023-01-01,2023-12-31,110
400126,HOSP. METROPOLITANO DE SAN GERMAN,2023-01-01,2023-12-31,57
431334,WINNER REGIONAL HEALTHCARE CENTER,2023-01-01,2023-12-31,25
450656,NACOGDOCHES MEDICAL CENTER,2023-01-01,2023-12-31,155
461305,MILFORD  MEMORIAL HOSPITAL,2023-01-01,2023-12-31,23
500027,SWEDISH MEDICAL CENTER,2023-01-01,2023-12-31,603
500036,YAKIMA VALLEY MEMORIAL HOSPITAL,2023-01-01,2023-12-31,208
501309,PROVIDENCE ST JOSEPHS HOSPITAL,2023-01-01,2023-12-31,23
501312,PROSSER MEMORIAL HEALTH,2023-01-01,2023-12-31,25
501317,COLUMBIA BASIN HOSPITAL,2023-01-01,2023-12-31,25
501318,OTHELLO COMMUNITY HOSPITAL,2023-01-01,2023-12-31,16
501319,ARBOR HEALTH MORTON HOSPITAL,2023-01-01,2023-12-31,25
510024,MONONGALIA GENERAL HOSPITAL,2023-01-01,2023-12-31,160
650003,GUAM REGIONAL MEDICAL CITY,2023-01-01,2023-12-31,120
10069,MEDICAL CENTER BARBOUR,2023-01-01,2023-12-31,30
30107,AZ SPINE & JOINT HOSPITAL,2023-01-01,2023-12-31,23
50007,MILLS PENINSULA MEDICAL CENTER,2023-01-01,2023-12-31,241
50043,SUMMIT MEDICAL CENTER,2023-01-01,2023-12-31,251
50055,CPMC - MISSION BERNAL CAMPUS,2023-01-01,2023-12-31,120
50101,SUTTER SOLANO MEDICAL CENTER,2023-01-01,2023-12-31,106
50192,ADVENTIST HEALTH REEDLEY,2023-01-01,2023-12-31,49
50498,SUTTER AUBURN FAITH HOSPITAL,2023-01-01,2023-12-31,64
50517,VICTOR VALLEY GLOBAL MEDICAL CENTER,2023-01-01,2023-12-31,101
50523,SUTTER DELTA MEDICAL CENTER,2023-01-01,2023-12-31,119
50537,SUTTER DAVIS HOSPITAL,2023-01-01,2023-12-31,57
50783,COLUSA MEDICAL CENTER,2023-01-01,2023-12-31,42
51320,BANNER LASSEN MEDICAL CENTER,2023-01-01,2023-12-31,25
54055,COLLEGE HOSPITAL  INC,2023-01-01,2023-12-31,187
54075,ALVARADO PARKWAY INSTITUTE,2023-01-01,2023-12-31,66
54096,SUTTER CENTER FOR PSYCHIATRY,2023-01-01,2023-12-31,73
54157,GLENDORA HOSPITAL,2023-01-01,2023-12-31,63
63036,DENVER REHABILITATION HOSPITAL  LLC,2023-01-01,2023-12-31,40
92002,SPECIALTY HOSPITAL OF WASHINGTON,2023-01-01,2023-12-31,60
100050,LARKIN HOSP PALM SPRINGS CAMPUS  LLC,2023-01-01,2023-12-31,119
100052,WINTER HAVEN HOSPITAL,2023-01-01,2023-12-31,455
100267,ENGLEWOOD COMMUNITY HOSPITAL,2023-01-01,2023-12-31,100
103036,WEST GABLES REHABILITATION HOSPITAL,2023-01-01,2023-12-31,90
110089,COFFEE REGIONAL MEDICAL CENTER,2023-01-01,2023-12-31,82
120002,MAUI MEMORIAL MEDICAL CENTER,2023-01-01,2023-12-31,219
140049,WEST SUBURBAN HOSP MED CTR,2023-05-01,2023-12-31,135
170109,MIAMI COUNTY MEDICAL CENTER,2023-01-01,2023-12-31,18
170120,LABETTE COUNTY MEDICAL CENTER,2023-01-01,2023-12-31,49
184017,RIVENDELL BEHAVIORAL HEALTH SRVCS KY,2023-01-01,2023-12-31,81
194087,FREEDOM BEHAVIORAL HOSPITAL OF MONRO,2023-01-01,2023-12-31,42
270012,BENEFIS HOSPITALS  INC.,2023-01-01,2023-12-31,312
270057,BOZEMAN DEACONESS HEALTH SERVICES,2023-01-01,2023-12-31,139
290009,ST MARYS REGIONAL MEDICAL CENTER,2023-01-01,2023-12-31,356
310047,SHORE MEMORIAL HOSPITAL,2023-01-01,2023-12-31,199
310096,ST. MICHAELS MEDICAL CENTER,2023-01-01,2023-12-31,147
320089,UNM SANDOVAL REGIONAL MEDICAL CENTER,2023-07-01,2023-12-31,64
363308,SHRINERS HOSPITALS FOR CHILDREN - C,2023-01-01,2023-12-31,
380075,PROVIDENCE MEDFORD MEDICAL CENTER,2023-01-01,2023-12-31,100
380091,KAISER SUNNYSIDE MEDICAL CENTER,2023-01-01,2023-12-31,302
380103,KAISER WESTSIDE MEDICAL CENTER,2023-01-01,2023-12-31,122
400022,HOSPITAL DAMAS,2023-01-01,2023-12-31,128
450128,KNAPP MEDICAL  CENTER,2023-01-01,2023-12-31,154
450422,BAYLOR MEDICAL CENTER AT UPTOWN,2023-01-01,2023-12-31,24
450856,SOUTH TX SPINE & SURGICAL HOSPITAL,2023-01-01,2023-12-31,28
450880,BAYLOR SURGICAL HOSPITAL AT FORT WOR,2023-01-01,2023-12-31,30
454101,ALLEGIANCE BEHAVIORAL CTR OF PLAINVI,2023-01-01,2023-12-31,20
500002,PROV ST MARY MEDICAL CENTER,2023-01-01,2023-12-31,95
500016,CONFLUENCE HEALTH,2023-01-01,2023-12-31,187
501322,FERRY COUNTY MEMORIAL HOSPITAL,2023-01-01,2023-12-31,25
501324,THREE RIVERS HOSPITAL,2023-01-01,2023-12-31,25
501327,WHITMAN HOSPITAL & MEDICAL CENTER,2023-01-01,2023-12-31,25
501331,PULLMAN REGIONAL HOSPITAL,2023-01-01,2023-12-31,25
501336,MASON GENERAL HOSPITAL,2023-01-01,2023-12-31,25
520196,OAK LEAF SURGICAL HOSPITAL LLC,2023-01-01,2023-12-31,13
521318,LADD MEMORIAL HOSPTIAL,2023-01-01,2023-12-31,25
524041,WILLOW CREEK BEHAVIORAL HEALTH,2023-01-01,2023-12-31,72
670060,BAYLOR SCOTT AND WHITE MC AT SUNNYVA,2023-01-01,2023-12-31,70
10022,CHEROKEE MEDICAL CENTER,2023-01-01,2023-12-31,45
10046,RIVERVIEW REGIONAL MEDICAL CENTER,2023-01-01,2023-12-31,256
10144,SPRINGHILL MEMORIAL HOSPITAL,2023-01-01,2023-12-31,189
20012,FAIRBANKS MEMORIAL,2023-01-01,2023-12-31,122
30061,BANNER BOSWELL MEDICAL CENTER,2023-01-01,2023-12-31,410
40072,BHMC- STUTTGART,2023-01-01,2023-12-31,49
40085,HELENA REGIONAL MEDICAL CENTER,2023-01-01,2023-12-04,118
50126,VALLEY PRESBYTERIAN HOSPITAL,2023-01-01,2023-12-31,333
50131,NOVATO COMMUNITY HOSPITAL,2023-01-01,2023-12-31,47
50291,SUTTER SANTA ROSA REGIONAL HOSPITAL,2023-01-01,2023-12-31,124
50301,ADVENTIST HEALTH UKIAH VALLEY,2023-01-01,2023-12-31,50
50305,ALTA BATES MEDICAL CENTER,2023-01-01,2023-12-31,315
50313,SUTTER TRACY COMMUNITY HOSPITAL,2023-01-01,2023-12-31,77
50488,EDEN MEDICAL CENTER,2023-01-01,2023-12-31,126
50557,MEMORIAL HOSPITAL MODESTO,2023-01-01,2023-12-31,403
50608,DELANO REGIONAL MED. CTR.,2023-01-01,2023-12-31,105
50684,MENIFEE VALLEY MEDICAL CENTER,2023-01-01,2023-12-31,84
61325,PIONEERS MEDICAL CENTER,2023-01-01,2023-12-31,16
100181,LARKIN COMMUNITY HOSPITAL,2023-01-01,2023-12-31,118
100217,SEBASTIAN RIVER MEDICAL CENTER,2023-01-01,2023-12-31,145
100291,MELBOURNE REGIONAL MEDICAL CENTER,2023-01-01,2023-12-31,96
111330,POLK MEDICAL CENTER,2023-01-01,2023-12-31,25
130074,IDAHO FALLS COMMUNITY HOSPITAL,2023-01-01,2023-12-31,88
140065,ADVENTIST LAGRANGE MEMORIAL HOSPITAL,2023-01-01,2023-12-31,159
140122,ADVENTIST HINSDALE HOSPITAL,2023-01-01,2023-12-31,244
140127,CARLE  BROMENN MEDICAL CENTER,2023-01-01,2023-12-31,206
150006,LAPORTE HOSPITAL,2023-01-01,2023-12-31,84
150035,PORTER REGIONAL HOSPITAL,2023-01-01,2023-12-31,198
150057,FRANCISCAN HEALTH MOORESVILLE,2023-01-01,2023-12-31,80
150104,WITHAM MEMORIAL HOSPITAL,2023-01-01,2023-12-31,50
150149,DEACONESS WOMENS HOSPITAL,2023-01-01,2023-12-31,74
150168,LUTHERAN MUSCULOSKELETAL CENTER,2023-01-01,2023-12-31,38
150183,MONROE HOSPITAL,2023-01-01,2023-12-31,32
150193,FRANCISCAN HEALTH ORTHOPEDIC CARMEL,2023-01-01,2023-12-31,20
151331,HARRISON COUNTY HOSPITAL,2023-01-01,2023-12-31,25
170049,OLATHE MEDICAL CENTER,2023-01-01,2023-12-31,248
170068,SOUTHWEST MEDICAL CENTER,2023-01-01,2023-12-31,67
180051,JENNIE STUART MEDICAL CENTER,2023-01-01,2023-12-31,105
180132,LAKE CUMBERLAND REGIONAL HOSP,2023-01-01,2023-12-31,182
184009,RIDGE,2023-01-01,2023-12-31,110
190267,AVALA,2023-01-01,2023-12-31,21
193079,UNITED MEDICAL REHABILITATION HOSPIT,2023-01-01,2023-12-31,40
193300,CHILDRENS HOSPITAL,2023-01-01,2023-12-31,199
230130,COREWELL HEALTH WM. BEAUMONT UNIV,2023-01-01,2023-12-31,1026
241318,ELY-BLOOMENSON COMMUNITY HOSPITAL,2022-10-01,2023-09-30,16
250779,ALLIANCE HEALTHCARE SYSTEM,2023-03-16,2023-12-31,
270051,LOGAN HEALTH MEDICAL CENTER,2023-04-01,2023-12-31,210
290001,RENOWN REGIONAL MEDICAL CENTER,2023-01-01,2023-12-31,592
291309,BOULDER CITY HOSPITAL,2023-01-01,2023-12-31,25
310025,BAYONNE MEDICAL CENTER,2023-01-01,2023-12-31,131
310064,ATLANTICARE REGIONAL MEDICAL CENTER,2023-01-01,2023-12-31,532
320021,PRESBYTERIAN HOSPITAL,2023-01-01,2023-12-31,942
320033,LOS ALAMOS MEDICAL CENTER,2023-01-01,2023-12-31,47
321309,MIMBRES MEMORIAL HOSPITAL,2023-01-01,2023-12-31,25
323033,CLEARSKY REHAB HOSPITAL OF RIO RANCH,2023-01-01,2023-12-31,36
360026,GREENE MEMORIAL HOSPITAL  INC.,2023-01-01,2023-12-31,13
360032,JOINT TOWNSHIP DISTRICT MEMORIAL HOS,2023-01-01,2023-12-31,33
360051,MIAMI VALLEY HOSPITAL,2023-01-01,2023-12-31,899
360075,UH REGIONAL HOSPITALS,2023-01-01,2023-12-31,111
360078,UH PORTAGE MEDICAL CENTER,2023-01-01,2023-12-31,99
360095,BLANCHARD VALLEY REG. HEALTH CENTER,2023-01-01,2023-12-31,152
360145,UH ELYRIA MEDICAL CENTER,2023-01-01,2023-12-31,197
360175,CLINTON MEMORIAL HOSPITAL,2023-01-01,2023-12-31,75
361307,UH GENEVA MEDICAL CENTER,2023-01-01,2023-12-31,25
361308,UH CONNEAUT MEDICAL CENTER,2023-01-01,2023-12-31,25
361332,HIGHLAND DISTRICT HOSPITAL,2023-01-01,2023-12-31,25
361334,PIKE COMMUNITY HOSPITAL,2023-01-01,2023-12-31,25
363036,UNIVERSITY HOSPITALS REHABILITATION,2023-01-01,2023-12-31,50
364048,HAVEN BEHAVIORAL SVCS DAYTON,2023-01-01,2023-12-31,59
364049,DUBLIN SPRINGS,2023-01-01,2023-12-31,144
364051,BECKETT SPRINGS,2023-01-01,2023-12-31,96
364053,HIGHLAND SPRINGS,2023-01-01,2023-12-31,72
390180,CROZER CHESTER MEDICAL CENTER,2023-01-01,2023-12-31,296
390304,ROXBOROUGH MEMORIAL HOSPITAL,2023-01-01,2023-12-31,99
394058,BERWICK HOSPITAL CENTER,2022-12-09,2023-12-31,14
400019,HOSPITAL PAVIA SANTURCE,2023-01-01,2023-12-31,154
400111,HOSPITAL SAN CARLOS BORROMEO,2023-01-01,2023-12-31,95
450774,TOPS SURGICAL SPECIALTY HOSPITAL,2023-01-01,2023-12-31,15
450808,NORTHWEST HILLS SURGICAL HOSPITAL,2023-01-01,2023-12-31,8
450822,MEDICAL CITY LAS COLINAS,2023-01-01,2023-12-31,80
450860,MEMORIAL HERMANN FIRST COLONY,2023-01-01,2023-12-31,6
450869,DOCTORS HOSPITAL AT RENAISSANCE,2023-01-01,2023-12-31,399
450888,SOUTHLAKE SPECIALITY HOSPITAL,2023-01-01,2023-12-31,17
451396,MID COAST MEDICAL CENTER-CENTRAL,2023-01-01,2023-12-31,25
460011,CASTLEVIEW HOSPITAL,2023-01-01,2023-12-31,39
500025,SWEDISH MEDICAL CENTER CHERRY HILL,2023-01-01,2023-12-31,181
510091,CHARLESTON SURGICAL HOSPITAL,2023-01-01,2023-12-31,7
511300,BROADDUS HOSPITAL ASSOCIATION,2023-01-01,2023-12-31,12
511301,WEBSTER MEMORIAL HOSPITAL,2023-01-01,2023-12-31,25
511318,MONTGOMERY GENERAL HOSPITAL,2023-01-01,2023-12-31,25
670044,PRESBYTERIAN HOSPITAL OF ROCKWALL,2023-01-01,2023-12-31,53
670071,TEXAS HEALTH HEART & VASCULAR HOSP,2023-01-01,2023-12-31,47
670078,BAPTIST EMERGENCY HOSPITAL,2023-01-01,2023-12-31,58
670260,TEXAS HEALTH HOSPITAL FRISCO,2023-01-01,2023-12-31,90
20001,PROVIDENCE ALASKA MEDICAL CENTER,2023-01-01,2023-12-31,401
20018,YK DELTA REGIONAL HOSPITAL,2022-10-01,2023-09-30,34
50108,SUTTER MEDICAL CENTER - SACRAMENTO,2023-01-01,2023-12-31,523
60011,DENVER HEALTH MEDICAL CENTER,2023-01-01,2023-12-31,386
60118,ST. ANTHONY SUMMIT HOSPITAL,2023-07-01,2024-01-11,34
61315,YUMA DISTRICT HOSPITAL,2023-01-01,2023-12-31,15
61319,ST VINCENT GENERAL HOSPITAL,2023-01-01,2023-12-31,8
120006,ADVENTIST HEALTH CASTLE,2023-01-01,2023-12-31,142
140158,INSIGHTS HOSPITAL AND MEDICAL CENTER,2023-01-01,2023-12-31,52
150024,ESKENAZI HEALTH,2023-01-01,2023-12-31,314
150026,GOSHEN HOSPITAL,2023-01-01,2023-12-31,105
151327,SULLIVAN COUNTY COMMUNITY HOSPITAL,2023-01-01,2023-12-31,25
151333,PUTNAM COUNTY HOSPITAL,2023-01-01,2023-12-31,25
153028,REHABILITATION HOSPITAL OF INDIANA,2023-01-01,2023-12-31,91
153048,INDIANAPOLIS REHABILITATION HOSPITAL,2023-01-01,2023-12-31,40
192028,RIVERBRIDGE SPECIALTY HOSPITAL,2023-01-01,2023-12-31,40
193094,PATHWAY REHABILITATION HOSPITAL  LLC,2023-01-01,2023-12-31,15
220010,LAWRENCE GENERAL HOSPITAL,2022-10-01,2023-09-30,186
230017,BRONSON METHODIST HOSPITAL,2023-01-01,2023-12-31,415
230024,SINAI-GRACE HOSPITAL,2023-01-01,2023-12-31,242
230085,BRONSON SOUTH HAVEN HOSPITAL,2023-01-01,2023-12-31,8
230146,HENRY FORD HEALTH WYANDOTTE HOSPITAL,2023-01-01,2023-12-31,277
230264,INSIGHT SURGICAL HOSPITAL,2023-01-01,2023-12-31,13
230273,DETROIT RECEIVING HOSPITAL,2023-01-01,2023-12-31,208
250127,CHOCTAW HEALTH CENTER,2022-10-01,2023-09-30,20
260047,CAPITAL REGION MEDICAL CENTER,2023-07-01,2023-12-31,100
260062,SAINT LUKES NORTH HOSPITAL,2023-01-01,2023-12-31,122
260070,PEMISCOT COUNTY MEMORIAL HOSPITAL,2023-01-01,2023-12-31,42
260085,ST JOSEPH MEDICAL CENTER,2023-01-01,2023-12-31,233
271304,BMRMC,2023-07-01,2023-12-31,25
271324,LOGAN HEALTH CONRAD,2023-04-01,2023-12-31,20
310008,HOLY NAME HOSPITAL,2023-01-01,2023-12-31,289
310016,CHRIST HOSPITAL,2023-01-01,2023-12-31,163
310040,HOBOKEN UNIVERSITY MEDICAL CENTER,2023-01-01,2023-12-31,114
320062,CROWNPOINT INDIAN HOSPITAL,2022-10-01,2023-09-30,19
340156,CHEROKEE INDIAN HOSPITAL AUTHORITY,2022-10-01,2023-09-30,34
350015,SANFORD BISMARCK,2023-01-01,2023-12-31,226
370173,CLAREMORE INDIAN HOSPITAL,2022-10-01,2023-09-30,46
370201,SURGICAL HOSPITAL OF OKLAHOMA,2023-01-01,2023-12-31,12
370780,BLACKWELL REGIONAL HOSPITAL,2023-07-01,2023-12-31,
380056,SANTIAM MEMORIAL HOSPITAL,2023-01-01,2023-12-31,40
390323,ADVANCED SURGICAL HOSPITAL,2023-01-01,2023-12-31,14
430027,SANFORD USD MEDICAL CENTER,2023-01-01,2023-12-31,452
430098,PINE RIDGE HOSPITAL,2022-10-01,2023-09-30,45
431314,BENNETT COUNTY HOSPITAL,2023-01-01,2023-12-31,14
450827,KELL WEST REGIONAL HOSPITAL,2023-01-01,2023-12-31,41
450872,USMD HOSPITAL OF ARLINGTON,2023-01-01,2023-12-31,34
451332,PALACIOS COMMUNITY MEDICAL CENTER,2023-01-01,2023-12-31,17
451339,THROCKMORTON COUNTY HOSPITAL,2023-01-01,2023-12-31,14
451398,PAMPA REGIONAL MEDICAL CENTER,2023-01-01,2023-12-31,25
453309,HEALTHBRIDGE CHILDRENS HOSPITAL,2023-01-01,2023-12-31,61
461309,KANE COUNTY HOSPITAL,2023-01-01,2023-12-31,25
500003,PHD#1  DBA SKAGIT VALLEY HOSPITAL,2023-01-01,2023-12-31,137
500007,ISLAND HOSPITAL,2023-01-01,2023-12-31,43
500077,PROVIDENCE HOLY FAMILY HOSPITAL,2023-01-01,2023-12-31,191
501305,LINCOLN HOSPITAL,2023-01-01,2023-12-31,25
501310,NEWPORT COMMUNITY HOSPITAL,2023-01-01,2023-12-31,20
501314,OCEAN BEACH HOSPITAL,2023-01-01,2023-12-31,25
501323,JEFFERSON GENERAL HOSPITAL,2023-01-01,2023-12-31,25
501328,MID-VALLEY HOSPITAL,2023-01-01,2023-12-31,25
501334,LAKE CHELAN COMMUNITY HOSPITAL,2023-01-01,2023-12-31,22
513025,PETERSON HEALTHCARE AND REHAB,2023-01-01,2023-12-31,22
670068,PRESBYTERIAN HOSP FLOWER MOUND,2023-01-01,2023-12-31,99
673060,TEXAS REHABILITATION HOSPITAL OF ARL,2023-01-01,2023-12-31,40
713026,BOGALUSA REHABILITATION HOSPITAL,2023-01-01,2023-12-31,11
31300,WICKENBURG COMMUNITY HOSPITAL,2023-01-01,2023-12-31,19
50378,PACIFICA HOSPITAL OF THE VALLEY,2023-01-01,2023-12-31,133
50390,HEMET VALLEY MEDICAL CENTER,2023-01-01,2023-12-31,230
50763,L A DOWNTOWN MEDICAL CENTER,2023-01-01,2023-12-31,315
61304,HAXTUN HOSPITAL DISTRICT,2023-01-01,2023-12-31,25
130028,PORTNEUF MEDICAL CENTER,2023-01-01,2023-12-31,141
140103,ST. BERNARD HOSPITAL,2023-01-01,2023-12-31,114
141309,CARLE EUREKA HOSPITAL,2023-01-01,2023-12-31,25
141316,HOOPESTON COMMUNITY MEMORIAL HOSPITA,2023-01-01,2023-12-31,22
150172,PHYSICIANS MEDICAL CENTER,2023-01-01,2023-12-31,10
150177,UNITY PHYSICIANS HOSPITAL,2023-01-01,2023-12-31,29
152024,RH OF NORTHWEST INDIANA  LLC,2023-02-01,2024-01-31,61
161306,JONES REGIONAL MEDICAL CTR,2023-01-01,2023-12-31,9
170009,SAINT JOHN HOSPITAL,2023-01-01,2023-12-31,22
170017,SUSAN B. ALLEN MEMORIAL HOSPITAL,2023-01-01,2023-12-31,20
170188,KANSAS CITY ORTHOPAEDIC INSTITUTE,2023-01-01,2023-12-31,17
170204,ROCK REGIONAL HOSPITAL,2023-01-01,2023-12-31,31
171311,ROOKS COUNTY HEALTH CENTER,2023-01-01,2023-12-31,22
171321,MEADE DISTRICT HOSPITAL,2023-01-01,2023-12-31,20
171323,STAFFORD COUNTY HOSPITAL,2023-01-01,2023-12-31,25
171383,WILLIAM NEWTON MEMORIAL HOSPITAL,2023-01-01,2023-12-31,23
173033,MEADOWBROOK REHABILITATION HOSPITAL,2023-01-01,2023-12-31,56
191326,REEVES MEMORIAL MEDICAL CENTER,2023-01-01,2023-12-31,15
230031,LAKE HURON MEDICAL CENTER,2023-01-01,2023-12-31,129
230104,HARPER- HUTZEL HOSPITAL,2023-01-01,2023-12-31,224
230121,MEMORIAL HEALTHCARE,2023-01-01,2023-12-31,113
230244,GARDEN CITY HOSPITAL OSTEOPATHIC,2023-01-01,2023-12-31,129
232012,SSH - FLINT  INC,2023-02-01,2024-01-31,26
233300,CHILDRENS HOSPITAL OF MICHIGAN,2023-01-01,2023-12-31,228
251339,QUITMAN COMMUNITY HOSPITAL,2023-01-01,2023-12-31,25
260216,ST. LUKES EAST - LEES SUMMIT,2023-01-01,2023-12-31,216
270014,ST PATRICK HOSPITAL,2023-01-01,2023-12-31,206
270086,GREAT FALLS CLINIC MEDICAL CENTER,2023-01-01,2023-12-31,20
271333,BILLINGS CLINIC BROADWATER,2023-07-01,2023-12-31,25
281345,PROVIDENCE MEDICAL CENTER,2023-01-01,2023-12-31,21
310092,CAPITAL HEALTH REGIONAL MEDICAL CTR,2023-01-01,2023-12-31,179
330234,WESTCHESTER MEDICAL CENTER,2023-01-01,2023-12-31,696
370037,ST ANTHONY HOSPITAL,2023-01-01,2023-12-31,501
372009,SSH - OKLAHOMA CITY  INC.,2023-02-01,2024-01-31,72
380047,ST CHARLES MEDICAL CENTER,2023-01-01,2023-12-31,316
381313,ST. CHARLES MED CTR - PRINEVILLE,2023-01-01,2023-12-31,16
431322,FALL RIVER HOSPITAL,2023-01-01,2023-12-31,25
450653,SCENIC MOUNTAIN MEDICAL CENTER,2023-01-01,2023-12-31,75
450688,DALLAS REGIONAL MEDICAL CENTER,2023-01-01,2023-12-31,202
454148,PERIMETER HOSPITAL OF ARLINGTON,2023-01-01,2023-12-31,88
454155,OCEANS BEHAVIORAL HOSPITAL CORPUS CH,2023-01-01,2023-12-31,42
500054,PROV SACRED HEART MEDICAL CENTER,2023-01-01,2023-12-31,624
500058,KADLEC REGIONAL MEDICAL CENTER,2023-01-01,2023-12-31,282
500060,CASCADE VALLEY HOSPITAL,2023-01-01,2023-12-31,48
500072,OLYMPIC MEDICAL CENTER,2023-01-01,2023-12-31,78
500124,EVERGREEN HEALTHCARE,2023-01-01,2023-12-31,339
501339,WHIDBEY GENERAL HOSPITAL,2023-01-01,2023-12-31,25
520194,ORTHOPAEDIC HOSPITAL OF WISCONSIN,2023-01-01,2023-12-31,30
673083,EVEREST REHAB HOSPITAL EL PASO,2023-06-23,2023-12-31,36
20006,MAT-SU REGIONAL MED CTR,2023-01-01,2023-12-31,125
30038,HONORHEALTH SCOTTSDALE OSBORN MED CT,2023-01-01,2023-12-31,337
30071,FORT DEFIANCE INDIAN HOSPITAL,2022-10-01,2023-09-30,56
50394,CMH OF SAN BUENAVENTURA,2023-01-01,2023-12-31,181
100107,LEHIGH REGIONAL,2023-01-01,2023-12-31,53
131327,GRITMAN MEDICAL CENTER,2023-01-01,2023-12-31,25
140082,LOUIS A. WEISS MEMORIAL HOSPITAL,2023-06-01,2023-12-31,119
140252,NORTHWEST COMMUNITY HOSPITAL,2023-01-01,2023-12-31,424
170146,PROVIDENCE MEDICAL CENTER,2023-01-01,2023-12-31,176
170185,ST. LUKES SOUTH,2023-01-01,2023-12-31,120
170196,KANSAS SPINE & SPECIALTY HOSPITAL,2023-01-01,2023-12-31,35
171342,RUSH COUNTY MEMORIAL HOSPITAL,2023-01-01,2023-12-31,25
191320,BIENVILLE MEDICAL CENTER,2023-01-01,2023-12-31,21
250038,MADISON RIVER OAKS MEDICAL CENTER,2023-01-01,2023-12-31,67
250136,MERIT HEALTH WOMANS HOSPITAL,2023-01-01,2023-12-31,34
260017,PHELPS COUNTY REGIONAL MEDICAL CNTR,2023-01-01,2023-12-31,194
260024,TEXAS COUNTY MEMORIAL HOSPITAL,2023-01-01,2023-12-31,47
260068,BOONE HOSPITAL CENTER,2023-01-01,2023-12-31,266
260097,WESTERN MISSOURI MEDICAL CENTER,2023-01-01,2023-12-31,45
260119,POPLAR BLUFF REGIONAL MEDICAL CENTER,2023-01-01,2023-12-31,232
260193,ST MARYS MEDICAL CENTER,2023-01-01,2023-12-31,73
270023,COMMUNITY MEDICAL CENTER,2023-01-01,2023-12-31,141
271330,STILLWATER BILLINGS CLINIC,2023-07-01,2023-12-31,16
280139,GRAND ISLAND REGIONAL MEDICAL CENTER,2023-01-01,2023-12-31,60
283301,CHILDRENS HOSPITAL & MEDICAL CENTER,2023-01-01,2023-12-31,219
320074,LOVELACE WESTSIDE HOSPITAL,2023-02-01,2024-01-31,92
330233,BROOKDALE HOSPITAL MEDICAL CENTER,2023-01-01,2023-12-31,450
333030,BURKE REHABILITATION HOSPITAL,2023-01-01,2023-12-31,150
360020,SUMMA HEALTH SYSTEM,2023-01-01,2023-12-31,561
360359,UH AHUJA MEDICAL CENTER,2023-01-01,2023-12-31,158
361300,PAULDING COUNTY HOSPITAL,2023-01-01,2023-12-31,25
361313,MORROW COUNTY HOSPITAL,2023-01-01,2023-12-31,23
363035,SUMMA REHAB HOSPITAL,2023-02-01,2024-01-31,60
440058,SOUTHERN TENNESSEE MEDICAL CENTER,2023-01-01,2023-12-31,128
451395,HILL REGIONAL HOSPITAL,2023-01-01,2023-12-31,25
460014,MOUNTAIN WEST MEDICAL CENTER,2023-01-01,2023-12-31,36
460052,TIMPANOGOS REGIONAL HOSPITAL,2023-01-01,2023-12-31,117
490097,SOUTHERN VIRGINIA REGIONAL MED. CTR.,2023-01-01,2023-12-31,70
500084,EVERGREEN HEALTH MONROE,2023-01-01,2023-12-31,26
501325,FORKS COMMUNITY HOSPITAL,2023-01-01,2023-12-31,17
510002,GREENBRIER VALLEY MEDICAL CENTER,2023-01-01,2023-12-31,66
50309,SUTTER ROSEVILLE MEDICAL CENTER,2023-01-01,2023-12-31,343
50543,COLLEGE HOSPITAL COSTA MESA,2023-01-01,2023-12-31,122
150018,ELKHART GENERAL HOSPITAL,2023-01-01,2023-12-31,202
150058,MEMORIAL HOSPITAL OF SOUTH BEND  INC,2023-01-01,2023-12-31,429
151300,COMMUNITY HOSPITAL OF BREMEN  INC.,2023-01-01,2023-12-31,24
161362,CHEROKEE REGIONAL MEDICAL CENTER,2023-01-01,2023-12-31,25
171343,STANTON COUNTY HOSPITAL,2023-01-01,2023-12-31,16
171352,DECATUR HEALTH SYSTEMS,2023-01-01,2023-12-31,18
171364,OSBORNE COUNTY MEMORIAL HOSPITAL,2023-01-01,2023-12-31,16
171368,MINNEOLA DISTRICT HOSPITAL,2023-01-01,2023-12-31,14
171369,HODGEMAN COUNTY HEALTH CENTER,2023-01-01,2023-12-31,25
173035,CLEARSKY REHABILITIATION HOSPITAL OF,2023-04-19,2023-12-31,30
230092,W.A. FOOTE MEMORIAL HOSPITAL,2023-01-01,2023-12-31,357
230144,FOREST HEALTH MEDICAL CENTER  LLC,2023-01-01,2023-12-31,24
230301,SURGEONS CHOICE MEDICAL CENTER,2023-01-01,2023-12-31,45
260191,BARNES JEWISH ST. PETERS HOSPITAL,2023-01-01,2023-12-31,110
261315,PARKLAND HLTH CTR - BONNE TERRE,2023-01-01,2023-12-31,3
262015,LANDMARK HOSPITAL OF CAPE GIRARDEAU,2023-01-01,2023-12-31,30
262020,LANDMARK HOSPITAL OF COLUMBIA  LLC,2023-01-01,2023-12-31,23
280032,MARY LANNING MEMORIAL HOSPITAL ASSOC,2023-01-01,2023-12-31,106
280133,NEBRASKA SPINE HOSPITAL,2023-01-01,2023-12-31,34
281310,REGIONAL WEST GARDEN COUNTY HOSPITAL,2023-01-01,2023-12-31,10
290049,RENOWN SOUTH MEADOWS MED CTR,2023-01-01,2023-12-31,60
294010,SPRING MOUNTAIN SAHARA,2023-01-01,2023-12-31,30
370041,BRISTOW MEDICAL CENTER,2023-01-01,2023-09-07,25
380020,MCKENZIE-WILLAMETTE HOSPITAL,2023-01-01,2023-12-31,113
381320,COLUMBIA MEMORIAL HOSPITAL,2023-01-01,2023-12-31,25
30113,USPHS HOSPITAL-WHITERIVER,2022-10-01,2023-09-30,40
320060,ZUNI COMPREHENSIVE HEALTH CENTER,2022-10-01,2023-09-30,27
370171,CHEROKEE NATION WW HASTINGS HOSPITAL,2022-10-01,2023-09-30,52
430084,USPHS HOSPITAL - ROSEBUD,2022-10-01,2023-09-30,35
50380,GOOD SAMARITAN HOSPITAL,2023-02-01,2024-01-31,324
54032,ALHAMBRA,2023-02-01,2024-01-31,97
54104,HERITAGE OAKS HOSPITAL,2023-02-01,2024-01-31,125
150090,FRANCISCAN HEALTH- DYER,2023-01-01,2023-12-31,166
230302,HENRY FORD WEST BLOOMFIELD HOSPITAL,2023-01-01,2023-12-31,191
500031,GRAYS HARBOR COMMUNITY HOSPITAL,2023-01-01,2023-12-31,49
501332,TRI-STATE MEMORIAL HOSPITAL,2023-01-01,2023-12-31,25
30153,EAST VALLEY ER AND HOSPITAL,2023-02-01,2024-01-31,14
44020,VISTA HEALTH TEXARKANA,2023-01-01,2023-12-31,50
120004,WAHIAWA GENERAL HOSPITAL,2023-07-01,2024-04-01,66
153050,COMMUNITY REHABILITATION HOSPITAL WE,2023-06-09,2023-12-31,40
171379,MORRIS COUNTY HOSPITAL,2023-01-01,2023-12-31,21
190013,WEST CALCASIEU-CAMERON HOSPITAL,2023-01-01,2023-12-31,107
190045,ST. TAMMANY PARISH HOSPITAL,2023-01-01,2023-12-31,229
190088,SPRINGHILL MEDICAL CENTER,2023-01-01,2023-12-31,37
190278,SPECIALISTS HOSPITAL OF SHREVEPORT,2023-01-01,2023-12-31,30
193086,LEESVILLE REHABILITATION HOSPITAL,2023-01-01,2023-12-31,16
220098,NASHOBA VALLEY HOSPITAL,2023-01-01,2023-12-31,57
230013,PONTIAC GENERAL HOSPITAL,2023-01-01,2023-12-31,47
230096,STURGIS HOSPITAL  INC.,2022-10-01,2023-07-05,49
270004,BILLINGS CLINIC,2023-07-01,2023-12-31,334
351327,ST ALOISIUS MEDICAL CENTER,2022-10-01,2023-09-30,25
410010,WOMEN & INFANTS HOSPITAL,2022-10-01,2023-09-30,247
452096,LAREDO SPECIALTY HOSPITAL,2023-02-01,2024-01-31,40
460030,ASHLEY REGIONAL MEDICAL CENTER,2023-02-01,2024-01-31,39
24001,NORTH STAR HOSPITAL,2023-01-01,2023-12-31,140
30078,PHOENIX INDIAN MEDICAL CENTER,2022-10-01,2023-09-30,133
51316,FAIRCHILD MEDICAL CENTER,2023-01-01,2023-12-31,25
61305,MELISSA MEMORIAL HOSPITAL,2023-01-01,2023-12-31,15
280129,NEBRASKA ORTHOPAEDIC HOSPITAL LLC,2023-01-01,2023-12-31,24
310111,CENTRASTATE MEDICAL CENTER,2023-01-01,2023-12-31,240
330182,ST. FRANCIS HOSPITAL,2023-01-01,2023-12-31,354
330194,MAIMONIDES MEDICAL CENTER,2023-01-01,2023-12-31,641
380071,WILLAMETTE VALLEY MEDICAL CENTER,2023-01-01,2023-12-31,50
400102,DOCTORS CENTER HOSPITAL BAYAMON,2023-01-01,2023-12-31,130
440008,HENDERSON COUNTY COMMUNITY HOSPITAL,2023-01-01,2023-12-31,36
14006,MOUNTAIN VIEW HOSPITAL,2023-01-01,2023-12-31,
30084,CHINLE COMPREHENSIVE CARE FACILITY,2022-10-01,2023-09-30,60
51990,SUNLAND HOME FOUNDATION,2023-01-01,2023-12-31,
111334,CANDLER COUNTY HOSPITAL,2023-01-01,2023-12-31,25
270074,BLACKFEET COMMUNITY HOSPITAL,2022-10-01,2023-09-30,26
344036,DAVIS REGIONAL MEDICAL CENTER,2023-05-05,2023-09-30,17
350063,QUENTIN N BURDICK MEMORIAL HOSPITAL,2022-10-01,2023-09-30,27
363304,CHILDRENS HOSPITAL FOR REHABILITATI,2023-01-01,2023-12-31,
370170,LAWTON INDIAN HOSPITAL,2022-10-01,2023-09-30,38
390081,DELAWARE COUNTY MEMORIAL HOSPITAL,2023-01-01,2023-12-31,
452121,CONTINUECARE HOSPITAL AT MEDICAL CEN,2023-02-01,2024-01-31,25
514008,RIVER PARK HOSPITAL,2023-01-01,2023-12-31,116
670106,HCA HOUSTON HEALTHCARE PEARLAND,2023-02-01,2024-01-31,48
20026,ALASKA NATIVE MEDICAL CENTER,2022-10-01,2023-09-30,153
30036,CHANDLER REGIONAL MEDICAL CENTER,2023-01-01,2023-12-31,429
30073,TUBA CITY REG HEALTH CARE CORP,2022-10-01,2023-09-30,73
50298,BARSTOW COMMUNITY HOSPITAL,2023-02-01,2024-01-31,30
162001,SSH - QUAD CITIES  INC.,2023-02-01,2024-01-31,35
320061,GALLUP INDIAN MEDICAL CENTER,2022-10-01,2023-09-30,74
330332,ST. JOSEPH HOSPITAL,2023-01-01,2023-12-31,203
342018,SSH - DURHAM,2023-02-01,2024-01-31,30
392039,SSH - CENTRAL PA,2023-02-01,2024-01-31,92
450209,NORTHWEST TEXAS HOSPITAL,2023-01-01,2023-12-31,328
450352,HUNT REGIONAL MEDICAL CENTER,2022-10-01,2023-09-30,150
450643,DOCTORS HOSPITAL OF LAREDO,2023-01-01,2023-12-31,183
670103,MEDICAL CITY ALLIANCE,2023-02-01,2024-01-31,113
194044,ACADIA VERMILION HOSPITAL,2023-01-01,2023-12-31,78
340123,AMERICAN HEALTHCARE SYSTEMS,2023-01-01,2023-12-31,145
393309,SHRINERS HOSPITAL FOR CHILDREN - PHI,2023-01-01,2023-12-31,
441323,BIG SOUTH FORK MEDICAL CENTER,2023-01-01,2023-12-31,25
453311,SHRINERS HOSPITAL FOR CHILDREN,2023-01-01,2023-12-31,
454153,CARRUS BEHAVIORAL HOSPITAL  LLC,2023-01-01,2023-12-31,
510050,WHEELING HOSPITAL,2022-10-01,2023-09-30,189
30074,SELLS HOSPITAL,2022-10-01,2023-09-30,14
160029,UNIVERSITY OF IOWA HEALTH CARE MEDIC,2023-07-01,2024-01-30,211
220175,METROWEST MEDICAL CENTER,2023-02-01,2024-01-31,134
220176,SAINT VINCENT HOSPITAL,2023-02-01,2024-01-31,244
261323,CEDAR COUNTY MEMORIAL HOSPITAL,2023-02-01,2024-01-31,25
330246,ST CHARLES HOSPITAL,2023-01-01,2023-12-31,167
330259,MERCY MEDICAL CENTER,2023-01-01,2023-12-31,152
330286,GOOD SAMARITAN HOSPITAL,2023-01-01,2023-12-31,437
441324,JELLICO REGIONAL HOSPITAL,2023-06-09,2024-03-08,25
450672,MEDICAL CITY FORT WORTH,2023-02-01,2024-01-31,239
451393,CROCKETT MEDICAL CENTER,2023-01-01,2023-12-31,25
100048,JAY HOSPITAL,2022-10-01,2023-09-30,19
100093,BAPTIST HOSPITAL,2022-10-01,2023-09-30,278
100266,GULF BREEZE HOSPITAL,2022-10-01,2023-09-30,65
144043,MONTROSE BEHAVIORAL HEALTH HOSPITAL,2023-01-01,2023-12-31,
171300,GRISELL MEMORIAL HOSPITAL DIST #1,2023-01-01,2023-12-31,25
171304,ASHLAND HEALTH CENTER,2023-01-01,2023-12-31,25
184007,THE BROOK - DUPONT,2023-01-01,2023-12-31,88
190008,TERREBONNE GENERAL HEALTH SYSTEM,2023-04-01,2024-03-31,151
320059,NORTHERN NAVAJO MEDICAL CENTER,2022-10-01,2023-09-30,60
340023,ADVENTHEALTH HENDERSONVILLE,2023-01-01,2023-12-31,98
364054,GBH - GENEVA,2023-01-01,2023-12-31,22
450213,UNIVERSITY HEALTH SYSTEM,2023-01-01,2023-12-31,669
54111,CANYON RIDGE HOSPITAL,2023-02-01,2024-01-31,157
110023,ADVENTHEALTH GORDON,2023-01-01,2023-12-31,69
194119,FERRIDAY BEHAVIORAL HEALTH SYSTEM LL,2022-12-20,2023-12-31,
210006,HARFORD MEMORIAL HOSPITAL,2023-07-01,2024-02-06,88
370180,CHICKASAW NATION MEDICAL CENTER,2022-10-01,2023-09-30,72
400044,SAN LUCAS PONCE,2023-01-01,2023-12-31,336
670073,METHODIST HOSPITAL FOR SURGERY,2023-01-01,2023-12-31,32
14016,THE SANCTUARY AT THE WOODLANDS,2023-03-24,2023-12-31,40
141341,PANA COMMUNITY HOSPITAL,2023-01-01,2023-12-31,22
230080,MCLAREN CENTRAL MICHIGAN,2022-10-01,2023-09-30,41
250096,CROSSGATES RIVER OAKS HOSPITAL,2023-01-01,2023-12-31,86
290047,SOUTHERN HILLS HOSPITAL & MEDICAL CT,2023-02-01,2024-01-31,205
331314,SOLDIERS & SAILORS MEMORIAL HOSPITAL,2023-01-01,2023-12-31,25
333301,BLYTHDALE CHILDRENS HOSPITAL,2023-01-01,2023-12-31,
360079,KETTERING HEALTH MAIN CAMPUS,2023-01-01,2023-12-31,386
360123,UH ST. JOHN MEDICAL CENTER,2023-01-01,2023-12-31,125
524019,NORWOOD HEALTH CENTER,2023-01-01,2023-12-31,16
190014,OCHSNER ST. MARY,2023-01-01,2023-12-31,105
450092,FORT DUNCAN MEDICAL CENTER,2023-01-01,2023-12-31,86
450119,SOUTH TEXAS HEALTH SYSTEM,2023-01-01,2023-12-31,819
184008,TEN BROECK HOSPITAL - KMI,2023-01-01,2023-12-31,64
184014,FIRST HOSPITAL HOPKINSVILLE,2023-01-01,2023-12-31,97
374016,ROLLING HILLS HOSPITAL,2023-01-01,2023-12-31,60
450658,FREESTONE MEDICAL CENTER,2022-10-01,2023-09-30,37
454133,CROSS CREEK HOSPITAL,2023-01-01,2023-12-31,90
10078,NORTHEAST ALABAMA REGIONAL MED CTR,2022-10-01,2023-09-30,295
54130,PACIFIC GROVE HOSPITAL,2023-01-01,2023-12-31,68
64024,UHS OF DENVER INC,2023-01-01,2023-12-31,86
194022,LONGLEAF HOSPITAL,2023-01-01,2023-12-31,139
250123,SINGING RIVER GULFPORT,2022-10-01,2023-09-30,113
341317,LIFEBRITE COMM HOSP OF STOKES,2023-01-01,2023-12-31,25
440120,TENNOVA HEALTHCARE - TURKEY CREEK MC,2022-10-01,2023-09-30,219
510007,ST. MARYS MEDICAL CENTER  INC.,2022-10-01,2023-09-30,362
670025,THE HEART HOSPITAL BAYLOR PLANO,2023-01-01,2023-12-31,109
50336,ADVENTIST HEALTH LODI MEMORIAL,2023-01-01,2023-12-31,186
171360,LINCOLN COUNTY HOSPITAL,2023-04-01,2024-03-31,13
281324,NEMAHA COUNTY HOSPITAL,2023-05-01,2024-04-30,16
361991,GLENMONT,2023-01-01,2023-12-31,
394057,MALVERN BEHAVIORAL HEALTH,2023-01-01,2023-12-31,76
523030,REHABILITATION HOSPITAL OF WESTERN W,2023-07-01,2024-02-24,36
100286,PHYSICIANS REGIONAL MEDICAL CENTER,2022-10-01,2023-09-30,327
104074,PARK ROYAL HOSPITAL,2023-01-01,2023-12-31,126
113035,REHABILITATION HOSPITAL OF HENRY,2023-03-01,2024-02-29,50
303027,ENCOMPASS HEALTH REHABILITATION HOSP,2023-01-01,2023-12-31,50
451354,OLNEY HAMILTON HOSPITAL DISTRICT,2023-03-01,2024-02-29,25
670115,CLEVELAND EMERGENCY HOSPITAL,2023-01-01,2023-12-31,16
313300,CHILDRENS SPECIALIZED HOPSITAL,2023-01-01,2023-12-31,68
460051,HOLY CROSS HOSPITAL - JORDAN VALLEY,2023-05-01,2023-06-30,169
240206,RED LAKE INDIAN HOSPITAL,2022-10-01,2023-09-30,23
250780,JEFFERSON COUNTY HOSPITAL,2023-06-01,2023-09-30,
314001,SUMMIT OAKS HOSPITAL,2023-03-01,2024-02-29,124
380001,MID-COLUMBIA MEDICAL CENTER,2023-01-01,2023-12-31,49
50122,DAMERON HOSPITAL,2023-01-01,2023-12-31,170
330111,BERTRAND CHAFFEE HOSPITAL,2023-01-01,2023-12-31,23
232033,SSH -SAGINAW  INC.,2023-03-01,2024-02-29,32
252007,SSH - JACKSON INC,2023-03-01,2024-02-29,53
322004,ADVANCED CARE HOSPITAL OF SOUTHERN N,2023-03-01,2024-02-29,20
331311,LITTLE FALLS HOSPITAL,2023-01-01,2023-12-31,25
362016,SSH -NE OHIO,2023-03-01,2024-02-29,30
670055,METHODIST STONE OAK HOSPITAL,2023-03-01,2024-02-29,253
44006,VISTA HEALTH-FORT SMITH,2023-01-01,2023-12-31,68
110128,MEADOWS REGIONAL MEDICAL CENTER,2023-03-01,2024-02-29,57
113030,WALTON REHABILITATION HOSPITAL  AN A,2023-04-01,2024-03-31,70
113033,ENCOMPASS HEALTH REHABILITATION HOSP,2023-04-01,2024-03-31,60
360040,KNOX COMMUNITY HOSPITAL,2023-01-01,2023-12-31,64
364041,OHIO HOSPITAL FOR PSYCHIATRY,2023-01-01,2023-12-31,130
420065,BON SECOURS ST. FRANCIS XAVIER HOSPI,2023-01-01,2023-12-31,186
420104,ROPER ST. FRANCIS MT PLEASANT HOSPIT,2023-01-01,2023-12-31,85
420110,ROPER ST. FRANCIS HOSPITAL-BERKELEY,2023-01-01,2023-12-31,46
424015,MIDLANDS BEHAVIORAL HEALTH HOSPITAL,2023-05-31,2023-12-31,32
443035,ENCOMPASS HEALTH REHABILITATION HOSP,2023-04-01,2024-03-31,40
670136,BSW MEDICAL CENTER - AUSTIN,2023-01-01,2023-12-31,25
670321,ADHC,2023-07-18,2023-12-31,28
44004,VANTAGE POINT,2023-01-01,2023-12-31,72
62017,NORTHERN COLORADO LONG TERM ACUTE HO,2023-03-01,2024-02-29,20
83028,PAM REHAB HOSPITAL OF GEORGETOWN,2023-05-01,2024-04-30,34
102020,SSH -TALLAHASSEE  INC.,2023-03-01,2024-02-29,48
154005,RIVER BEND HOSPITAL,2023-01-01,2023-12-31,16
344029,GOOD HOPE HOSPITAL INC,2023-01-01,2023-12-31,16
400138,PUERTO RICO WOMEN AND CHILDRENS HOSP,2023-03-10,2023-12-31,111
432002,SSH - SIOUX FALLS  INC,2023-03-01,2024-02-29,24
450718,ROUND ROCK MEDICAL CENTER,2023-03-01,2024-02-29,167
500033,SAMARITAN HOSPITAL,2023-01-01,2023-12-31,47
10128,JACKSON MEDICAL CENTER,2023-01-01,2023-12-31,35
50367,NORTHBAY HOSPITAL GROUP,2023-01-01,2023-12-31,204
160110,ALLEN MEMORIAL HOSPITAL,2023-01-01,2023-12-31,189
254012,OCEANS BEHAVIORAL HOSPITAL BILOXI,2023-01-01,2023-12-31,45
340126,WILSON MEDICAL CENTER,2023-03-01,2024-02-29,100
510013,REYNOLDS MEMORIAL HOSPITAL,2023-01-01,2023-12-31,94
670107,BEMC BURLESON,2023-01-01,2023-12-31,24
244018,SANFORD BEHAVIORAL HEALTH,2023-01-01,2023-12-31,16
324010,BHC MESILLA VALLEY HOSPITAL LLC,2023-01-01,2023-12-31,120
330166,WESTFIELD MEMORIAL HOSPITAL,2023-01-01,2023-12-31,4
330235,AUBURN MEMORIAL HOSPITAL,2023-01-01,2023-12-31,85
334022,BRYLIN HOSPITALS,2023-01-01,2023-12-31,88
364059,ASSURANCE HEALTH HUDSON,2023-01-01,2023-12-31,23
454149,PERIMETER BEHAVIORAL HOSPITAL OF DAL,2023-01-01,2023-12-31,100
670134,LUMBERTON HOSPITAL LLC,2023-01-01,2023-12-31,4
192034,ST. LANDRY EXTENDED CARE,2023-09-01,2023-12-29,24
194112,BEACON BEHAVIORAL HOSP CENTRAL,2023-01-01,2023-12-31,18
194118,MERCY BEHAVIORAL HOSPITAL,2023-01-01,2023-12-31,
290042,HARMON HOSPITAL,2023-01-01,2023-12-31,108
370243,SOUTHERN PLAINS MED CTR OF GARVIN CO,2023-01-01,2023-12-31,43
454124,MESA SPRINGS,2023-01-01,2023-12-31,72
670102,AD HOSPITAL EAST LLC,2023-01-01,2023-12-31,160
64009,CEDAR SPRINGS BEHAVIORAL HOSPITAL,2023-01-01,2023-12-31,86
154060,PARK CENTER  INC.,2023-01-01,2023-12-31,16
154070,MAPLE HEIGHTS BEHAVIORAL HEALTH,2023-04-03,2023-12-31,120
182006,CCH AT BAPTIST HEALTH CORBIN,2023-03-01,2024-02-29,32
194069,COVINGTON BEHAVIORAL HEALTH,2023-01-01,2023-12-31,104
230015,THREE RIVERS HEALTH,2023-01-01,2023-12-31,48
420087,ROPER HOSPITAL  INC.,2023-01-01,2023-12-31,266
450674,WOMANS HOSPITAL OF TEXAS,2023-03-01,2024-02-29,252
112000,ROOSEVELT WARM SPRINGS LTAC HOSPITAL,2023-01-01,2023-12-31,28
330085,AURELIA OSBORN FOX MEMORIAL HOSPITAL,2023-01-01,2023-12-31,53
670116,WISE HEALTH SYSTEM - PARKWAY,2023-01-01,2023-11-30,36
54156,MOTION PICTURE AND TELEVISION FUND,2023-01-01,2023-12-31,12
520214,ASCENSION WISCONSIN EMERUS MENOMONEE,2023-01-01,2023-12-31,24
524025,FOND DU LAC COUNTY HEALTH CARE CTR,2023-01-01,2023-12-31,22
220046,BERKSHIRE MEDICAL CENTER,2022-10-01,2023-09-30,238
524014,BROWN COUNTY COMMUNITY TREATMENT CTR,2023-01-01,2023-12-31,16
524026,WAUKESHA COUNTY MENTAL HEALTH CNTR,2023-01-01,2023-12-31,14
141351,CLAY COUNTY HOSPITAL,2023-03-01,2024-02-29,20
143302,SHRINERS HOSPITALS FOR CHILDREN,2023-01-01,2023-12-31,
190302,OMEGA HOSPITAL LLC,2023-01-01,2023-12-31,10
231316,HILLS & DALES GENERAL HOSPITAL,2023-01-01,2023-12-31,25
330136,MARY IMOGENE BASSETT HOSPITAL,2023-01-01,2023-12-31,160
670093,ASPIRE HOSPITAL  LLC,2023-01-01,2023-12-31,
34022,ACADIA SONORA BEHAVIORAL HOSPITAL,2023-01-01,2023-12-31,140
40069,GREAT RIVER MEDICAL CENTER,2023-01-01,2023-12-31,34
140251,COMMUNITY FIRST MEDICAL CENTER,2023-01-01,2023-12-31,213
141333,SARAH D CULBERTSON,2023-03-01,2024-02-29,22
180066,LOGAN MEMORIAL HOSPITAL,2023-03-01,2024-02-29,37
180101,GEORGETOWN COMMUNITY HOSPITAL,2023-03-01,2024-02-29,75
180116,JACKSON PURCHASE MEDICAL CENTER,2023-03-01,2024-02-29,95
181301,MARCUM & WALLACE MEMORIAL HOSPITAL,2023-01-01,2023-12-31,25
181308,BLUEGRASS COMMUNITY HOSPITAL,2023-03-01,2024-02-29,25
194083,CYPRESS GROVE BEHAVIORAL HEALTH,2023-01-01,2023-12-31,60
281340,DUNDY COUNTY HOSPITAL,2023-03-01,2024-02-29,12
331305,OCONNOR HOSPITAL,2023-01-01,2023-12-31,16
331320,BASSETT HOSPITAL OF SCHOHARIE COUNTY,2023-01-01,2023-12-31,25
360009,LIMA MEMORIAL HOSPITAL,2023-01-01,2023-12-31,110
363043,ENCOMPASS HEALTH REHABIITATION HOSPI,2023-04-01,2024-03-31,40
400125,HOSPITAL HIMA SAN PABLO FAJARDO,2023-01-01,2023-10-19,180
454146,RIO VISTA BEHAVIORAL HEALTH,2023-01-01,2023-12-31,132
320009,LOVELACE MEDICAL CENTER- DOWNTOWN,2023-03-01,2024-02-29,286
111325,WILLS MEMORIAL HOSPITAL,2023-05-01,2024-04-30,25
112012,COLUMBUS SPECIALTY HOSPITAL,2023-01-01,2023-12-31,24
150133,KOSCIUSKO COMMUNITY HOSPITAL,2023-03-01,2024-02-29,72
223304,THE SHRINERS HOSPITAL FOR CHILDREN,2023-01-01,2023-12-31,
344035,RALEIGH OAKS BEHAVIORAL HEALTH,2022-12-28,2023-12-31,56
424007,SPRINGBROOK BHS,2023-01-01,2023-12-31,135
444019,BEHAVIORAL HEALTHCARE CENTERS  LLC,2023-01-01,2023-12-31,26
444021,BEHAVORIAL HEALTH CENTERS,2023-01-01,2023-12-31,16
444024,BEHAVIORAL HEALTH CENTERS,2023-01-01,2023-12-31,16
510093,MON HEALTH MARION NEIGHBORHOOD HOSPI,2023-01-01,2023-12-31,10
514001,HIGHLAND HOSPITAL,2023-01-01,2023-12-31,115
34029,OASIS BEHAVIORAL HEALTH,2023-01-01,2023-12-31,185
171329,CALDWELL REGIONAL MEDICAL CENTER,2023-01-01,2023-12-31,16
241363,STEVENS COMMUNITY MEDICAL CENTER,2023-01-01,2023-12-31,25
280061,REGIONAL WEST MEDICAL CENTER,2023-01-01,2023-12-31,122
362025,SPECIALTY HOSPITAL OF LORAIN,2023-01-01,2023-12-31,24
364050,ACCESS HOSPITAL DAYTON,2023-01-01,2023-12-31,36
520049,BELLIN MEMORIAL HOSPITAL,2022-10-01,2023-09-30,194
10110,BULLOCK COUNTY HOSPITAL,2023-01-01,2023-12-31,17
194117,UNIVERSAL BEHAVIORAL HEALTH HOSPITAL,2023-01-01,2023-12-31,36
240006,OLMSTED MEDICAL CENTER,2023-01-01,2023-12-31,61
241305,RIVERWOOD HEALTHCARE CENTER,2022-10-01,2023-09-30,25
494023,DOMINION HOSPITAL,2023-02-01,2024-01-31,116
501333,KITTITAS VALLEY COMMUNITY HOSPITAL,2023-01-01,2023-12-31,25
180105,MONROE COUNTY MEDICAL CENTER,2023-03-01,2024-02-29,49
362038,ADVANCED SPECIALTY HOSP. OF TOLEDO,2023-03-01,2024-02-29,35
364062,MOUNT CARMEL BEHAVIORAL HEALTH,2023-01-01,2023-12-31,80
464015,HIGHLAND RIDGE HOSPITAL,2023-01-01,2023-12-31,67
53042,ENCOMPASS HEALTH REHABILITATION OF M,2023-04-01,2024-03-31,50
670310,SE TEXAS ER & HOSPITAL,2023-02-01,2024-02-01,
34004,BANNER BEHAVIORAL HEALTH HOSPITAL,2023-01-01,2023-12-31,156
110779,IRWIN COUNTY REH,2023-02-01,2023-11-30,
112003,SHEPHERD CENTER,2023-04-01,2024-03-31,135
241320,RIVERVIEW HEALTHCARE ASSOCIATION,2022-10-01,2023-09-30,21
420038,PH LAURENS COUNTY HOSPITAL,2022-10-01,2023-09-30,46
440238,HAYWOOD COUNTY COMMUNITY HOSPITAL,2023-01-10,2023-12-31,9
444007,ROLLING HILLS HOSPITAL,2023-03-01,2024-02-29,130
521336,TAMARACK HEALTH HAYWARD MED CTR,2023-04-01,2024-03-31,25
670267,THE WOODLANDS SPECIALTY HOSPITAL,2023-01-01,2023-12-31,6
190300,ST. CHARLES SURGICAL HOSPITAL,2023-01-01,2023-12-31,39
220008,STURDY MEMORIAL HOSPITAL,2022-10-01,2023-09-30,125
224038,WALDEN BEHAVIORAL CARE,2023-01-01,2023-12-31,51
250099,GREENWOOD LEFLORE HOSPITAL,2022-10-01,2023-09-30,25
450253,BELLVILLE MEDICAL CENTER,2023-07-01,2023-12-31,23
451317,REFUGIO MEMORIAL HOSPITAL,2023-01-01,2023-12-31,20
454128,WELLBRIDGE HEALTHCARE FORT WORTH,2023-01-01,2023-12-31,48
34035,AVENIR BEHAVIORAL HEALTH CENTER,2023-01-01,2023-12-31,32
500052,KFH - WASHINGTON,2023-01-01,2023-12-31,24
520017,ST. JOSEPHS HOSPITAL,2023-07-01,2024-03-21,102
521332,SPOONER HEALTH SYSTEM,2023-04-01,2024-03-31,20
524044,MENTAL HEALTH EMERGENCY CENTER,2023-03-02,2023-12-31,6
104075,NORTH TAMPA BEHAVIORAL HEALTH,2023-01-01,2023-12-31,126
140125,GATEWAY REGIONAL,2023-03-01,2023-12-31,288
141334,SAINT JOSEPH MEMORIAL HOSPITAL,2023-04-01,2024-03-31,25
250072,CENTRAL MISSISSIPPI MEDICAL CENTER,2022-10-01,2023-09-30,238
294016,DESERT WINDS HOSPITAL,2023-01-01,2023-12-31,114
440176,INDIAN PATH COMMUNITY HOSPITAL,2023-04-01,2024-03-31,40
440184,FRANKLIN WOODS COMMUNITY HOSPITAL,2023-04-01,2024-03-31,80
154057,OPTIONS BEHAVIORAL HEALTH SYSTEM,2023-01-01,2023-12-31,84
180155,ARH ADVANCED CARE - BIG SANDY,2023-03-16,2023-09-14,
324012,THE PEAK HOSPITAL,2023-01-01,2023-12-31,88
670320,EXCELLENCE EMERGENCY HOSPITAL LLC,2023-06-02,2023-07-26,
190184,CITIZENS MEDICAL CENTER,2023-04-01,2024-03-31,40
400013,HOSPITAL MENONITA DE CAYEY,2023-04-01,2024-03-31,244
400018,HOSPITAL MENONITA AIBONITO,2023-04-01,2024-03-31,125
400113,HOSPITAL MENONITA PONCE,2023-04-01,2024-03-31,137
450885,CENTENNIAL MEDICAL CENTER,2023-04-01,2024-03-31,118
452018,TX HLTH SPECIALTY HOSP FORT WORTH,2023-04-01,2024-03-31,15
10085,DECATUR MORGAN - DECATUR CAMPUS,2023-04-01,2024-03-31,310
52044,SELECT SPECIALTY HOSPITAL - SAN DIEG,2023-04-01,2024-03-31,110
64007,CENTENNIAL PEAKS HOSPITAL,2023-01-01,2023-12-31,104
190160,GLENWOOD REGIONAL MEDICAL CENTER,2023-03-01,2024-02-29,212
191305,ST. JAMES PARISH HOSPITAL,2023-04-01,2024-03-31,25
370083,PUSHMATAHA HOSPITAL,2023-04-01,2024-03-31,25
420089,EAST COOPER REGIONAL MEDICAL CENTER,2023-01-01,2024-01-31,120
420117,MEDICAL UNIVERSITY HOSPITAL AUTHORIT,2023-02-06,2023-06-30,25
451367,UT HEALTH EAST TEXAS PITTSBURG,2022-12-01,2023-11-30,25
451377,REEVES COUNTY HOSPITAL,2023-01-01,2023-12-31,25
490118,HENRICO DOCTORS HOSPITAL,2023-04-01,2024-03-31,686
670062,BAYLOR EMERGENCY MEDICAL CENTER,2023-01-01,2023-12-31,40
670124,THE HOSPITALS OF PROV HORIZON CITY,2023-01-01,2023-12-31,16
10157,SHOALS HOSPITAL,2023-04-01,2024-03-31,47
12006,INFIRMARY LTAC HOSPITAL,2023-04-01,2024-03-31,31
51993,ARDEN WOOD  INC.,2023-04-01,2024-03-31,13
53311,SHRINERS HOSPITAL FOR CHILDREN,2023-01-01,2023-12-31,
64026,PEAK VIEW BEHAVIORAL HEALTH,2023-01-01,2023-12-31,112
110132,MEMORIAL HOSPITAL,2023-04-01,2024-03-31,80
110135,TAYLOR REGIONAL HOSPITAL,2023-04-01,2024-03-31,49
111302,BLECKLEY MEMORIAL HOSPITAL,2023-04-01,2024-03-31,25
123301,SHRINERS HOSPITAL FOR CHILDREN,2023-01-01,2023-12-31,
141328,HARDIN COUNTY GENERAL HOSPITAL,2023-04-01,2024-03-31,25
192023,NORTHSHORE EXTENDED CARE HOSPITAL,2023-09-01,2024-01-30,30
194090,OCEANS BEHAVIORAL HOSPITAL OF LAKE C,2023-01-01,2023-12-31,20
224046,MIRAVISTA BEHAVIORAL HEALTH CENTER,2023-01-01,2023-12-31,114
341322,ST LUKES HOSPITAL,2022-10-01,2023-09-30,25
362031,SSH - SOUTHEAST OHIO,2023-04-01,2024-03-31,35
454126,DALLAS BEHAVIORAL HEALTHCARE,2023-01-01,2023-12-31,116
670779,CROSBYTON CLINIC HOSPITAL,2023-01-30,2023-12-31,
30093,BANNER DEL E WEBB MEDICAL CENTER,2023-01-01,2023-12-31,337
40017,NORTH ARKANSAS REGIONAL MEDICAL CTR,2023-04-01,2024-03-31,120
61336,ARKANSAS VALLEY REGL MED CTR,2023-04-01,2024-03-31,20
63038,REUNION REHABILITATION HOSPITAL INVE,2023-04-01,2024-03-31,40
102031,SSH - MIAMI LAKES,2023-04-01,2024-03-31,60
140068,ROSELAND COMMUNITY HOSPITAL,2023-04-01,2024-03-31,134
181310,CARROLL COUNTY MEMORIAL HOSP,2023-01-01,2023-12-31,25
193050,CLEARSKY REHABILITATION HOSPITAL OF,2023-04-01,2024-03-31,20
373035,PAM REHAB HOSPITAL OF TULSA,2023-05-01,2024-04-30,53
400104,HOSPITAL MENONITA CAGUAS INC,2023-04-01,2024-03-31,240
450489,MEDICAL ARTS HOSPITAL,2023-04-01,2024-03-31,21
673088,CLEARSKY REHABILITIATION HOSPITAL OF,2023-07-26,2024-03-31,60
44022,CONWAY BEHAVIORAL HEALTH,2023-01-01,2023-12-31,80
50424,SCRIPPS GREEN HOSPITAL,2022-10-01,2023-09-30,150
52057,SONOMA SPECIALTY HOSPITAL LLC,2023-04-01,2024-03-31,58
83300,ALFRED I DUPONT HOSP FOR CHILDREN,2023-01-01,2023-12-31,222
250094,MERIT HEALTH WESLEY,2023-04-01,2024-03-31,106
281347,OSMOND GENERAL HOSPITAL,2023-07-01,2024-06-30,20
293035,DIGNITY HEALTH REHABILITATION HOSPIT,2023-04-01,2024-03-31,60
334049,FOUR WINDS OF SARATOGA  INC,2023-01-01,2023-12-31,88
370112,SEQUOYAH COUNTY CITY OF SALLISAW HOS,2023-04-01,2024-03-31,41
400011,HOSPITAL MENONITA HUMACAO,2023-04-01,2024-03-31,73
400048,HOSPITAL MENONITA  GUAYAMA,2023-04-01,2024-03-31,140
420080,HILTON HEAD HOSPITAL,2023-01-01,2024-01-31,93
450604,HILL COUNTRY MEMORIAL HOSPITAL,2023-04-01,2024-03-31,57
450662,VALLEY REGIONAL MEDICAL CENTER,2023-04-01,2024-03-31,214
451338,CULBERSON HOSPITAL,2023-04-01,2024-03-31,14
451340,SHAMROCK GENERAL HOSPITAL,2023-04-01,2024-03-31,25
500026,SWEDISH EDMONDS,2023-01-01,2023-12-31,157
670781,ANSON GENERAL HOSPITAL,2023-03-27,2024-03-31,
10129,NORTH BALDWIN INFIRMARY,2023-04-01,2024-03-31,58
110780,FANNIN REGIONAL HOSPITAL,2023-07-01,2023-12-31,
112013,SSH - AUGUSTA UH INC,2023-04-01,2024-03-31,80
150191,FRANCISCAN BEACON HOSPITAL,2023-01-01,2023-12-31,8
251302,MONROE REGIONAL HOSPITAL,2023-01-01,2023-12-31,25
351332,HEART OF AMERICA MEDICAL CENTER,2023-04-01,2024-03-31,25
371326,ALLIANCEHEALTH MADILL,2023-04-01,2024-03-31,25
383300,SHRINERS HOSPITALS FOR CHILDREN,2023-01-01,2023-12-31,
404009,CENTRO DE SALUD CONDUCTUAL MENONITA,2023-04-01,2024-03-31,61
451348,HEART OF TEXAS HEALTHCARE SYSTEM,2023-04-01,2024-03-31,14
524018,ROGERS MEMORIAL HOSPITAL  INC.,2023-08-01,2023-12-31,227
673095,SAN ANTONIO REHABILITATION HOSPITAL,2023-09-24,2023-12-31,48
713029,SHREVEPORT REHABILITATION HOSPITAL,2023-04-01,2024-03-31,40
10100,THOMAS HOSPITAL,2023-04-01,2024-03-31,164
10113,MOBILE INFIRMARY MEDICAL CENTER,2023-04-01,2024-03-31,521
34024,AURORA BHS OF ARIZONA,2023-01-01,2023-12-31,100
34028,AURORA BEHAVIORAL  HEALTHCARE-TEMPE,2023-01-01,2023-12-31,138
140011,HERRIN HOSPITAL,2023-04-01,2024-03-31,85
140164,MEMORIAL HOSPITAL OF CARBONDALE,2023-04-01,2024-03-31,175
140177,JACKSON PARK HOSPITAL,2023-04-01,2024-03-31,109
141352,JACKSONVILLE MEMORIAL HOSPITAL,2022-10-01,2023-09-30,25
452122,EL PASO LTAC HOSPITAL,2023-01-01,2023-12-31,33
503301,MARY BRIDGE CHILDRENS HOSPITAL,2023-01-01,2023-12-31,
503302,SHRINERS HOSPITALS FOR CHILDREN,2023-01-01,2023-12-31,
504009,NAVOS,2023-01-01,2023-12-31,70
523029,MILWAUKEE REHABILITATION HOSPITAL  L,2023-04-01,2024-03-31,40
523032,CLEARSKY REHABILIATION HOSPITAL OF K,2023-09-28,2024-03-31,39
141303,WARNER HOSPITAL AND HEALTH SERVICES,2023-05-01,2024-04-30,15
171367,GOVE COUNTY MEDICAL CENTER,2023-01-01,2023-12-31,21
171377,GREAT PLAINS OF SMITH CO.  INC,2023-04-01,2024-03-31,16
334002,FOUR WINDS  INC.,2023-01-01,2023-12-31,175
54150,KAISER PERMANENTE PSYCHIATRIC HEALTH,2023-01-01,2023-12-31,
110069,HOUSTON HEALTHCARE,2023-01-01,2023-12-31,254
141343,CRAWFORD MEMORIAL HOSPITAL,2023-05-01,2024-04-30,25
182008,CONTINUECARE HOSPITAL AT BAPTIST HEA,2023-04-01,2024-03-31,37
230055,DICKINSON COUNTY HEALTHCARE SYSTEM,2023-01-01,2023-12-31,49
260078,OZARKS MEDICAL CENTER,2023-01-01,2023-12-31,111
360001,MERCY HOSPITAL ANDERSON,2023-01-01,2023-12-31,199
363303,CHILDRENS HOSPITAL MEDICAL CENTER,2023-01-01,2023-12-31,408
444026,ERLANGER BEHAVIORAL HEALTH,2023-01-01,2023-12-31,103
30152,MARICOPA COMMUNITY HOSPITAL,2023-01-01,2023-12-31,9
31318,BANNER PAYSON MEDICAL CENTER,2023-01-01,2023-12-31,25
33043,REUNION REHABILITATION HOSPITAL PHOE,2023-04-01,2024-03-31,48
64028,DENVER SPRINGS,2023-01-01,2023-12-31,96
83027,PAM REHAB HOSPITAL OF DOVER,2023-05-01,2024-04-30,34
100244,CAPE CORAL HOSPITAL,2022-10-01,2023-09-30,289
291313,BANNER CHURCHILL COMMUNITY HOSPITAL,2023-01-01,2023-12-31,25
380025,LEGACY MOUNT HOOD MEDICAL CENTER,2023-04-01,2024-03-31,99
380029,SILVERTON HOSPITAL,2023-04-01,2024-03-31,29
380089,LEGACY MERIDIAN PARK HOSPITAL,2023-04-01,2024-03-31,110
392036,SSH - LAUREL HIGHLANDS  INC,2023-04-01,2024-03-31,40
61317,GRAND RIVER HOSPITAL DISTRICT,2023-01-01,2023-12-31,25
241322,INTL FALLS MEMORIAL HOSPITAL,2023-01-01,2023-12-31,18
440009,CUMBERLAND MEDICAL CENTER,2023-07-01,2024-06-30,73
160005,ST. ANTHONY REGIONAL HOSPITAL,2023-07-01,2024-03-17,49
281315,BRODSTONE MEMORIAL HOSPITAL,2023-05-01,2024-04-30,25
324013,HAVEN BEHAVIORAL SEN CARE OF ALBUQUR,2023-01-01,2023-12-31,48
330401,ST. CATHERINE OF SIENA MEDICAL CENTE,2023-01-01,2023-12-31,254
370240,INTEGRIS COMMUNITY HOSPITAL,2023-01-01,2023-12-31,32
380007,LEGACY EMANUEL HOSPITAL & HEALTH CTR,2023-04-01,2024-03-31,388
380017,LEGACY GOOD SAMARITAN HOSPITAL,2023-04-01,2024-03-31,177
454157,OCEANS BEHAVIORAL HOSPITAL LUBBOCK,2023-04-07,2023-12-31,32
460054,CACHE VALLEY HOSPITAL,2023-04-01,2024-03-31,28
114035,RIVERWOODS BEHAVIORAL HEALTH SYSTEM,2023-01-01,2023-12-31,223
182005,COMMONWEALTH REGIONAL SPECIALTY HOSP,2023-02-01,2024-01-31,16
53044,BAKERSFIELD REHABILITATION HOSPITAL,2023-05-01,2024-04-30,50
53045,10240 SACRAMENTO REHABILITATION HOSP,2023-05-01,2024-04-30,50
141323,MASSAC MEMORIAL HOSPITAL,2023-04-01,2024-03-31,25
171378,NINNESCAH VALLEY HEALTH SYSTEMS,2023-05-01,2024-04-30,25
181318,THE MEDICAL CENTER AT FRANKLIN,2023-04-01,2024-03-31,25
181333,THE MEDICAL CENTER OF ALBANY,2023-09-08,2024-03-31,25
271320,CABINET PEAKS MEDICAL CENTER,2023-04-01,2024-03-31,25
280003,BRYAN MEDICAL CENTER,2023-01-01,2023-12-31,510
280132,BELLEVUE MEDICAL CENTER,2023-04-01,2024-03-31,71
363041,TRIHEALTH REHABILITATION HOSPITAL,2023-04-01,2024-03-31,60
363046,PAM HEALTH REHAB HOSP OF MIAMISBURG,2023-06-15,2024-04-30,42
364057,BLUERIDGE VISTA HEALTH & WELNESS,2023-04-01,2024-03-31,44
454129,GEORGETOWN BEHAVIORAL HEALTH,2023-01-01,2023-12-31,118
454151,MEDICAL BEHAVIORAL HOSPITAL OF CLEAR,2023-01-01,2023-12-31,92
140043,CGH MEDICAL CENTER,2023-05-01,2024-04-30,95
154054,HARSHA BEHAVIORAL CENTER,2023-01-01,2023-12-31,81
154055,BRENTWOOD SPRINGS,2023-01-01,2023-12-31,48
154067,HENDRICKS BEHAVIORAL HOSPITAL,2023-01-01,2023-12-31,112
161316,PALMER LUTHERAN HEALTH CENTER,2023-01-01,2023-09-30,25
190241,PHYSICIANS MEDICAL CENTER,2023-01-01,2023-12-31,30
264024,LAKELAND REGIONAL HOSPITAL,2023-01-01,2023-12-31,100
340168,WILMINGTON TREATMENT CENTER INC,2023-01-01,2023-12-31,92
464012,MARIAN CENTER,2023-01-01,2023-12-31,12
670135,ALTUS HOUSTON HOSPITAL LP,2023-01-01,2023-12-31,10
30094,ABRAZO ARROWHEAD CAMPUS,2023-04-01,2024-03-31,278
104079,LARKIN COMMUNITY HOSPITAL BEHAVIORAL,2023-01-01,2023-12-31,50
141312,ROCHELLE COMMUNITY HOSPITAL,2023-05-01,2024-04-30,17
170199,MINIMALLY INVASIVE SURGERY HOSPITAL,2023-01-01,2023-12-31,9
171354,COMMUNITY HEALTHCARE SYSTEM,2023-04-01,2024-03-31,25
180128,THREE RIVERS MEDICAL CENTER,2023-04-01,2024-03-31,65
254013,OCEANS BEHAVIORAL HOSPITAL TUPELO,2023-04-14,2023-12-31,34
260175,GOLDEN VALLEY MEMORIAL HOSPITAL,2023-04-01,2024-03-31,43
291314,SOUTH LYON MEDICAL CENTER,2023-04-01,2024-03-31,14
351330,WEST RIVER REGIONAL MEDICAL CENTER,2023-04-01,2024-03-31,25
454144,WOODLAND SPRINGS,2023-01-01,2023-12-31,96
670319,TRINITY REGIONAL HOSPITAL SACHSE,2023-01-01,2024-01-31,32
50194,WATSONVILLE COMMUNITY HOSPTIAL,2023-01-01,2023-12-31,106
124001,SUTTER PACIFIC KAHI MOHALA HOSP,2023-01-01,2023-12-31,88
154059,SYCAMORE SPRINGS,2023-01-01,2023-12-31,48
170194,ASCENTIST HOSPITAL,2023-01-01,2023-12-31,9
171319,HOLTON COMMUNITY HOSPITAL,2023-04-01,2024-03-31,14
171353,PHILLIPS COUNTY HOSPITAL,2023-04-01,2024-03-31,25
171375,MITCHELL CO HOSP HEALTH SYSTEMS,2023-04-01,2024-03-31,17
230217,OAKLAWN HOSPITAL,2023-04-01,2024-03-31,78
231306,MACKINAC STRAITS HEALTH SYSTEM  INC,2023-04-01,2024-03-31,15
231308,MUNISING MEMORIAL HOSPITAL,2023-04-01,2024-03-31,11
231316,HILLS & DALES GENERAL HOSPITAL,2022-10-01,2022-12-31,25
233026,MARY FREE BED REHAB HOSPITAL,2023-04-01,2024-03-31,139
261312,HARRISON COUNTY COMMUNITY HOSPITAL,2023-04-01,2024-03-31,15
261331,FREEMAN NEOSHO HOSPITAL,2023-04-01,2024-03-31,25
264031,OSAGE BEACH CENTER FOR COGNITIVE DIS,2023-01-01,2023-12-31,16
271328,LOGAN HEALTH SHELBY,2023-04-01,2023-12-31,21
281318,MORRILL COUNTY COMMUNITY HOSPITAL,2023-07-01,2024-06-30,20
281344,CHERRY COUNTY HOSPITAL,2023-04-01,2024-03-31,25
330405,HELEN HAYES HOSPITAL,2023-04-01,2024-03-31,
450400,PARKVIEW REGIONAL HOSPITAL,2023-04-01,2024-03-31,49
34034,DESTINY SPRINGS HEALTHCARE,2023-01-01,2023-12-31,90
141308,WASHINGTON COUNTY HOSPITAL,2023-05-01,2024-04-30,22
181314,THE MEDICAL CENTER AT CAVERNA,2023-04-01,2024-03-31,25
360058,MERCER COUNTY COMMUNITY HOSPITAL,2023-04-01,2024-03-31,88
360065,FISHER-TITUS MEDICAL CENTER,2023-01-01,2023-12-31,78
360096,EAST LIVERPOOL CITY HOSPITAL,2023-01-01,2023-12-31,116
360247,PARKSIDE BEHAVIORAL HEALTHCARE ACQUI,2023-01-01,2023-12-31,50
364052,CLEARVISTA HEALTH & WELNESS,2023-04-01,2024-03-31,52
364061,RIVER VISTA HEALTH & WELNESS,2023-04-01,2024-03-31,80
364064,SUNRISEVISTA HEALTH AND WELLNESS,2023-04-01,2024-03-31,72
370779,PERRY MEMORIAL HOSPITAL,2023-04-01,2023-12-31,
670109,BAYTOWN MEDICAL CENTER OP,2023-01-01,2023-12-31,14
10126,TROY REGIONAL MEDICAL CENTER,2023-04-01,2024-03-31,41
50697,PATIENTS HOSPITAL OF REDDING,2023-01-01,2023-12-31,10
100142,JACKSON HOSPITAL  MARIANNA,2022-10-01,2023-09-30,66
260095,CENTERPOINT MEDICAL CENTER,2023-04-01,2024-03-31,353
260137,FREEMAN OAK HILL HEALTH SYSTEM,2023-04-01,2024-03-31,348
334064,SAGAMORE CHILDRENS PSYCH CTR,2023-04-01,2024-03-31,
334065,WESTERN NY CHILDRENS PSYCH CTR,2023-04-01,2024-03-31,
381321,GRANDE RONDE HOSPITAL,2023-05-01,2024-04-30,25
41328,CHICOT MEMORIAL MEDICAL CENTER,2023-04-01,2024-03-31,25
140210,HARRISBURG MEDICAL CENTER  INC.,2023-04-01,2024-03-31,40
150150,DUPONT HOSPITAL,2023-04-01,2024-03-31,131
250093,BOLIVAR MEDICAL CENTER,2023-04-01,2024-03-31,152
312024,SILVER LAKE HOSPITAL LTACH,2023-04-01,2024-03-31,63
440159,DELTA MEDICAL CENTER MEMPHIS,2023-04-01,2024-03-31,10
504014,INLAND NORTHWEST BEHAVIORAL HEALTH,2023-04-01,2024-03-31,100
670266,TOWNSEN MEMORIAL HOSPITAL,2023-01-01,2023-12-31,5
670314,ST MICHAELS MEDICAL HOSPITAL LLC,2023-01-01,2023-12-31,5
673089,CLEARSKY REHABILITIATION HOSPITAL OF,2023-09-07,2024-03-31,30
13029,ENCOMPASS HEALTH REHABILITATION HOSP,2023-06-01,2024-05-31,85
13033,REGIONAL REHABILITATION HOSPITAL,2023-06-01,2024-05-31,58
33032,ENCOMPASS HEALTH VALLEY OF THE SUN R,2023-06-01,2024-05-31,75
43028,ENCOMPASS HEALTH REHABILITATION HOSP,2023-06-01,2024-05-31,65
43035,CHI ST. VINCENT HOT SPRINGS REHABILI,2023-06-01,2024-05-31,48
50360,MARINHEALTH MEDICAL CENTER,2023-01-01,2023-12-31,310
100122,NORTH OKALOOSA MEDICAL CENTER,2023-04-01,2024-03-31,110
130073,GROVE CREEK MEDICAL CENTER,2023-01-01,2023-12-31,8
141307,PINCKNEYVILLE COMMUNITY HOSPITAL,2023-05-01,2024-04-30,20
143030,THE REHABILITATION INSTITUTE OF SOUT,2023-06-01,2024-05-31,40
170006,VIA CHRISTI HOSPITAL PITTSBURG  INC.,2023-04-01,2024-03-31,64
170779,SOUTH CENTRAL KS REGIONAL MEDICAL CT,2023-08-26,2023-12-31,
231312,SHERIDAN COMMUNITY HOSPITAL,2023-04-01,2024-03-31,22
263028,THE REHABILITATION INSTITUTE OF ST.,2023-06-01,2024-05-31,176
264035,MARYLAND HEIGHTS CENTER FOR BH,2023-01-20,2023-12-31,16
342020,SSH -GREENSBORO,2023-05-01,2024-04-30,30
370015,HILLCREST HOSPITAL PRYOR,2023-04-01,2024-03-31,21
423028,ENCOMPASS HEALTH REHABILITATION HOSP,2023-06-01,2024-05-31,50
442011,SSH -NASHVILLE,2023-05-01,2024-04-30,100
443027,REHABILITATION HOSPITAL OF KINGSPORT,2023-06-01,2024-05-31,50
443028,VANDERBILT STALLWORTH REHABILITATION,2023-06-01,2024-05-31,80
443030,WEST TENNESSEE HEALTHCARE REHABILITA,2023-06-01,2024-05-31,40
443032,ENCOMPASS HEALTH REHABILITATION HOSP,2023-06-01,2024-05-31,50
450028,VALLEY BAPTIST MED CNTR BROWNSVILLE,2023-05-01,2024-04-30,240
453031,ENCOMPASS HEALTH REHABILITATION HOSP,2023-06-01,2024-05-31,108
493031,ENCOMPASS HEALTH REHABILITATION HOSP,2023-06-01,2024-05-31,64
493032,ENCOMPASS HEALTH REHABILITATION HOSP,2023-06-01,2024-05-31,58
493033,ENCOMPASS HEALTH REHABILITATION HOSP,2023-06-01,2024-05-31,60
493034,REHABILITATION HOSPITAL OF BRISTOL,2023-06-01,2024-05-31,25
524043,GRANITE HILLS HOSPITAL,2023-05-01,2024-04-30,36
673058,BSW LAKEWAY,2023-05-01,2024-04-30,36
12014,NORTH ALABAMA SPECIALTY HOSPITAL,2023-05-01,2024-04-30,31
110025,SGHS - BRUNSWICK CAMPUS,2023-05-01,2024-04-30,300
110146,SGHS - CAMDEN CAMPUS,2023-05-01,2024-04-30,40
111324,CHATUGE REGIONAL HOSPITAL,2023-05-01,2024-04-30,25
112011,SSH - SAVANNAH  INC.,2023-05-01,2024-04-30,40
194056,COMMUNITY CARE HOSPITAL,2023-05-01,2024-04-30,38
340085,THOMASVILLE MEDICAL CENTER,2023-01-01,2023-12-31,73
490141,SPOTSYLVANIA REGIONAL MEDICAL CENTER,2023-05-01,2024-04-30,109
14000,HILL CREST HOSPITAL,2023-07-01,2024-06-30,
14013,PREMIER BEH SOLUTIONS OF ALABAMA,2023-07-01,2024-06-30,
51334,OJAI VALLEY COMMUNITY HOSPITAL,2023-01-01,2023-12-31,25
110051,UNION GENERAL HOSPITAL,2023-05-01,2024-04-30,39
140053,ST. JOHNS HOSPITAL,2023-07-01,2024-06-30,442
194007,NORTHLAKE BEHAVIORAL HEALTH SYSTEM,2023-01-01,2023-12-31,140
201304,MOUNT DESERT ISLAND HOSPITAL,2023-05-01,2024-04-30,25
241332,WINDOM AREA HOSPITAL,2023-05-01,2024-04-30,18
254011,GULFPORT BEHAVIORAL HEALTH SYSTEM,2023-04-01,2024-03-31,90
271312,PHILLIPS COUNTY HOSPITAL,2023-05-01,2024-04-30,6
330354,ROSWELL PARK CANCER INSTITUTE,2023-04-01,2024-03-31,157
334066,ROCKLAND CHILDRENS PSYCHIATRIC CTR,2023-04-01,2024-03-31,
334067,NEW YORK CITY CHILDRENS PHYSCH CTR,2023-04-01,2024-03-31,
450370,COLUMBUS COMMUNITY HOSPITAL,2023-05-01,2024-04-30,40
450844,METHODIST WILLOWBROOK HOSPITAL,2023-01-01,2023-12-31,346
673042,ENCOMPASS HEALTH REHABILITATION HOSP,2023-06-01,2024-05-31,50
33037,ENCOMPASS HEALTH REHABILITATION HOSP,2023-06-01,2024-05-31,70
63034,ENCOMPASS HEALTH REHABILITATION HOSP,2023-06-01,2024-05-31,60
80006,NANTICOKE MEMORIAL HOSPITAL,2023-07-01,2024-06-30,92
140088,UNIVERSITY OF CHICAGO HOSPITALS,2023-07-01,2024-06-30,737
183029,SOUTHERN KENTUCKY REHAB HOSPITAL,2023-01-01,2023-12-31,60
184012,LINCOLN TRAIL BEHAVIORAL HEALTH,2023-05-01,2024-04-30,110
190090,WINN PARISH MEDICAL CENTER,2023-04-01,2024-03-31,45
222007,HEBREW REHABILITATION CENTER,2022-10-01,2023-09-30,667
230038,COREWELL HEALTH GRAND RAPIDS HOSPITA,2023-01-01,2023-12-31,1114
232024,SSH - ANN ARBOR,2023-05-01,2024-04-30,36
232031,SSH - WYANDOTTE,2023-05-01,2024-04-30,71
313036,ENCOMPASS HEALTH REHABILITATION HOSP,2023-06-01,2024-05-31,41
371303,ROGER MILLS MEMORIAL HOSPITAL,2023-05-01,2024-04-30,15
371334,CARNEGIE TRI-COUNTY MUNICIPAL HOSPIT,2023-05-01,2024-04-30,17
392031,SSH - JOHNSTOWN  INC.,2023-05-01,2024-04-30,39
440003,SUMNER REGIONAL MEDICAL CENTER,2023-05-01,2024-04-30,138
451333,MARTIN COUNTY HOSPITAL,2023-05-01,2024-04-30,18
40004,WASHINGTON REGIONAL MEDICAL CENTER,2023-01-01,2023-12-31,377
104081,OGLETHORPE OF ORLANDO  INC.,2023-04-01,2024-03-31,64
190106,OAKDALE COMMUNITY HOSPITAL,2023-04-01,2024-03-31,49
253027,ENCOMPASS HEALTH REHABILITATION HOSP,2023-06-01,2024-05-31,43
451394,KNOX COUNTY HOSPITAL,2022-10-01,2023-09-30,25
510029,THOMAS MEMORIAL HOSPITAL,2022-10-01,2023-09-30,168
510031,ST FRANCIS HOSPITAL,2022-10-01,2023-09-30,40
53047,10220 STOCKTON REGIONAL REHABILITATI,2023-07-14,2024-04-30,50
102024,SSH - PENSACOLA INC,2023-04-01,2024-03-31,60
222000,SPAULDING HOSPITAL CAMBRIDGE,2022-10-01,2023-09-30,180
370093,OU MEDICAL CENTER,2023-07-01,2024-06-30,842
390326,ST LUKE HOSPITAL ANDERSON CAMPUS,2023-07-01,2024-06-30,183
450775,HCA HOUSTON HEALTHCARE KINGWOOD,2022-10-01,2023-09-30,584
140084,VISTA MEDICAL CENTER - EAST,2022-12-01,2023-11-30,190
151319,DEACONESS GIBSON,2022-10-01,2023-09-30,25
171347,SHERIDAN COUNTY HEALTH COMPLEX,2023-01-01,2023-12-31,18
320057,SANTA FE INDIAN HOSPITAL,2022-10-01,2023-09-30,
320085,MOUNTAIN VIEW REG MED CTR,2023-04-01,2024-03-31,166
340032,GASTON MEMORIAL HOSPITAL,2023-07-01,2024-06-30,424
52054,MONROVIA MEMORIAL HOSPITAL,2023-05-01,2024-04-30,49
100006,ORLANDO HEALTH,2022-10-01,2023-09-30,1467
180092,CLARK REGIONAL MEDICAL CENTER,2023-05-01,2024-04-30,59
360112,ST VINCENT MEDICAL CENTER,2023-01-01,2023-12-31,516
363044,REUNION REHABILITATION HOSPITAL DUBL,2023-01-01,2023-03-27,40
30043,CANYON VISTA MEDICAL CENTER,2023-05-01,2024-04-30,74
50057,KAWEAH DELTA MEDICAL CENTER,2023-07-01,2024-06-30,430
104084,NEUROBEHAVIORAL HOSPITAL OF THE PB,2023-02-01,2024-01-31,42
170183,KANSAS SURGERY & RECOVERY CENTER,2023-07-01,2024-06-30,30
190218,SABINE MEDICAL CENTER,2023-04-01,2024-03-31,48
281327,COZAD COMMUNITY HOSPITAL,2023-05-01,2024-04-30,20
281348,TRI VALLEY HEALTH SYSTEM,2023-05-01,2024-04-30,20
394038,FOUNDATIONS BEHAVIORAL HEALTH,2023-07-01,2024-06-30,
172005,SSH - KANSAS CITY,2022-11-01,2023-10-31,40
260138,SAINT LUKES HOSPITAL OF KANSAS CITY,2023-01-01,2023-12-31,478
340144,DAVIS REGIONAL MEDICAL CENTER,2022-10-01,2023-05-04,16
450833,ENNIS REGIONAL MEDICAL CENTER,2023-05-01,2024-04-30,59
50150,SIERRA NEVADA MEMORIAL HOSPITAL,2023-01-01,2023-12-31,104
190140,FRANKLIN MEDICAL CENTER,2023-05-01,2024-04-30,31
244016,PRAIRIECARE,2023-01-01,2023-12-31,
420049,CONWAY HOSPITAL,2022-10-01,2023-09-30,171
450389,UT HEATH ATHENS,2023-05-01,2024-04-30,127
104085,BOYNTON BEACH FLORIDA BEHAVIORAL HEA,2023-04-07,2023-12-31,71
271308,ROOSEVELT MEDICAL CENTER,2023-05-01,2024-04-30,29
100017,HALIFAX MEDICAL CENTER,2022-10-01,2023-09-30,533
390270,GEISINGER WYOMING VALLEY MED CTR,2023-07-01,2024-06-30,318
530032,EVANSTON REGIONAL,2023-05-01,2024-04-30,32
50022,RIVERSIDE COMMUNITY HOSPITAL,2023-05-01,2024-04-30,517
251330,FRANKLIN COUNTY HOSPITAL,2023-05-01,2024-04-30,24
390048,GEISINGER LEWISTOWN HOSPITAL,2023-07-01,2024-06-30,133
420020,GEORGETOWN MEMORIAL HOSPITAL,2022-10-01,2023-09-30,69
420098,WACCAMAW COMMUNITY HOSPITAL,2022-10-01,2023-09-30,125
440029,WILLIAMSON HEALTH,2023-07-01,2024-06-30,212
100224,HCA FLORIDA WOODMONT HOSPITAL,2023-05-01,2024-04-30,194
104017,WINDMOOR HEALTHCARE,2023-07-01,2024-06-30,144
231309,ASPIRUS ONTONAGON HOSPITAL,2023-07-01,2024-04-19,18
260186,LAKE REGIONAL HEALTH SYSTEM,2023-05-01,2024-04-30,105
280111,COLUMBUS COMMUNITY HOSPITAL,2023-05-01,2024-04-30,50
450743,TEXAS HEALTH DENTON,2023-05-01,2024-04-30,217
104049,SOUTHERN WINDS HOSPITAL  LLC,2023-01-01,2023-12-31,72
190274,OCHSNER MEDICAL CENTER - KENNER  LLC,2023-05-01,2024-04-30,118
440030,MORRISTOWN-HAMBLEN HOSPITAL,2023-07-01,2024-06-30,100
30110,ABRAZO WEST CAMPUS,2023-05-01,2024-04-30,207
50782,CASA COLINA HOSPITAL AND CENTERS FOR,2023-04-01,2024-03-31,31
100252,RAULERSON HOSPITAL,2023-05-01,2024-04-30,100
160089,OTTUMWA REGIONAL HEALTH CENTER,2023-05-01,2024-04-30,76
230036,MYMICHIGAN MEDICAL CENTER ALPENA,2023-07-01,2024-06-30,128
260142,JOHN FITZGIBBON MEMORIAL HOSPITAL,2023-05-01,2024-04-30,42
261330,STE. GENEVIEVE CO. MEMORIAL HOSP,2023-05-01,2024-04-30,25
320017,LOVELACE WOMENS HOSPITAL,2023-05-01,2024-04-30,162
451356,MEMORIAL MEDICAL CENTER,2023-01-01,2023-12-31,25
452051,UT HEALTH EAST TEXAS SPECIALTY HOSPI,2023-05-01,2024-04-26,18
500150,LEGACY SALMON CREEK HOSPITAL,2023-04-01,2024-03-31,178
40027,BAXTER REGIONAL MEDICAL CENTER,2023-01-01,2023-12-31,169
182009,CONTINUECARE HOSPITAL MADISONVILLE,2023-04-01,2024-03-31,35
241372,MADISON HEALTHCARE SERVICES,2022-10-01,2023-09-30,12
13031,ENCOMPASS HEALTH REHABILITATION HOSP,2023-07-01,2024-06-30,34
143031,ENCOMPASS HEALTH REHABILITATION INST,2023-07-01,2024-06-30,60
223027,ENCOMPASS HEALTH REHABILITATION HOSP,2023-07-01,2024-06-30,187
390201,POCONO MEDICAL CENTER,2023-07-01,2024-06-30,237
393026,ENCOMPASS HEALTH REHABILITATION HOSP,2023-07-01,2024-06-30,60
393027,ENCOMPASS HEALTH REHABILITATION HOSP,2023-07-01,2024-06-30,162
393031,ENCOMPASS HEALTH REHABILITATION HOSP,2023-07-01,2024-06-30,75
393037,ENCOMPASS HEALTH REHABILITATION HOSP,2023-07-01,2024-06-30,64
393039,ENCOMPASS HEALTH REHABILITATION HOSP,2023-07-01,2024-06-30,46
393040,ENCOMPASS HEALTH REHABILITATION HOSP,2023-07-01,2024-06-30,80
393045,ENCOMPASS HEALTH REHABILITATION HOSP,2023-07-01,2024-06-30,77
393046,ENCOMPASS HEALTH REHABILITATION HOSP,2023-07-01,2024-06-30,60
393047,GEISINGER ENCOMPASS HEALTH REHABILIT,2023-07-01,2024-06-30,42
443039,PATRICIA NEAL REHABILITATION HOSPITA,2023-03-16,2024-06-30,73
450155,HEREFORD REGIONAL MEDICAL CTR,2022-10-01,2023-09-30,32
390113,MEADVILLE MEDICAL CENTER,2023-07-01,2024-06-30,200
74014,SILVER HILL HOSPITAL,2023-01-01,2023-12-31,35
161305,POCAHONTAS COMMUNITY HOSPITAL,2023-07-01,2024-06-30,25
373039,ASCENSION ST.JOHN REHABILITATION HOS,2023-04-07,2024-06-30,40
670080,SETON MEDICAL CENTER HARKER HEIGHTS,2023-05-01,2024-04-30,65
673043,ENCOMPASS HEALTH REHABILITATION HOSP,2023-07-01,2024-06-30,60
100281,MEMORIAL HOSPITAL WEST,2023-05-01,2024-04-30,486
164007,CLIVE BEHAVORIAL HEALTH LLC,2023-04-01,2024-03-31,100
190128,WOMANS HOSPITAL,2022-10-01,2023-09-30,228
271309,PRAIRIE COMMUNITY HOSPITAL,2023-07-01,2024-06-30,25
280059,TWELVE CLANS UNITY HOSPITAL,2023-04-06,2023-09-30,13
281305,KIMBALL COUNTY HOSPITAL,2023-07-01,2024-06-30,14
281308,HENDERSON HEALTH CARE SERVICES,2023-07-01,2024-06-30,13
303026,NORTHEAST REHABILITATION HOSPITAL,2023-06-01,2024-05-31,135
394049,BROOKE GLEN BEHAVIORAL HOSPITAL,2023-03-01,2024-02-29,146
440046,HORIZON MEDICAL CENTER,2023-06-01,2024-05-31,110
492007,HOSPITAL FOR EXTENDED RECOVERY,2023-06-01,2024-05-31,35
670088,COLLEGE STATION HOSPITAL,2023-06-01,2024-05-31,142
142010,RML HEALTH PROVIDERS  L.P.,2023-06-01,2024-05-31,184
144040,CHICAGO BEHAVIORAL HOSPITAL,2023-01-01,2023-12-31,147
190039,WEST JEFFERSON MEDICAL CENTER,2023-01-01,2023-12-31,193
363042,MOUNT CARMEL REHABILITATION HOSPITAL,2023-07-01,2024-06-30,60
364038,BELMONT PINES,2023-05-01,2024-04-30,53
392037,SSH - ERIE,2023-06-01,2024-05-31,43
420085,GRAND STRAND REGIONAL MED CTR,2023-05-01,2024-04-30,346
440779,TRISTAR ASHLAND CITY MEDICAL CENTER,2023-07-01,2024-05-31,
464007,BENCHMARK BEHAVIORAL HEALTH SYSTEM I,2023-07-01,2024-06-30,
493300,CUMBERLAND HOSPITAL LLC,2023-06-01,2024-05-31,
500088,VALLEY MEDICAL CENTER,2023-07-01,2024-06-30,328
521335,HUDSON HOSPITAL,2023-01-01,2023-12-31,25
673044,ENCOMPASS HEALTH REHABILITATION HOSP,2023-07-01,2024-06-30,60
673061,BAY AREA REHAB HOSPITAL,2023-06-01,2024-05-31,151
673067,PAM REHAB HOSPITAL CORPUS CHRISTI,2023-06-01,2024-05-31,40
44013,BHC PINNACLE POINTE HOSPITAL LLC,2023-06-01,2024-05-31,
241323,MADELIA HEALTH,2023-06-01,2024-05-31,25
440197,SOUTHERN HILLS MEDICAL CENTER,2023-06-01,2024-05-31,110
453035,SA WARM SPRINGS REHAB HOSP,2023-06-01,2024-05-31,145
51303,SOUTHERN MONO HEALTH CARE DISTRICT,2023-07-01,2024-06-30,17
100285,MEMORIAL HOSPITAL MIRAMAR,2023-05-01,2024-04-30,178
170137,LAWRENCE MEMORIAL HOSPITAL,2023-01-01,2023-12-31,110
232035,SSH - KALAMAZOO,2023-06-01,2024-05-31,25
403025,ENCOMPASS HEALTH REHABILITATION HOSP,2023-06-01,2024-05-31,33
403026,ENCOMPASS HEALTH REHABILITATION HOSP,2023-06-01,2024-05-31,42
440228,ST. FRANCIS BARTLETT MED CTR,2023-06-01,2024-05-31,196
450002,THE HOSPITALS OF PROVIDENCE-MEMORIAL,2023-06-01,2024-05-31,373
451334,PARKVIEW HOSPITAL,2023-06-01,2024-05-31,16
452100,MESQUITE SPECIALTY HOSPITAL,2023-06-01,2024-05-31,40
522008,SSH -MADISON,2023-06-01,2024-05-31,58
673036,REHABILITATION INSTITUTE OF DENTON,2023-06-01,2024-05-31,44
32005,SSH - ARIZONA  INC.,2023-06-01,2024-05-31,32
42009,RH OF NORTHWESTARKANSAS  LLC,2023-06-01,2024-05-31,25
100054,TWIN CITIES HOSPITAL,2023-06-01,2024-05-31,65
100161,HCA FLORIDA LAKE MONROE HOSPITAL,2023-06-01,2024-05-31,199
101304,CALHOUN-LIBERTY HOSPITAL ASSN,2023-01-01,2023-12-31,10
104080,CORAL SHORES BEHAVIORAL HEALTH,2023-06-01,2024-05-31,80
111305,MILLER COUNTY HOSPITAL,2023-07-01,2024-06-30,25
141319,HAMMOND-HENRY HOSPITAL,2023-06-01,2024-05-31,23
141345,SALEM TOWNSHIP HOSPITAL,2023-04-01,2024-03-31,25
182003,SSH - LEXINGTON  INC,2023-06-01,2024-05-31,30
210039,CALVERT MEMORIAL HOSPITAL,2023-07-01,2024-06-30,78
230021,COREWELL HEALTH LAKELAND HOSPITALS,2023-01-01,2023-06-30,231
321310,HOLY CROSS HOSPITAL,2023-06-01,2024-05-31,25
340013,RUTHERFORD HOSPITAL  INC.,2023-06-01,2024-05-31,119
344014,HOLLY HILLS HOSPITAL,2023-01-01,2023-12-31,296
372005,OKC-AMG SPECIALTY HOSPITAL,2023-06-01,2024-05-31,18
390133,LEHIGH VALLEY,2023-07-01,2024-06-30,1216
440152,REGIONAL ONE HEALTH,2023-07-01,2024-06-30,291
442017,REGIONAL ONE HEALTH EXTENDED CARE HO,2023-07-01,2024-06-30,30
450241,FAITH COMMUNITY HOSPITAL,2023-06-01,2024-05-31,13
450638,HOUSTON NORTHWEST MEDICAL CENTER,2023-06-01,2024-05-31,281
450742,BAYLOR SCOTT & WHITE MC- LAKE POINTE,2023-06-01,2024-05-31,176
453096,VIBRA REHABILITATION HOSPITAL OF AMA,2023-08-01,2023-10-31,44
510070,RALEIGH GENERAL HOSPITAL,2023-06-01,2024-05-31,300
670098,RESOLUTE HEALTH,2023-06-01,2024-05-31,121
673078,SHANNON REHABILITATION HOSPITAL  AN,2023-07-01,2024-06-30,40
33041,REHABILITATION HOSPITAL OF NORTHERN,2023-06-01,2024-05-31,40
50243,DESERT HOSPITAL,2023-06-01,2024-05-31,326
50689,SAN RAMON REG. MEDICAL CENTER,2023-06-01,2024-05-31,123
50724,HEART HOSPITAL OF BAKERSFIELD,2023-01-01,2023-11-26,47
63027,SPALDING REHAB HOSPITAL,2023-06-01,2024-05-31,58
100287,GOOD SAMARITAN HOSPITAL,2023-06-01,2024-05-31,333
133027,REHABILITATION HOSPITAL OF THE NORTH,2023-06-01,2024-05-31,30
140172,FRANCISCAN ST. JAMES HEALTH,2023-01-01,2023-12-31,129
271344,SIDNEY HEALTH CENTER,2023-07-01,2024-06-30,25
292003,HORIZON SPEC HOSPITAL-LAS VEGAS,2023-06-01,2024-05-31,100
393053,PENN STATE HERSHEY REHABILITATION LL,2023-06-01,2024-05-31,98
431305,DOUGLAS COUNTY MEMORIAL HOSPITAL,2023-06-01,2024-05-31,11
450087,MEDICAL CITY NORTH HILLS,2023-06-01,2024-05-31,142
450324,TEXOMA MEDICAL CENTER,2023-01-01,2023-12-31,389
450668,THE HOSPITALS OF PROVIDENCE SIERRA C,2023-06-01,2024-05-31,282
450669,MEDICAL CITY LEWISVILLE,2023-06-01,2024-05-31,160
450675,MEDICAL CITY ARLINGTON,2023-06-01,2024-05-31,340
670034,ROUND ROCK HOSPITAL,2023-06-01,2024-05-31,164
33036,MOUNTAIN VALLEY REGIONAL REHABILITAT,2023-06-01,2024-05-31,44
50464,DOCTORS MEDICAL CENTER OF MODESTO,2023-06-01,2024-05-31,380
50506,ADVENTIST HEALTH SIERRA VISTA,2023-06-01,2024-05-31,162
50534,JOHN.F. KENNEDY MEMORIAL HOSP.,2023-06-01,2024-05-31,130
50633,ADVENTIST HEALTH TWIN CITIES,2023-06-01,2024-05-31,122
100230,MEMORIAL HOSPITAL PEMBROKE,2023-05-01,2024-04-30,195
130018,EASTERN IDAHO REGIONAL MEDICAL CENTE,2022-10-01,2023-09-30,246
161370,LORING HOSPITAL,2023-07-01,2024-06-30,25
191301,UNION GENERAL HOSPITAL  INC.,2023-07-01,2024-06-30,20
224041,SOUTHCOAST BEHAVIORAL HEALTH,2023-01-01,2023-12-31,192
230216,MCLAREN PORT HURON,2022-10-01,2023-09-30,152
260020,MERCY HOSPITAL - ST. LOUIS,2023-07-01,2024-06-30,782
370199,LAKESIDE WOMENS HOSPITAL,2023-07-01,2024-06-30,23
530011,MEM. HOSPT. OF SWEETWATER COUNTY,2023-07-01,2024-06-30,58
533027,ELKHORN VALLEY REHABILITATION HOSPIT,2023-06-01,2024-05-31,40
50118,DOCTORS HOSPITAL OF MANTECA,2023-06-01,2024-05-31,73
102027,KINDRED HOSPITAL MELBOURNE,2023-09-01,2024-08-31,47
151318,DUKES MEMORIAL HOSPITAL,2023-01-01,2023-12-31,25
161303,GRUNDY COUNTY MEM. HOSPITAL,2023-07-01,2024-06-30,25
180038,OWENSBORO HEALTH REGIONAL HOSPITAL,2023-06-01,2024-05-31,302
180046,BOURBON COMMUNITY HOSPITAL,2023-06-01,2024-05-31,34
180070,OWENSBORO HEALTH TWIN LAKES MEDICAL,2023-06-01,2024-05-31,49
190004,THIBODAUX REGIONAL HEALTH SYSTEM,2022-10-01,2023-09-30,170
192031,CORNERSTONE SPECIALTY WEST MONROE,2023-09-01,2024-08-31,41
234023,HAVENWYCK HOSPITAL,2023-07-01,2024-06-30,213
322003,ALBUQUERQUE - AMG SPECIALTY HOSPITAL,2023-06-01,2024-05-31,32
363040,REHABILITATION HOSPITAL OF NORTHWEST,2023-06-01,2024-05-31,40
370211,INTEGRIS CANADIAN VALLEY HOSPITAL,2023-07-01,2024-06-30,66
371321,HOLDENVILLE GENERAL HOSPITAL,2023-07-01,2024-06-30,25
371333,CREEK NATION COMMUNITY HOSPITAL,2022-10-01,2023-09-30,25
420002,PIEDMONT MEDICAL CENTER,2023-06-01,2024-05-31,374
440183,ST. FRANCIS HOSPITAL,2023-06-01,2024-05-31,334
450647,MEDICAL CITY DALLAS,2023-06-01,2024-05-31,781
451380,UT HEALTH EAST TEXAS QUITMAN HOSPITA,2023-06-01,2024-05-31,25
42010,CORNERSTONE SPECIALTY LITTLE ROCK,2023-09-01,2024-08-31,40
50589,PLACENTIA LINDA COMMUNITY HOSPITAL,2023-06-01,2024-03-26,114
161379,MAHASKA HEALTH PARTNERSHIP,2023-07-01,2024-06-30,25
170176,OVERLAND PARK REGIONAL MED CTR,2023-06-01,2024-05-31,263
190116,MOREHOUSE GENERAL HOSPITAL,2023-06-01,2024-05-31,39
250117,HIGHLAND COMMUNITY HOSPITAL,2022-10-01,2023-09-30,49
260113,MISSOURI DELTA MEDICAL CENTER,2022-10-01,2023-09-30,98
260195,CITIZENS MEMORIAL HOSPITAL DISTRICT,2023-06-01,2024-05-31,52
430005,PRAIRIE LAKES HEALTH CARE CENTER,2023-06-01,2024-05-31,81
452073,KINDRED HOSPITAL SAN ANTONIO CENTRAL,2023-09-01,2024-08-31,44
452095,SOLARA SPECIALTY MCALLEN,2023-09-01,2024-08-31,53
50551,LOS ALAMITOS MEDICAL CTR.,2023-06-01,2024-03-26,172
50581,LAKEWOOD REGIONAL MED. CTR.,2023-06-01,2024-03-26,168
100079,UNIVERSITY OF MIAMI HOSP & CLINICS,2023-06-01,2024-05-31,538
100288,ST MARYS MEDICAL CENTER,2023-06-01,2024-05-31,388
144039,GARFIELD PARK HOSPITAL,2023-07-01,2024-06-30,
192013,CORNERSTONE SPECIALTY SOUTHWEST LOUI,2023-09-01,2024-08-31,28
371341,SHARE MEDICAL CENTER,2023-07-01,2024-06-30,25
451389,PECOS COUNTY MEMORIAL HOSPITAL,2023-01-01,2023-06-30,25
451389,PECOS COUNTY MEMORIAL HOSPITAL,2023-07-01,2023-12-31,25
452107,CORNERSTONE SPECIALTY CONROE,2023-09-01,2024-08-31,41
520063,ST. JOSEPHS COMM. HOSPT.,2023-07-01,2024-06-30,70
520107,HOLY FAMILY MEMORIAL INC,2023-07-01,2024-06-30,45
520177,FROEDTERT MEM. LUTHERAN HOSPT.,2023-07-01,2024-06-30,729
520213,FROEDTERT HLTH NEIGHORHOOD HOSP LLC,2023-07-01,2024-06-30,16
50279,HI - DESERT MEDICAL CENTER,2023-06-01,2024-05-31,55
52045,KINDRED HOSPITAL BALDWIN PARK,2023-09-01,2024-08-31,91
270003,ST. PETERS HOSPITAL,2023-06-01,2024-05-31,125
281338,HOWARD COUNTY MEDICAL CENTER,2023-07-01,2024-06-30,10
351335,JAMESTOWN REGIONAL MEDICAL CENTER,2023-07-01,2024-06-30,25
452111,ATRIUM MEDICAL CENTER,2022-12-01,2023-11-30,20
520103,COMMUNITY MEMORIAL HOSPITAL,2023-07-01,2024-06-30,127
52037,KINDRED HOSPITAL ONTARIO,2023-09-01,2024-08-31,91
52038,KINDRED HOSPITAL LA MIRADA,2023-09-01,2024-08-31,193
52050,KINDRED HOSPITAL SOUTH BAY,2023-09-01,2024-08-31,57
150047,LUTHERAN DOWNTOWN HOSPITAL,2023-06-01,2024-05-31,60
240101,ST. MARYS REGIONAL HEALTH CENTER,2023-07-01,2024-06-30,36
260022,NORTHEAST REGIONAL MEDICAL CENTER,2023-06-01,2024-05-31,41
271305,MCCONE COUNTY HEALTH CENTER,2023-07-01,2024-06-30,25
320006,EASTERN NEW MEXICO MEDICAL CENTER,2023-06-01,2024-05-31,120
370113,INTEGRIS GROVE  HOSPITAL,2023-07-01,2024-06-30,41
381306,WALLOWA COUNTY HEALTH CARE DISTRICT,2023-07-01,2024-06-30,23
440031,ROANE COUNTY MEDICAL CENTER,2023-07-01,2024-06-30,52
460005,OGDEN REGIONAL MEDICAL CENTER,2023-06-01,2024-05-31,174
52049,KINDRED HOSPITAL RANCHO,2023-09-01,2024-08-31,53
100124,SANTA ROSA MEDICAL CENTER,2023-06-01,2024-05-31,87
142009,KINDRED HOSPITAL LAKESHORE,2023-09-01,2024-08-31,72
192006,CORNERSTONE SPECIALTY BOSSIER CITY,2023-09-01,2024-08-31,43
192022,LIFECARE SPECIALTY HOSPITAL OF N. LA,2023-06-01,2024-05-31,30
292002,KINDRED HOSPITAL LAS VEGAS,2023-09-01,2024-08-31,118
334027,SOUTH OAKS HOSPITAL,2023-01-01,2023-12-31,202
370004,INTEGRIS MIAMI HOSPITAL,2023-07-01,2024-06-30,36
394055,LANCASTER BEHAVIORAL HEALTH HOSPITAL,2023-07-01,2024-06-30,126
442007,KINDRED HOSPITAL CHATTANOOGA,2023-09-01,2024-08-31,44
452023,KINDRED HOSPITAL HOUSTON,2023-09-01,2024-08-31,97
490110,LEWISGALE HOSPITAL - MONTGOMERY,2022-10-01,2023-09-30,88
670108,BAYLOR SCOTT & WHITE - MARBLE FALLS,2023-06-01,2024-05-31,46
100038,MEMORIAL REGIONAL HOSPITAL,2023-05-01,2024-04-30,838
104016,RIVER POINT BEHAVIORAL HEALTH,2023-07-01,2024-06-30,84
141321,FRANKLIN HOSPITAL,2023-07-01,2024-06-30,16
370214,LINDSAY MUNICIPAL HOSPITAL AUTHORITY,2023-07-01,2024-06-30,26
373300,J D MCCARTY HANDICAPPED CTR,2023-07-01,2024-06-30,
381311,LOWER UMPQUA HOSPITAL,2023-07-01,2024-06-30,16
450196,PARIS REGIONAL MEDICAL CENTER,2023-07-01,2024-06-30,120
462005,UTAH VALLEY SPECIALTY HOSPITAL,2023-07-01,2024-06-30,18
31312,COPPER QUEEN COMM. HOSP.,2023-07-01,2024-06-30,14
52035,KINDRED HOSPITAL WESTMINSTER,2023-09-01,2024-08-31,109
52039,KINDRED HOSPITAL BREA,2023-09-01,2024-08-31,48
193096,ACADIANA REHABILITATION,2023-06-01,2024-05-31,16
281359,MEMORIAL COMMUNITY HOSPITAL,2023-01-01,2023-12-31,21
351322,ASHLEY MEDICAL CENTER,2023-07-01,2024-06-30,20
450015,DALLAS CO. HOSP. DIST.,2022-10-01,2023-09-30,787
464001,UTAH STATE HOSPITAL,2023-07-01,2024-06-30,358
32004,CORNERSTONE SPECIALTY TUCSON,2023-09-01,2024-08-31,34
62009,KINDRED HOSPITAL DENVER,2023-09-01,2024-08-31,68
102010,KINDRED HOSPITAL SOUTH FLORIDA,2023-09-01,2024-08-31,197
161330,AUDUBON COUNTY MEMORIAL HOSPITAL,2023-07-01,2024-06-30,17
271342,DANIELS MEMORIAL HOSPITAL,2023-07-01,2024-06-30,25
281343,WEST HOLT MEMORIAL HOSPITAL,2023-07-01,2024-06-30,15
282000,MADONNA REHABILITATION LTC HOSPITAL,2023-07-01,2024-06-30,77
342012,KINDRED HOSPITAL GREENSBORO,2023-09-01,2024-08-31,101
370236,INTEGRIS HEALTH EDMOND,2023-07-01,2024-06-30,77
431300,MADISON REGIONAL HEALTH SYSTEM,2023-07-01,2024-06-30,22
440231,TRUSTPOINT HOSPITAL,2023-07-01,2024-06-30,18
451373,WARD MEMORIAL HOSPITAL,2023-01-01,2023-12-31,19
521329,ST MARYS HOSPITAL SUPERIOR,2023-07-01,2024-06-30,16
41308,MCGEHEE HOSPITAL,2023-07-01,2024-06-30,25
210044,GREATER BALTIMORE MEDICAL CENTER,2023-07-01,2024-06-30,258
241343,AVERA GRANITE FALLS,2023-07-01,2024-06-30,25
241360,DEER RIVER HEALTHCARE CENTER  INC.,2023-07-01,2024-06-30,20
241374,PIPESTONE COUNTY MEDICAL CENTER,2023-07-01,2024-06-30,18
250128,PANOLA MEDICAL CENTER,2023-01-01,2023-10-31,21
351310,SAKAKAWEA MEDICAL CENTER,2023-07-01,2024-06-30,13
370100,CHOCTAW MEMORIAL HOSPITAL,2023-07-01,2024-06-30,34
371332,SEILING MUNICIPAL HOSPITAL,2023-07-01,2024-06-30,18
431317,LANDMANN-JUNGMAN MEMORIAL HOSPITAL,2023-07-01,2024-06-30,20
440132,HENRY COUNTY MEDICAL CENTER,2023-07-01,2024-06-30,33
441313,HANCOCK COUNTY HOSPITAL,2023-07-01,2024-06-30,10
521353,CUMBERLAND MEMORIAL HOSPITAL,2023-07-01,2024-06-30,14
180004,MUHLENBERG COMMUNITY HOSPITAL,2023-06-01,2024-05-31,47
180156,ARH ADVANCED CARE - KENTUCKY RIVER,2023-07-13,2024-03-31,25
181317,CUMBERLAND COUNTY HOSPITAL,2023-07-01,2024-06-30,25
230779,STURGIS HOSPITAL  INC.,2023-07-06,2023-09-30,
241348,TYLER HEALTHCARE CENTER,2023-07-01,2024-06-30,20
241359,AVERA MARSHALL REGIONAL MEDICAL CTR,2023-07-01,2024-06-30,25
361321,BARNESVILLE HOSPITAL,2023-01-01,2023-12-31,25
364014,NORTHWEST - TOLEDO RPH,2023-07-01,2024-06-30,114
364015,APPALACHIAN RPH - ATHENS CAMPUS,2023-07-01,2024-06-30,92
364031,HEARTLAND RPH,2023-07-01,2024-06-30,152
364035,SUMMIT RPH,2023-07-01,2024-06-30,292
371329,FAIRVIEW HOSPITAL,2023-07-01,2024-06-30,25
420053,NEWBERRY COUNTY MEMORIAL HOSPITAL,2023-07-01,2024-06-30,48
450670,HCA HOUSTON HEALTHCARE TOMBALL,2023-07-01,2024-06-30,194
450678,WHITE ROCK MEDICAL CENTER,2023-06-01,2024-05-31,151
670259,CAPROCK HOSPITAL,2022-10-01,2023-09-30,10
40001,SILOAM SPRINGS MEMORIAL HOSPITAL,2023-04-01,2024-03-31,44
141326,HAMILTON MEMORIAL HOSPITAL,2023-07-01,2024-06-30,25
210022,SUBURBAN HOSPITAL,2023-07-01,2024-06-30,240
241309,PINE MEDICAL CENTER,2023-07-01,2024-06-30,9
241326,LONG PRAIRIE MEMORIAL HOSPITAL,2023-07-01,2024-06-30,14
241330,MELROSE AREA HOSPITAL CENTRACARE,2023-07-01,2024-06-30,14
241340,NORTHERN PINES MEDICAL CENTER,2023-07-01,2024-06-30,16
241349,PAYNESVILLE AREA HOSPITAL,2023-07-01,2024-06-30,15
241351,CARRIS HEALTH-REDWOOD LLC,2023-07-01,2024-06-30,14
241368,CCH - SAUK CENTRE,2023-07-01,2024-06-30,14
370153,ELKVIEW GENERAL HOSPITAL,2023-07-01,2024-06-30,25
451344,HANSFORD COUNTY HOSPITAL DISTRICT,2022-10-01,2023-09-30,14
453042,ENCOMPASS HEALTH REHABILITATION HOSP,2023-08-01,2024-07-31,77
454156,VOYAGES OF SUGAR LAND BH,2023-07-01,2024-06-30,60
673030,KATE DISHMAN REHAB HOSPITAL,2023-07-01,2024-06-30,27
673034,ENCOMPASS HEALTH REHABILITATION HOSP,2023-08-01,2024-07-31,60
13030,ENCOMPASS HEALTH REHABILITATION HOSP,2023-08-01,2024-07-31,56
33025,ENCOMPASS HEALTH REHABILITATION HOSP,2023-08-01,2024-07-31,60
33028,ENCOMPASS HEALTH REHABILITATION INST,2023-08-01,2024-07-31,80
33034,YUMA REHABILITATION HOSPITAL  AN AFF,2023-08-01,2024-07-31,51
34039,TALAS HARBOR AT BUCKEYE  LLC,2023-04-01,2024-03-31,
40011,CHAMBERS MEMORIAL HOSPITAL,2023-07-01,2024-06-30,30
41309,LAWRENCE MEMORIAL HOSPITAL,2023-07-01,2024-06-30,24
54122,NAPA STATE HOSPITAL,2023-07-01,2024-06-30,151
93025,NATIONAL REHABILITATION HOSPITAL,2023-07-01,2024-06-30,137
111306,EFFINGHAM HOSPITAL,2023-07-01,2024-06-30,25
143028,VAN MATRE ENCOMPASS HEALTH REHABILIT,2023-08-01,2024-07-31,65
153025,ENCOMPASS HEALTH DEACONESS REHABILIT,2023-08-01,2024-07-31,98
183027,ENCOMPASS HEALTH REHABILITATION HOSP,2023-08-01,2024-07-31,71
190208,EAST CARROLL PARISH HOSPITAL,2023-06-01,2024-05-31,23
240075,ST. JOSEPHS MEDICAL CENTER,2023-07-01,2024-06-30,113
254008,SOUTH MISSISSIPPI STATE HOSPITAL,2023-07-01,2024-06-30,50
260009,BOTHWELL REGIONAL HEALTH CENTER,2023-06-01,2024-05-31,71
271310,GARFIELD CO. HEALTH CENTER,2023-07-01,2024-06-30,25
271314,DEER LODGE MEDICAL CENTER,2023-07-01,2024-06-30,16
271331,MINERAL COMMUNITY HOSPITAL,2023-07-01,2024-06-30,25
283025,MADONNA REHABILITATION HOSPITAL,2023-07-01,2024-06-30,67
321300,SIERRA VISTA HOSPITAL,2023-07-01,2024-06-30,11
440039,VANDERBILT UNIVERSITY MEDICAL CENTER,2023-07-01,2024-06-30,1084
440102,LINCOLN MEDICAL CENTER,2023-07-01,2024-06-30,47
453029,ENCOMPASS HEALTH REHABILITATION HOSP,2023-08-01,2024-07-31,78
453040,ENCOMPASS HEALTH REHABILITATION HOSP,2023-08-01,2024-07-31,85
453059,ENCOMPASS HEALTH REHABILITATION HOSP,2023-08-01,2024-07-31,84
461304,CENTRAL VALLEY MEDICAL CENTER,2023-07-01,2024-06-30,25
513027,ENCOMPASS HEALTH REHABILITATION HOSP,2023-08-01,2024-07-31,50
53302,CHILDRENS HOSPITAL LOS ANGELES,2023-07-01,2024-06-30,452
72003,GAYLORD HOSPITAL  INC,2022-10-01,2023-09-30,137
90005,SIBLEY MEMORIAL HOSPITAL,2023-07-01,2024-06-30,218
110018,PIEDMONT NEWTON HOSPITAL,2023-07-01,2024-06-30,94
110064,PIEDMONT COLUMBUS REGIONAL MIDTOWN,2023-07-01,2024-06-30,372
110074,PIEDMONT ATHENS REGIONAL MEDICAL CE,2023-07-01,2024-06-30,395
110083,PIEDMONT HOSPITAL INC.,2023-07-01,2024-06-30,574
110111,UNIVERSITY HOSPITAL MCDUFFIE,2023-07-01,2024-06-30,25
110191,PIEDMONT HENRY HOSPITAL  INC.,2023-07-01,2024-06-30,294
110215,PIEDMONT FAYETTE HOSPITAL INC.,2023-07-01,2024-06-30,299
141349,SPARTA COMMUNITY HOSPITAL,2023-07-01,2024-06-30,25
212002,WESTERN MARYLAND HOSPITAL CENTER,2023-07-01,2024-06-30,60
212003,DEERS HEAD CENTER,2023-07-01,2024-06-30,66
213300,MT WASHINGTON PEDIATRICS,2023-07-01,2024-06-30,
214018,SPRINGGROVE HOSPITAL CENTER,2023-07-01,2024-06-30,639
240084,ESSENTIA HEALTH VIRGINIA,2023-07-01,2024-06-30,49
260160,SOUTHEASTHEALTH CENTER OF STODDARD C,2023-01-01,2023-12-31,43
271302,DAHL MEMORIAL HEALTHCARE ASSOC.,2023-07-01,2024-06-30,25
271322,SHERIDAN MEMORIAL HOSPITAL,2023-07-01,2024-06-30,19
294012,SEVEN HILLS BEHAVIORAL INSTITUTE,2023-07-01,2024-06-30,134
314005,ANCORA PSYCHIATRIC HOSPITAL,2023-07-01,2024-06-30,515
314016,GREYSTONE PARK PSYCH. HOSPITAL,2023-07-01,2024-06-30,400
340060,UNC ROCKINGHAM HOSPITAL,2023-07-01,2024-06-30,108
340090,JOHNSTON HEALTH,2023-07-01,2024-06-30,179
340114,REX HOSPITAL,2023-07-01,2024-06-30,489
340131,CAROLINAEAST MEDICAL CENTER,2023-07-01,2024-06-30,309
344025,BROUGHTON HOSPITAL,2023-07-01,2024-06-30,384
344026,CHERRY HOSPITAL,2023-07-01,2024-06-30,314
370008,NORMAN REGIONAL HOSPITAL AUTHORITY,2023-07-01,2024-06-30,322
370016,BASS BAPTIST HEALTH CENTER,2023-07-01,2024-06-30,110
370022,JACKSON COUNTY MEMORIAL HOSPITAL,2023-07-01,2024-06-30,49
370028,INTEGRIS BAPTIST MEDICAL CENTER,2023-07-01,2024-06-30,615
371338,HARMON MEMORIAL HOSPITAL,2023-07-01,2024-06-30,22
374000,GRIFFIN MEMORIAL HOSPITAL,2023-07-01,2024-06-30,120
390013,EVANGELICAL COMMUNITY HOSPITAL,2023-07-01,2024-06-30,119
390096,ST. JOSEPH MEDICAL CENTER,2023-07-01,2024-06-30,165
420048,MUSC HEALTH KERSHAW MEDICAL CENTER,2023-07-01,2024-06-30,99
420055,MUSC HEALTH MARION  MEDICAL CENTER,2023-07-01,2024-06-30,36
420091,MUSC HEALTH FLORENCE MEDICAL CENTER,2023-07-01,2024-06-30,187
431327,ST. MICHAELS HOSPITAL  INC.,2023-07-01,2024-06-30,25
450007,PETERSON REGIONAL MEDICAL CENTER,2023-07-01,2024-06-30,98
450079,BAYLOR S&W MEDICAL CENTER - IRVING,2023-07-01,2024-06-30,269
450563,BAYLOR MEDICAL CENTER-GRAPEVINE,2023-07-01,2024-06-30,286
490038,SMYTH COUNTY COMMUNITY HOSPITAL,2023-07-01,2024-06-30,20
490114,LONESOME PINE HOSPITAL,2023-07-01,2024-06-30,52
490127,BUCHANAN GENERAL HOSPITAL,2023-07-01,2024-06-30,111
491309,LEE COUNTY COMMUNITY HOSPITAL,2023-07-01,2024-06-30,12
493301,CHILDRENS HOSPITAL OF THE KINGS DA,2023-07-01,2024-06-30,196
530014,CHEYENNE REGIONAL MEDICAL CENTER,2023-07-01,2024-06-30,159
152020,ASCENSION ST VINCENT SETON SPECIALTY,2023-07-01,2024-06-30,72
161343,DELAWARE COUNTY MEMORIAL HOSPITAL,2023-07-01,2024-06-30,25
171318,SEDAN CITY HOSPITAL,2023-07-01,2024-06-30,15
261336,IRON COUNTY HOSPITAL,2023-07-01,2024-06-30,15
271338,BIG HORN HOSPITAL,2023-07-01,2024-06-30,18
281326,ANTELOPE MEMORIAL HOSPITAL,2023-07-01,2024-06-30,16
284009,DOUGLAS COUNTY HOSPITAL,2023-07-01,2024-06-30,16
370078,OSU MEDICAL CENTER,2023-07-01,2024-06-30,143
390002,UPMC MCKEESPORT,2023-07-01,2024-06-30,145
390004,HOLY SPIRIT HOSPITAL,2023-07-01,2024-06-30,229
390256,MILTON S. HERSHEY MEDICAL CENTER,2023-07-01,2024-06-30,629
400112,HOSPITAL UPR,2023-07-01,2024-06-30,212
450851,BAYLOR HEART AND VASCULAR HOSPITAL,2023-07-01,2024-06-30,56
370237,SAINT FRANCIS HOSPITAL VINITA,2023-07-01,2024-06-30,35
390117,UPMC BEDFORD,2023-07-01,2024-06-30,36
390160,CANONSBURG GENERAL HOSPITAL,2023-07-01,2024-06-30,88
390266,GROVE CITY MEDICAL CENTER,2023-07-01,2024-06-30,67
392050,GOOD SHEPHERD PENN PARTNERS,2023-07-01,2024-06-30,18
431302,AVERA GETTYSBURG HOSPITAL,2023-07-01,2024-06-30,7
670059,ST. LUKES LAKESIDE HOSPITAL,2023-07-01,2024-06-30,30
10023,BAPTIST MEDICAL CENTER SOUTH,2023-07-01,2024-06-30,342
10079,ATHENS LIMESTONE,2023-07-01,2024-06-30,66
10108,PRATTVILLE BAPTIST HOSPITAL,2023-07-01,2024-06-30,49
10149,BAPTIST MEDICAL CENTER EAST,2023-07-01,2024-06-30,208
34020,HAVEN BEHAVIORAL HOSIPITAL OF PHOENI,2023-07-01,2024-06-30,58
42013,CONTINUED CARE HOSPITAL JONESBORO,2023-07-01,2024-06-30,59
50017,MERCY GENERAL HOSPITAL,2023-07-01,2024-06-30,283
50124,VERDUGO HILLS HOSPITAL,2023-07-01,2024-06-30,135
50129,ST. BERNARDINE MEDICAL CENTER,2023-07-01,2024-06-30,318
50320,ALAMEDA HEALTH SYSTEM,2023-07-01,2024-06-30,232
50327,LOMA LINDA UNIVERSITY MEDICAL CENTER,2023-07-01,2024-06-30,437
50573,EISENHOWER MEDICAL CENTER,2023-07-01,2024-06-30,376
51300,EASTERN PLUMAS HEALTH CARE,2023-07-01,2024-06-30,9
60010,POUDRE VALLEY HOSPITAL,2023-07-01,2024-06-30,200
60020,PARKVIEW MEDICAL CENTER,2023-07-01,2024-06-30,251
60024,UNIVERSITY OF CO HOSPITAL,2023-07-01,2024-06-30,754
60112,SKY RIDGE MEDICAL CENTER,2023-07-01,2024-06-30,273
110015,TANNER MEDICAL CENTER-VILLA RICA,2023-07-01,2024-06-30,60
110034,AU MEDICAL CENTER  INC,2023-07-01,2024-06-30,498
110035,KENNESTONE HOSPITAL,2023-07-01,2024-06-30,642
110042,PAULDING MEDICAL CENTER,2023-07-01,2024-06-30,112
110043,ST. JOSEPHS HOSPITAL  INC.,2023-07-01,2024-06-30,231
110091,PIEDMONT ROCKDALE HOSPITAL,2023-07-01,2024-06-30,181
110143,COBB HOSPITAL AND MEDICAL CENTER,2023-07-01,2024-06-30,367
110184,DOUGLAS HOSPITAL,2023-07-01,2024-06-30,112
110225,PIEDMONT MOUNTAINSIDE HOSPITAL  INC.,2023-07-01,2024-06-30,62
110236,CHI MEMORIAL HOSPITAL - GEORGIA,2023-07-01,2024-06-30,35
134010,STATE HOSPITAL SOUTH,2023-07-01,2024-06-30,110
141338,MEMORIAL HOSPITAL,2023-07-01,2024-06-30,25
143301,LARABIDA CHILDRENS HOSPITAL,2023-07-01,2024-06-30,39
160057,SOUTHEAST IOWA REGIONAL MEDICAL CTR,2023-07-01,2024-06-30,174
190779,OUR LADY OF THE LAKE ASSUMPTION COM,2023-08-03,2024-06-30,
210004,HOLY CROSS HOSPITAL,2023-07-01,2024-06-30,386
222006,LEMUEL SHATTUCK HOSPITAL,2023-07-01,2024-06-30,248
241362,CCH-MONTICELLO,2023-07-01,2024-06-30,25
241365,CENTRACARE BENSON,2023-07-01,2024-06-30,11
264020,ROYAL OAKS HOSPITAL,2023-07-01,2024-06-30,
271327,ROSEBUD COMMUNITY HOSPITAL,2023-07-01,2024-06-30,25
281307,SAUNDERS MEDICAL CENTER,2023-07-01,2024-06-30,16
282003,MADONNA REHAB OMAHA LTC HOSPITAL,2023-07-01,2024-06-30,32
291302,WILLIAM BEE RIRIE HOSPITAL,2023-07-01,2024-06-30,25
310014,COOPER UNIVERSITY HOSPITAL,2023-01-01,2023-12-31,578
351314,JACOBSON MEMORIAL HOSPITAL,2023-07-01,2024-06-30,25
371319,COAL COUNTY GENERAL HOSPITAL,2023-07-01,2024-06-30,20
371327,OKEENE MUNICIPAL HOSPITAL,2023-07-01,2024-06-30,17
371340,MEMORIAL HOSPITAL OF TEXAS COUNTY,2023-07-01,2024-06-30,6
390032,ALLE-KISKI MEDICAL CENTER,2023-07-01,2024-06-30,133
390138,WAYNESBORO HOSPITAL,2023-07-01,2024-06-30,57
390145,WESTMORELAND REGIONAL  HOSPITAL,2023-07-01,2024-06-30,283
390335,ST LUKES HOSPITAL-CARBON CAMPUS,2023-07-01,2024-06-30,52
390337,GEISINGER MEDICAL CENTER MUNCY,2023-07-01,2024-06-30,20
393035,GOOD SHEPHERD REHABILITATION HOSPITA,2023-07-01,2024-06-30,96
394023,BELMONT BEHAVIORAL HEALTHCARE,2023-07-01,2024-06-30,252
400015,SAN JUAN MUNICIPAL HOSPITAL,2023-07-01,2024-06-30,145
431320,MONUMENT HEALTH LEAD-DEADWOOD HOSPIT,2023-07-01,2024-06-30,18
450539,COVENANT HOSPITAL PLAINVIEW,2023-07-01,2024-06-30,49
450641,NOCONA GENERAL HOSPITAL,2023-07-01,2024-06-30,18
450809,NORTH AUSTIN MEDICAL CENTER,2023-07-01,2024-06-30,459
451322,GRIMES ST. JOSEPH HEALTH CENTER,2023-07-01,2024-06-30,15
451335,MUENSTER MEMORIAL HOSPITAL,2023-07-01,2024-06-30,18
460060,LONE PEAK HOSPITAL,2023-07-01,2024-06-30,61
521310,ST CLARE MEMORIAL HOSPITAL  INC,2023-07-01,2024-06-30,23
530034,SUMMIT MEDICAL CENTER  LLC,2023-07-01,2024-06-30,16
531315,SOUTH LINCOLN HOSPITAL DISTRICT,2023-07-01,2024-06-30,14
670082,BAYLOR S&W MEDICAL CENTER - MCKINNEY,2023-07-01,2024-06-30,192
10039,HUNTSVILLE HOSPITAL,2023-07-01,2024-06-30,904
21304,PETERSBURG MEDICAL CENTER,2023-07-01,2024-06-30,12
34037,TALAS HARBOR AT BULLHEAD CITY,2023-07-01,2024-06-30,24
50778,LOMA LINDA UNIVERSITY CHILDRENS HOSP,2023-07-01,2024-06-30,364
51308,SURPRISE VALLEY HEALTH CARE DISTRICT,2023-07-01,2024-06-30,4
51309,JEROLD PHELPS COMMUNITY HOSPITAL,2023-07-01,2024-06-30,9
51312,MOUNTAINS COMMUNITY HOSPITAL,2023-07-01,2024-06-30,17
51326,PLUMAS DISTRICT HOSPITAL CAH,2023-07-01,2024-06-30,14
51330,MODOC MEDICAL CENTER,2023-07-01,2024-06-30,8
51335,BEAR VALLEY COMMUNITY HOSPITAL,2023-07-01,2024-06-30,9
54089,JEWISH HOME FOR THE AGED,2023-07-01,2024-06-30,13
61344,ST. THOMAS MORE HOSPITAL,2023-07-01,2024-06-30,25
110006,ST MARYS HEALTH CARE SYSTEM  INC,2023-07-01,2024-06-30,161
110011,TANNER MEDICAL CENTER,2023-07-01,2024-06-30,196
110101,SOUTHWELL MEDICAL,2023-07-01,2024-06-30,8
110104,CRISP REGIONAL HOSPITAL  INC.,2023-07-01,2024-06-30,68
110109,EMANUEL MEDICAL CENTER,2023-07-01,2024-06-30,24
110124,WAYNE MEMORIAL HOSPITAL,2023-07-01,2024-06-30,88
110194,DONALSONVILLE HOSPITAL,2023-07-01,2024-06-30,41
111304,MORGAN MEDICAL CENTER,2023-07-01,2024-06-30,25
111320,HIGGINS GENERAL HOSPITAL,2023-07-01,2024-06-30,23
111327,BACON COUNTY HOSPITAL,2023-07-01,2024-06-30,25
111337,ELBERT MEMORIAL HOSPITAL,2023-07-01,2024-06-30,25
112007,KENNESTONE HOSPITAL AT WINDY HILL,2023-07-01,2024-06-30,55
113028,ROOSEVELT WARM SPRINGS REHAB HOSP,2023-07-01,2024-06-30,52
120005,HILO MEDICAL CENTER,2023-07-01,2024-06-30,194
121302,KOHALA HOSPITAL,2023-07-01,2024-06-30,25
121304,KAHUKU MEDICAL CENTER,2023-07-01,2024-06-30,21
140063,OAK PARK HOSPITAL,2023-07-01,2024-06-30,185
141301,KIRBY HOSPITAL,2023-07-01,2024-06-30,16
141332,HILLSBORO AREA HOSPITAL,2023-07-01,2024-06-30,25
161333,STORY COUNTY HOSPITAL,2023-07-01,2024-06-30,17
161336,HEGG MEMORIAL HEALTH CENTER,2023-07-01,2024-06-30,25
161351,AVERA HOLY FAMILY HEALTH,2023-07-01,2024-06-30,22
170110,BOB WILSON MEMORIAL HOSPITAL,2023-07-01,2024-06-24,26
171315,NEMAHA VALLEY COMMUNITY HOSPITAL,2023-07-01,2024-06-30,24
210061,ATLANTIC GENERAL HOSPITAL,2023-07-01,2024-06-30,62
230081,MUNSON HEALTHCARE CADILLAC HOSPITAL,2023-07-01,2024-06-30,49
260110,SOUTHEASTHEALTH,2023-01-01,2023-12-31,232
261301,ELLETT MEMORIAL HOSPITAL,2023-06-01,2024-05-31,25
271341,NORTHEAST MONTANA HEALTH SERVICES,2023-07-01,2024-06-30,22
321311,GILA REGIONAL MEDICAL CENTER,2023-07-01,2024-06-30,25
354003,ND STATE HOSPITAL,2023-07-01,2024-06-30,81
370020,MERCY HOSPITAL ADA,2023-07-01,2024-06-30,108
390006,GEISINGER MEDICAL CENTER,2023-07-01,2024-06-30,546
390066,THE GOOD SAMARITAN HOSPITAL,2023-07-01,2024-06-30,149
392033,GOOD SHEPHERD SPECIALTY HOSPITAL,2023-07-01,2024-06-30,18
393303,THE CHILDRENS HOSPITAL OF PHILADELP,2023-07-01,2024-06-30,692
431306,PLATTE HEALTH CENTER  INC.,2023-07-01,2024-06-30,17
431312,MARSHALL COUNTY HEALTHCARE CENTER,2023-07-01,2024-06-30,20
431321,MONUMENT HEALTH STURGIS REGIONAL,2023-07-01,2024-06-30,25
431323,MONUMENT HEALTH CUSTER HOSPITAL,2023-07-01,2024-06-30,12
431330,AVERA ST. BENEDICT HEALTH CENTER,2023-07-01,2024-06-30,25
440002,JACKSON-MADISON COUNTY GENERAL HOSP,2023-07-01,2024-06-30,581
440011,BLOUNT MEMORIAL HOSPITAL,2023-07-01,2024-06-30,148
440017,HOLSTON VALLEY HOSP & MED CTR,2023-07-01,2024-06-30,290
440059,COOKEVILLE REGIONAL MEDICAL CENTER,2023-07-01,2024-06-30,204
440060,MILAN GENERAL HOSPITAL,2023-07-01,2024-06-30,47
440084,SWEETWATER HOSPITAL ASSOCIATION,2023-07-01,2024-06-30,55
440104,ERLANGER MEDICAL CENTER,2023-07-01,2024-06-30,662
441304,JOHNSON COUNTY COMMUNITY HOSPITAL,2023-07-01,2024-06-30,2
441306,ERLANGER BLEDSOE HOSPITAL,2023-07-01,2024-06-30,25
441316,CAMDEN GENERAL HOSPITAL,2023-07-01,2024-06-30,25
441320,BOLIVAR GENERAL HOSPITAL,2023-07-01,2024-06-30,25
450082,CHRISTUS SPOHN HOSPITAL BEEVILLE,2023-07-01,2024-06-30,40
450184,MEMORIAL HERMANN  HOSPITAL SYS,2023-07-01,2024-06-30,1410
520097,ST. MARYS HOSPITAL MEDICAL CENTER,2023-07-01,2024-06-30,83
531303,WESTON COUNTY HEALTH SERVICES,2023-07-01,2024-06-30,12
531308,JOHNSON COUNTY HEALTHCARE,2023-07-01,2024-06-30,20
531310,POWELL VALLEY HEALTH CARE,2023-07-01,2024-06-30,25
10006,NORTH ALABAMA MEDICAL CENTER,2023-07-01,2024-06-30,223
10035,CULLMAN REGIONAL,2023-07-01,2024-06-30,162
10104,GRANDVIEW MEDICAL CENTER,2023-07-01,2024-06-30,407
10131,CRESTWOOD MEDICAL CENTER,2023-07-01,2024-06-30,159
40039,ARKANSAS METHODIST MEDICAL CENTER,2023-07-01,2024-06-30,114
41305,MERCY HOSPITAL WALDRON,2023-07-01,2024-06-30,12
41320,LITTLE RIVER MEMORIAL,2023-07-01,2024-06-30,25
50174,SANTA ROSA MEMORIAL HOSPITAL,2023-07-01,2024-06-30,255
50334,SALINAS VALLEY MEMORIAL HOSPITAL,2023-07-01,2024-06-30,240
60124,ORTHOCOLORADO HOSPITAL,2023-07-01,2024-06-30,48
60131,UCHEALTH GREELEY HOSPITAL,2023-07-01,2024-06-30,88
60132,UCHEALTH HIGHLANDS RANCH HOSPITAL,2023-07-01,2024-06-30,139
61326,PIKES PEAK REGIONAL HOSPITAL,2023-07-01,2024-06-30,13
102028,SSH - THE VILLAGES,2023-07-01,2024-06-30,40
104040,CENTERSTONE OF FLORIDA  INC.,2023-07-01,2024-06-30,41
104067,ASPIRE HEALTH PARTNERS INC,2023-07-01,2024-06-30,90
104071,THE VINES HOSPITAL,2023-07-01,2024-06-30,98
141329,MORRISON COMMUNITY HOSPITAL,2023-07-01,2024-06-30,25
161346,SIOUX CENTER HEALTH,2023-07-01,2024-06-30,19
171348,NORTON COUNTY HOSPITAL,2023-07-01,2024-06-30,25
190007,NATCHITOCHES REGIONAL MEDICAL CENTER,2023-07-01,2024-06-30,81
190017,OPELOUSAS GENERAL HOSPITAL,2023-07-01,2024-06-30,151
190019,ST. FRANCES CABRINI HOSPITAL,2023-07-01,2024-06-30,266
193044,N. OAKS REHABILITATION HOSPITAL,2023-07-01,2024-06-30,27
201306,RUMFORD HOSPITAL,2023-07-01,2024-06-30,25
201310,BRIDGTON HOSPITAL,2023-07-01,2024-06-30,25
210005,FREDERICK MEMORIAL HOSPITAL,2023-07-01,2024-06-30,272
210065,HOLY CROSS GERMANTOWN HOSPITAL,2023-07-01,2024-06-30,78
224031,CAPE COD AND ISLANDS MENTAL HEALTH C,2023-07-01,2024-06-30,16
250168,UMMC-GRENADA,2023-07-01,2024-06-30,49
271300,NORTHEAST MONTANA HEALTHCARE-POPLAR,2023-07-01,2024-06-30,20
271311,BIG SANDY MEDICAL CENTER,2023-07-01,2024-06-30,8
271316,FRANCES MAHON DEACONESS HOSPITAL,2023-07-01,2024-06-30,25
282001,SSH - OMAHA  INC.,2023-07-01,2024-06-30,52
290007,UNIVERSITY MEDICAL CENTER,2023-07-01,2024-06-30,518
291300,MT. GRANT GENERAL HOSPITAL,2023-07-01,2024-06-30,11
291308,HUMBOLDT GENERAL HOSPITAL,2023-07-01,2024-06-30,25
291312,GROVER C DILS MEDICAL CENTER,2023-07-01,2024-06-30,4
314013,TRENTON PSYCHIATRIC HOSPITAL,2023-07-01,2024-06-30,400
320005,SAN JUAN REGIONAL MEDICAL CENTER,2023-07-01,2024-06-30,182
320030,ARTESIA GENERAL HOSPITAL,2023-07-01,2024-06-30,25
321305,NOR-LEA HOSPITAL,2023-07-01,2024-06-30,25
321308,CIBOLA GENERAL HOSPITAL,2023-07-01,2024-06-30,25
350070,INNOVIS HEALTH,2023-07-01,2024-06-30,142
351302,MCKENZIE COUNTY HEALTHCARE SYSTEM,2023-07-01,2024-06-30,24
370013,MERCY HOSPITAL OKC,2023-07-01,2024-06-30,344
370019,GREAT PLAINS REGIONAL MEDICAL CENTER,2023-07-01,2024-06-30,42
370025,SAINT FRANCIS HOSPITAL MUSKOGEE,2023-07-01,2024-06-30,236
370047,MERCY HOSPITAL ARDMORE,2023-07-01,2024-06-30,140
371304,MERCY HOSPITAL TISHOMINGO,2023-07-01,2024-06-30,25
371317,MERCY HOSPITAL LOGAN COUNTY,2023-07-01,2024-06-30,25
371325,CORDELL MEMORIAL HOSPITAL,2023-07-01,2024-06-30,14
371342,MCCURTAIN MEMORIAL HOSPITAL,2023-07-01,2024-06-30,25
390016,UPMC JAMESON,2023-07-01,2024-06-30,134
390050,ALLEGHENY GENERAL HOSPITAL,2023-07-01,2024-06-30,508
390104,UPMC KANE,2023-07-01,2024-06-30,18
390146,WARREN GENERAL HOSPITAL,2023-07-01,2024-06-30,85
390147,MONONGAHELA VALLEY HOSPITAL INC.,2023-07-01,2024-06-30,175
390325,OSS ORTHOPAEDIC HOSPITAL,2023-07-01,2024-06-30,30
391300,JERSEY SHORE HOSPITAL,2023-07-01,2024-06-30,25
391301,UPMC MUNCY,2023-07-01,2024-06-30,20
391303,FULTON COUNTY MEDICAL CENTER,2023-07-01,2024-06-30,21
391307,TYRONE HOSPITAL,2023-07-01,2024-06-30,25
391312,BROOKVILLE HOSPITAL,2023-07-01,2024-06-30,25
391313,CHARLES COLE MEMORIAL HOSPITAL,2023-07-01,2024-06-30,25
391314,TITUSVILLE AREA HOSPITAL,2023-07-01,2024-06-30,25
392044,SSH - PITTSBURGH / UPMC,2023-07-01,2024-06-30,67
394016,WARREN STATE HOSPITAL,2023-07-01,2024-06-30,152
420004,MEDICAL UNIVERSITY OF SOUTH CAROLINA,2023-07-01,2024-06-30,932
420026,MUSC HEALTH COLUMBIA MEDICAL CENTER,2023-07-01,2024-06-30,332
420117,MEDICAL UNIVERSITY HOSPITAL AUTHORIT,2023-07-01,2024-06-30,25
431315,WAGNER COMMUNITY MEMORIAL HOSPITAL,2023-07-01,2024-06-30,15
431324,AVERA WESKOTA MEMORIAL MEDICAL CENTE,2023-07-01,2024-06-30,16
431326,MILBANK AREA HOSPITAL/AVERA HEALTH,2023-07-01,2024-06-30,25
431331,AVERA DELLS AREA HOSPITAL,2023-07-01,2024-06-30,23
431332,DE SMET MEMORIAL HOSPITAL,2023-07-01,2024-06-30,6
431337,AVERA HAND COUNTY MEMORIAL HOSPITAL,2023-07-01,2024-06-30,25
431338,AVERA GREGORY HOSPITAL,2023-07-01,2024-06-30,13
440050,GREENEVILLE COMMUNITY HOSPITAL,2023-07-01,2024-06-30,70
440065,NORTHCREST MEDICAL CENTER,2023-07-01,2024-06-30,109
443025,SISKIN HOSPITAL FOR PHYSICAL REHABIL,2023-07-01,2024-06-30,96
443302,ST JUDE CHILDRENS RESEARCH HOSPITAL,2023-07-01,2024-06-30,
450040,COVENANT MEDICAL CENTER,2023-07-01,2024-06-30,452
450272,CHRISTUS SANTA ROSA - SAN MARCOS,2023-07-01,2024-06-30,105
450610,MEMORIAL HERMANN MEMORIAL CITY MEDIC,2023-07-01,2024-06-30,444
451316,MADISON ST. JOSEPH HEALTH CENTER,2023-07-01,2024-06-30,15
451319,CHRISTUS MFH - JACKSONVILLE,2023-07-01,2024-06-30,23
451386,MOORE COUNTY HOSP. DBA DUMAS MEM HOS,2023-07-01,2024-06-30,19
451399,BAYLOR COUNTY HOSPITAL DISTRICT,2023-04-06,2024-06-30,25
490009,UNIVERSITY OF VIRGINIA MEDICAL CENTE,2023-07-01,2024-06-30,657
490053,JOHNSTON MEMORIAL HOSPITAL,2023-07-01,2024-06-30,100
490084,VCU HEALTH TAPPAHANNOCK HOSPITAL,2023-07-01,2024-06-30,66
490120,CHESAPEAKE GENERAL HOSPITAL,2023-07-01,2024-06-30,302
510023,WEIRTON MEDICAL CENTER,2023-07-01,2024-06-30,127
510086,WELCH COMMUNITY HOSPITAL,2023-07-01,2024-06-30,49
511314,POCAHONTAS MEMORIAL HOSPITAL,2023-07-01,2024-06-30,25
520021,FROEDTERT SOUTH,2023-07-01,2024-06-30,151
531311,CROOK COUNTY MEDICAL SERVICES,2023-07-01,2024-06-30,16
531312,CODY REGIONAL HEALTH,2023-07-01,2024-06-30,25
531314,NIOBRARA HEALTH AND LIFE CENTER,2023-07-01,2024-06-30,24
670031,ST. LUKES PATIENTS MEDICAL CENTER,2023-07-01,2024-06-30,46
670783,ST LUKES HEALTH MEMORIAL SAN AUGUST,2023-06-20,2024-06-30,
41324,ST. VINCENT MORRILTON,2023-07-01,2024-06-30,25
50009,QUEEN OF THE VALLEY MEDICAL CENTER,2023-07-01,2024-06-30,139
50069,ST. JOSEPH HOSPITAL OF ORANGE,2023-07-01,2024-06-30,330
50084,ST. JOSEPHS MEDICAL CENTER,2023-07-01,2024-06-30,343
50128,TRI-CITY MEDICAL CENTER,2023-07-01,2024-06-30,263
50136,PETALUMA VALLEY HOSPITAL,2023-07-01,2024-06-30,59
50261,SIERRA VIEW MEDICAL CENTER,2023-07-01,2024-06-30,128
54124,HUMBOLDT COUNTY - SEMPREVIRENS,2023-07-01,2024-06-30,16
100137,ADVENTHEALTH HEART OF FLORIDA,2023-07-01,2024-06-30,202
110046,PIEDMONT WALTON HOSPITAL,2023-07-01,2024-06-30,76
111308,CLINCH MEMORIAL HOSPITAL,2023-07-01,2024-06-30,15
111329,ST MARYS GOOD SAMARITAN,2023-07-01,2024-06-30,25
140089,MCDONOUGH DISTRICT HOSPITAL,2023-07-01,2024-06-30,45
140145,ST. JOSEPHS HOSPITAL,2023-07-01,2024-06-30,46
140187,ST. ELIZABETH HOSPITAL,2023-07-01,2024-06-30,144
140228,SWEDISHAMERICAN HOSPITAL,2023-07-01,2024-06-30,323
140276,LOYOLA UNIVERSITY MEDICAL CENTER,2023-07-01,2024-06-30,516
141350,ST. FRANCIS HOSPITAL,2023-07-01,2024-06-30,25
141354,HSHS GOOD SHEPHERD HOSPITAL,2023-08-18,2024-06-30,25
153037,SOUTHERN INDIANA REHAB HOSPITAL,2023-07-01,2024-06-30,40
160079,MERCY MEDICAL CENTER,2023-07-01,2024-06-30,216
160112,SPENCER MUNICIPAL HOSPITAL,2023-07-01,2024-06-30,49
160124,LAKES REGIONAL HEALTHCARE,2023-07-01,2024-06-30,44
161301,IOWA SPECIALTY HOSPITAL - BELMOND,2023-07-01,2024-06-30,22
161302,IOWA SPECIALTY HOSPITAL - CLARION,2023-07-01,2024-06-30,25
161318,VETERANS MEMORIAL HOSPITAL,2023-07-01,2024-06-30,25
161321,AVERA MERRILL PIONEER HOSPITAL,2023-07-01,2024-06-30,11
161328,REGIONAL HEALTH SERVICES OF HOWARD C,2023-07-01,2024-06-30,18
161347,FLOYD COUNTY HOSPITAL,2023-07-01,2024-06-30,25
161349,VIRGINIA GAY HOSPITAL,2023-07-01,2024-06-30,25
161363,MONTGOMERY CNTY MEMORIAL HOSPITAL,2023-07-01,2024-06-30,25
161368,FLOYD VALLEY HEALTHCARE,2023-07-01,2024-06-30,25
161374,MYRTUE MEDICAL CENTER,2023-07-01,2024-06-30,25
161375,BUENA VISTA REGIONAL MEDICAL CENTER,2023-07-01,2024-06-30,25
170016,ST.FRANCIS HEALTH CENTER,2023-07-01,2024-06-30,183
170105,MCPHERSON HOSPITAL  INC.,2023-07-01,2024-06-30,37
170191,UKHS GREAT BEND CAMPUS,2023-07-01,2024-06-30,29
171307,RAWLINS COUNTY HEALTH CENTER,2023-07-01,2024-06-30,15
174006,LARNED STATE HOSPITAL,2023-07-01,2024-06-30,60
180002,WHITESBURG ARH,2023-07-01,2024-06-30,90
180005,HIGHLANDS REGIONAL MEDICAL CENTER,2023-07-01,2024-06-30,63
180017,T.J. SAMSON COMMUNITY HOSPITAL,2022-10-01,2023-09-30,112
180020,MIDDLESBORO ARH,2023-07-01,2024-06-30,46
180029,HAZARD ARH,2023-07-01,2024-06-30,103
180050,HARLAN ARH,2023-07-01,2024-06-30,56
180067,UNIVERSITY HOSPITAL,2023-07-01,2024-06-30,1129
180069,TUG VALLEY ARH,2023-07-01,2024-06-30,37
180087,TAYLOR REGIONAL HOSPITAL,2023-07-01,2024-06-30,90
180149,TJ HEALTH COLUMBIA,2022-10-01,2023-09-30,49
181307,MORGAN CO. ARH,2023-07-01,2024-06-30,25
181316,MARY BRECKINRIDGE HOSPITAL,2023-07-01,2024-06-30,25
181322,CALDWELL COUNTY HOSPITAL,2023-07-01,2024-06-30,25
181328,BARBOURVILLE ARH HOSPITAL,2023-07-01,2024-06-30,25
181331,MCDOWELL ARH,2023-07-01,2024-06-30,25
184004,EASTERN STATE HOSPITAL,2023-07-01,2024-06-30,195
184015,CENTRAL STATE HOSPITAL,2023-07-01,2024-06-30,70
190064,OUR LADY OF THE LAKE  RMC,2023-07-01,2024-06-30,647
191304,NORTH CADDO MEDICAL CENTER,2023-07-01,2024-06-30,25
210009,THE JOHNS HOPKINS HOSPITAL,2023-07-01,2024-06-30,1042
210029,JOHNS HOPKINS BAYVIEW MED. CTR.,2023-07-01,2024-06-30,417
210049,UPPER CHESAPEAKE MEDICAL CENTER,2023-07-01,2024-06-30,203
230058,MUNSON HEALTHCARE GRAYLING HOSPITAL,2023-07-01,2024-06-30,42
230093,COREWELL HEALTH BIG RAPIDS,2023-07-01,2024-06-30,49
231300,PAUL OLIVER MEMORIAL HOSPITAL,2023-07-01,2024-06-30,8
231311,DECKERVILLE COMMUNITY HOSPITAL,2023-07-01,2024-06-30,15
231330,MARLETTE REGIONAL HOSPITAL,2023-07-01,2024-06-30,25
240002,ST. MARYS MEDICAL CENTER,2023-07-01,2024-06-30,342
240019,SMDC MEDICAL CENTER,2023-07-01,2024-06-30,118
250001,UNIVERSITY OF MISSISSIPPI MEDICAL,2023-07-01,2024-06-30,759
260096,NORTH KANSAS CITY HOSPITAL,2023-07-01,2024-06-30,385
261328,NORTHWEST MEDICAL CENTER,2023-07-01,2024-06-30,25
262019,HEARTLAND LONG TERM ACUTE CARE HOSPI,2023-07-01,2024-06-30,39
271317,LIVINGSTON HEALTHCARE,2023-07-01,2024-06-30,25
271346,ROUNDUP MEMORIAL HEALTHCARE,2023-07-01,2024-06-30,25
281304,THAYER COUNTY HEALTH SERVICES,2023-07-01,2024-06-30,19
281325,BROWN COUNTY HOSPITAL,2023-07-01,2024-06-30,23
281358,GORDON MEMORIAL HOSPITAL DISTRICT,2023-07-01,2024-06-30,25
290012,ST. ROSE DOMINICAN - DELIMA,2023-07-01,2024-06-30,10
291304,PERSHING GENERAL HOSPITAL,2023-07-01,2024-06-30,13
330164,HIGHLAND HOSPITAL,2023-07-01,2024-06-30,261
341328,MURPHY MEDICAL CENTER,2023-07-01,2024-06-30,25
360006,RIVERSIDE METHODIST HOSPITAL,2023-07-01,2024-06-30,766
360008,SOUTHERN OHIO MEDICAL CENTER,2023-07-01,2024-06-30,192
360011,MARION GENERAL HOSPITAL,2023-07-01,2024-06-30,179
360012,ST. ANNS HOSPITAL,2023-07-01,2024-06-30,270
360014,OBLENESS MEMORIAL HOSPITAL,2023-07-01,2024-06-30,67
360029,WOOD COUNTY HOSPITAL,2023-07-01,2024-06-30,99
360035,MOUNT CARMEL HEALTH,2023-07-01,2024-06-30,532
360054,HOLZER,2023-07-01,2024-06-30,148
360085,THE OHIO STATE UNIVERSITY HOSPITAL,2023-07-01,2024-06-30,1010
360118,MEDCENTRAL HEALTH SYSTEM,2023-07-01,2024-06-30,240
360163,THE CHRIST HOSPITAL,2023-07-01,2024-06-30,442
360170,BERGER HOSPITAL,2023-07-01,2024-06-30,83
360185,SALEM COMMUNITY HOSPITAL,2023-07-01,2024-06-30,87
360210,GRADY MEMORIAL HOSPITAL,2023-07-01,2024-06-30,60
360242,ARTHUR G JAMES CANCER HOSPITAL,2023-07-01,2024-06-30,356
360266,MOUNT CARMEL NEW ALBANY HOSPITAL,2023-07-01,2024-06-30,60
360358,DILEY RIDGE MEDICAL CENTER,2023-07-01,2024-06-30,10
361315,HARDIN MEMORIAL HOSPITAL,2023-07-01,2024-06-30,25
361320,HOLZER MEDICAL CENTER JACKSON,2023-07-01,2024-06-30,24
361324,SHELBY MEMORIAL HOSPITAL,2023-07-01,2024-06-30,21
362015,GRACE HOSPITAL,2023-07-01,2024-06-30,17
362037,REGENCY HOSPITAL OF COLUMBUS,2023-07-01,2024-06-30,49
363037,OHIOHEALTH REHABILITATION HOSPITAL,2023-07-01,2024-06-30,114
364044,LINDNER CENTER OF HOPE,2023-07-01,2024-06-30,32
370091,SAINT FRANCIS HOSPITAL,2023-07-01,2024-06-30,903
390101,MEMORIAL HOSPITAL,2023-07-01,2024-06-30,74
390102,UPMC ST MARGARET,2023-07-01,2024-06-30,179
390107,UPMC PASSAVANT,2023-07-01,2024-06-30,366
390114,UPMC MAGEE-WOMENS HOSPITAL,2023-07-01,2024-06-30,341
390179,THE CHESTER COUNTY HOSPITAL,2023-07-01,2024-06-30,309
390233,UPMC HANOVER,2023-07-01,2024-06-30,80
424013,WILLIAM J MCCORD TREATMENT FACILITY,2023-07-01,2024-06-30,
430014,AVERA ST. LUKES,2023-07-01,2024-06-30,50
430015,AVERA ST MARYS,2023-07-01,2024-06-30,50
430048,MONUMENT HEALTH SPEARFISH HOSPITAL,2023-07-01,2024-06-30,24
430095,AVERA HEART HOSPITAL OF SOUTH DAKOTA,2023-07-01,2024-06-30,53
431308,EUREKA COMMUNITY HEALTH SERVICES,2023-07-01,2024-06-30,4
431340,AVERA QUEEN OF PEACE,2023-07-01,2024-06-30,25
434003,SOUTH DAKOTA HUMAN SERVICES CENTER,2023-07-01,2024-06-30,68
444032,EAST TENNESSEE BEHAVIORAL HEALTH,2023-07-01,2024-06-30,90
450072,BRAZOSPORT REGIONAL HEALTH SYSTEM,2023-07-01,2024-06-30,80
451364,OTTO KAISER MEMORIAL HOSPITAL,2023-07-01,2024-06-30,25
460047,ST MARKS HOSPITAL,2023-07-01,2024-06-30,275
492001,LAKE TAYLOR TRANSITIONAL CARE HOSPIT,2023-07-01,2024-06-30,104
494010,NORTHERN VIRGINIA MENTAL HEALTH INST,2023-07-01,2024-06-30,94
494029,SOUTHWESTERN VA MENTAL HLTH INST IPT,2023-07-01,2024-06-30,109
510062,BECKLEY ARH,2023-07-01,2024-06-30,57
511310,SUMMERS COUNTY ARH,2023-07-01,2024-06-30,25
511313,BOONE MEMORIAL HOSPITAL,2023-07-01,2024-06-30,25
520098,UNIVERSITY OF WI HOSPITALS & CLINICS,2023-07-01,2024-06-30,671
33029,ENCOMPASS HEALTH REHABILITATION HOSP,2023-08-01,2024-07-31,60
43301,ARKANSAS CHILDRENS NORTHWEST,2023-07-01,2024-06-30,25
50159,VENTURA COUNTY MEDICAL CENTER,2023-07-01,2024-06-30,272
50168,ST JUDE MEDICAL CENTER FULLERTON,2023-07-01,2024-06-30,290
50276,CONTRA COSTA REGIONAL MEDICAL CENTER,2023-07-01,2024-06-30,124
50295,MERCY HOSPITAL,2023-07-01,2024-06-30,229
50308,EL CAMINO HOSPITAL,2023-07-01,2024-06-30,400
50625,CEDARS-SINAI MEDICAL CENTER,2023-07-01,2024-06-30,908
51328,TAHOE FOREST HOSPITAL,2023-07-01,2024-06-30,25
54125,SANTA BARBARA COUNTY MENTAL HEALTH,2023-07-01,2024-06-30,16
60130,UCHEALTH GRANDVIEW HOSPITAL,2023-07-01,2024-06-30,22
100307,ASCENSION ST. VINCENTS SOUTHSIDE HO,2023-07-01,2024-06-30,230
104069,WEKIVA SPRINGS CENTER  LLC,2023-07-01,2024-06-30,120
110030,PIEDMONT CARTERSVILLE MEDICAL CENTER,2023-07-01,2024-06-30,130
110164,PIEDMONT MACON MEDICAL CENTER,2023-07-01,2024-06-30,199
110192,PIEDMONT EASTSIDE MEDICAL CENTER,2023-07-01,2024-06-30,218
110200,PIEDMONT COLUMBUS REGIONAL NORTHSIDE,2023-07-01,2024-06-30,95
123300,KAPIOLANI MED CTR FOR WOMEN & CHILDR,2023-07-01,2024-06-30,253
131303,ONEIDA COUNTY HOSPITAL,2023-07-01,2024-06-30,11
140083,LORETTO HOSPITAL,2023-07-01,2024-06-30,122
140137,GREENVILLE REGIONAL HOSPITAL,2023-07-01,2024-06-30,28
140275,GENESIS MEDICAL CENTER - SILVIS,2023-07-01,2024-06-30,145
141331,MARSHALL BROWNING HOSPITAL,2023-07-01,2024-06-30,25
141346,FAYETTE COUNTY HOSPITAL,2023-07-01,2024-06-30,25
150008,ST. CATHERINE HOSPITAL,2023-07-01,2024-06-30,122
150034,ST. MARY MEDICAL CENTER  INC.,2023-07-01,2024-06-30,180
150125,COMMUNITY HOSPITAL,2023-07-01,2024-06-30,405
150126,FRANCISCAN HEALTH CROWN POINT,2023-01-01,2023-12-31,172
153045,COMMUNITY STROKE AND REHABILITATION,2023-07-01,2024-06-30,35
160064,MERCYONE NORTH IOWA MEDICAL CENTER,2023-07-01,2024-06-30,199
160069,MERCYONE DUBUQUE MEDICAL CENTER,2023-07-01,2024-06-30,142
160080,MERCYONE CLINTON MEDICAL CENTER,2023-07-01,2024-06-30,107
160153,MERCYONE SIOUXLAND MEDICAL CENTER,2023-07-01,2024-06-30,121
161307,HANCOCK COUNTY HEALTH SYSTEM,2023-07-01,2024-06-30,25
161308,FRANKLIN GENERAL HOSPITAL,2023-07-01,2024-06-30,25
161313,GENESIS MEDICAL CENTER - DEWITT,2023-07-01,2024-06-30,13
161323,MITCHELL COUNTY REGIONAL HEALTH CENT,2023-07-01,2024-06-30,25
161325,GREENE COUNTY MEDICAL CENTER,2023-07-01,2024-06-30,25
161331,MERCY MEDICAL CENTER - NEW HAMPTON,2023-07-01,2024-06-30,11
161335,PEOPLES MEMORIAL HOSPITAL,2023-07-01,2024-06-30,25
161345,OSCEOLA REGIONAL HEALTH CENTER,2023-07-01,2024-06-30,25
161369,CRAWFORD COUNTY MEMORIAL HOSPITAL,2023-07-01,2024-06-30,25
170023,ST. CATHERINE - GARDEN CITY,2023-07-01,2024-06-30,90
174022,OSAWATOMIE STATE HOSPITAL,2023-07-01,2024-06-30,60
192043,RIVERSIDE HOSPITAL OF LOUISIANA,2023-07-01,2024-06-30,14
193074,UNITED MEDICAL HEALTHWEST -  NEW ORL,2023-07-01,2024-06-30,20
194079,RED RIVER BEHAVIORAL CENTER,2023-07-01,2024-06-30,20
210018,MEDSTAR MONTGOMERY MEDICAL CENTER,2023-07-01,2024-06-30,114
210035,CIVISTA MEDICAL CENTER,2023-07-01,2024-06-30,98
210037,MEMORIAL EASTON,2023-07-01,2024-06-30,115
230003,COREWELL HEALTH ZEELAND,2023-07-01,2024-06-30,55
230021,COREWELL HEALTH LAKELAND HOSPITALS,2023-07-01,2024-06-30,225
230041,BAY REGIONAL MEDICAL CENTER,2022-10-01,2023-09-30,234
230078,LAKELAND COMMUNITY HOSP WATERVLIET,2023-07-01,2024-06-30,26
230095,MYMICHIGAN MEDICAL CTR  WEST BRAN,2023-07-01,2024-06-30,88
230097,MUNSON MEDICAL CENTER,2023-07-01,2024-06-30,401
230110,COREWELL HEALTH LUDINGTON HOSPITAL,2023-07-01,2024-06-30,39
230133,OTSEGO MEMORIAL HOSPITAL,2023-07-01,2024-06-30,46
230142,COREWELL HEALTH WAYNE,2023-07-01,2024-06-30,99
230176,COREWELL HEALTH - TRENTON,2023-07-01,2024-06-30,193
230239,MYMICHIGAN MEDICAL CENTER SAULT,2023-07-01,2024-06-30,49
230270,COREWELL HEALTH TAYLOR,2023-07-01,2024-06-30,99
231301,KALKASKA MEMORIAL HEALTH CENTER,2023-07-01,2024-06-30,8
231322,MUNSON HEALTHCARE CHARLEVOIX HOSPITA,2023-07-01,2024-06-30,25
231325,MYMICHIGAN MEDICAL CENTER GLADWIN,2023-07-01,2024-06-30,25
231326,UM HEALTH-SPARROW CLINTON HOSPITAL,2023-07-01,2024-06-30,25
234006,PINE REST CHRISTIAN HOSPITAL,2023-07-01,2024-06-30,198
241321,GRACEVILLE HEALTH CENTER,2023-07-01,2024-06-30,15
251319,UNIVERSITY HOSPITAL & CLINICS - HOLM,2023-07-01,2024-06-30,25
260006,HEARTLAND REGIONAL MEDICAL CENTER,2023-07-01,2024-06-30,330
260050,MOSAIC MEDICAL CENTER - MARYVILLE,2023-07-01,2024-06-30,21
281331,AVERA CREIGHTON HOSPITAL,2023-07-01,2024-06-30,17
281332,BUTLER COUNTY HEALTH CARE CENTER,2023-07-01,2024-06-30,20
281360,BOX BUTTE GENERAL HOSPITAL,2023-07-01,2024-06-30,25
301311,SPEARE MEMORIAL HOSPITAL,2023-07-01,2024-06-30,25
310130,HACKENSACK UMC AT PASCACK VALLEY,2023-07-01,2024-06-30,78
330127,JACOBI MEDICAL CENTER,2023-07-01,2024-06-30,440
330128,ELMHURST HOSPITAL CENTER,2023-07-01,2024-06-30,358
340061,UNIVERSITY OF NORTH CAROLINA HOSP.,2023-07-01,2024-06-30,809
340073,DUKE RALEIGH HOSPITAL,2023-07-01,2024-05-31,194
340147,NASH HOSPITALS INC,2023-07-01,2024-06-30,322
340159,PERSON MEMORIAL HOSPITAL INC,2023-07-01,2024-06-30,38
344027,RJ BLACKLEY ADATC,2023-07-01,2024-06-30,
373303,THE CHILDRENS CENTER  INC.,2023-07-01,2024-06-30,
390003,GEISINGER BLOOMSBURG HOSPITAL,2023-07-01,2024-06-30,40
390009,SAINT VINCENT HOSPITAL,2023-07-01,2024-06-30,316
390058,UPMC CARLISLE,2023-07-01,2024-06-30,66
390068,UPMC LITITZ,2023-07-01,2024-06-30,36
390111,HOSPITAL OF THE UNIV OF PENNA,2023-07-01,2024-06-30,1011
390112,WINDBER HOSPITAL  INC.,2023-07-01,2024-06-30,47
390153,PAOLI HOSPITAL,2023-07-01,2024-06-30,261
390217,FRICK HOSPITAL,2023-07-01,2024-06-30,33
390222,RIDDLE HOSPITAL,2023-07-01,2024-06-30,230
390223,PRESBYTERIAN MEDICAL CENTER,2023-07-01,2024-06-30,328
390258,ST. MARY MEDICAL CENTER,2023-07-01,2024-06-30,348
390265,JEFFERSON REGIONAL MEDICAL CENTER,2023-07-01,2024-06-30,285
390334,AHN WEXFORD HOSPITAL,2023-07-01,2024-06-30,144
390338,POCONO MEDICAL CENTER DICKSON CITY,2023-07-01,2024-06-30,40
430012,AVERA SACRED HEART HOSPITAL,2023-07-01,2024-06-30,42
440109,HARDIN MEDICAL CENTER,2023-07-01,2024-06-30,49
440137,VANDERBILT BEDFORD COUNTY HOSPITAL,2023-07-01,2024-06-30,24
440144,VANDERBILT TULLAHOMA-HARTON HOSPITAL,2023-07-01,2024-06-30,76
440193,VANDERBILT WILSON COUNTY HOSPITAL,2023-07-01,2024-06-30,117
450058,BAPTIST HEALTH SYSTEM,2023-07-01,2024-06-30,1585
450862,ST. LUKES THE WOODLANDS HOSPITAL,2023-07-01,2024-06-30,233
500011,HIGHLINE MEDICAL CENTER,2023-07-01,2024-06-30,132
511307,GRAFTON CITY HOSPITAL,2023-07-01,2024-06-30,25
520033,ASPIRUS RIVERVIEW HOSPITAL & CLINICS,2023-07-01,2024-06-30,44
520044,ST. NICHOLAS HOSPITAL,2023-07-01,2024-06-30,48
521313,ASPIRUS TOMAHAWK HOSPITAL,2023-07-01,2024-06-30,15
31313,CARONDELET HOLY CROSS HOSPITAL,2023-07-01,2024-06-30,25
50067,OAK VALLEY DISTRICT HOSPITAL,2023-07-01,2024-06-30,35
50242,DOMINICAN HOSPITAL,2023-07-01,2024-06-30,202
50248,NATIVIDAD MEDICAL CENTER,2023-07-01,2024-06-30,144
50280,MERCY MEDICAL CENTER REDDING,2023-07-01,2024-06-30,262
50351,TORRANCE MEMORIAL MEDICAL CENTER,2023-07-01,2024-06-30,493
51319,MERCY MEDICAL CENTER MT. SHASTA,2023-07-01,2024-06-30,25
53301,CHILDRENS HOSP & RES CNTR OAKLAND,2023-07-01,2024-06-30,163
53304,CHILDRENS HOSPITAL OF ORANGE COUNT,2023-07-01,2024-06-30,334
54123,ST. JOSEPHS BEHAVIORAL HLTH CENTER,2023-07-01,2024-06-30,35
60008,SAN LUIS VALLEY REG MED CENTER,2023-07-01,2024-06-30,49
60012,ST. MARY - CORWIN HOSPITAL,2023-07-01,2024-06-30,42
60044,ST. ELIZABETH HOSPITAL,2023-07-01,2024-06-30,33
60128,UCHEALTH LONGS PEAK HOSPITAL,2023-07-01,2024-06-30,83
100277,MIAMI JEWISH HEALTH SYSTEMS  INC.,2023-07-01,2024-06-30,32
120028,QUEENS NORTH HAWAII COMMUNITY HOSPI,2023-07-01,2024-06-30,33
140032,ST. ANTHONYS MEMORIAL HOSPITAL,2023-07-01,2024-06-30,133
140119,RUSH UNIVERSITY MEDICAL CENTER,2023-07-01,2024-06-30,608
141304,GENESIS MEDICAL CENTER - ALEDO,2023-07-01,2024-06-30,22
141336,ST. JOSEPHS HOSPITAL-HIGHLAND IL,2023-07-01,2024-06-30,25
190006,UNIVERSITY HOSPITAL & CLINICS,2023-07-01,2024-06-30,52
190102,OUR LADY OF LOURDES RMC,2023-07-01,2024-06-30,383
210012,SINAI HOSPITAL OF BALTIMORE  INC.,2023-07-01,2024-06-30,437
210030,CHESTER RIVER HOSPITAL CENTER,2023-07-01,2024-06-30,5
210038,MARYLAND GENERAL HOSPITAL,2023-07-01,2024-06-30,138
230046,UNIV OF MI HOSPITALS & HLTH CTRS,2023-07-01,2024-06-30,954
240036,ST. CLOUD HOSPITAL,2023-07-01,2024-06-30,464
240088,CARRIS HEALTH,2023-07-01,2024-06-30,81
241313,BRIDGES MEDICAL CENTER,2023-07-01,2024-06-30,14
241350,ESSENTIA HEALTH MOOSE LAKE,2023-07-01,2024-06-30,25
263302,CHILDRENS MERCY HOSPITAL,2023-07-01,2024-06-30,329
263303,RANKEN JORDAN,2023-07-01,2024-06-30,60
271301,FALLON MEDICAL COMPLEX,2023-07-01,2024-06-30,25
281306,KEARNEY COUNTY HEALTH SERVICES,2023-07-01,2024-06-30,10
281309,SYRACUSE AREA HEALTH,2023-07-01,2024-06-30,10
281314,ANNIE JEFFREY MEM. CNTY HLTH. CTR.,2023-07-01,2024-06-30,16
291301,INCLINE VILLAGE HOSPITAL,2023-07-01,2024-06-30,4
300012,ELLIOT HOSPITAL,2023-07-01,2024-06-30,215
300020,SOUTHERN NH MEDICAL CENTER,2023-07-01,2024-06-30,139
310010,PRINCETON HEALTHCARE SYSTEM,2023-07-01,2024-06-30,206
340010,WAYNE MEMORIAL HOSPITAL,2023-07-01,2024-06-30,245
340027,LENOIR MEMORIAL HOSPITAL,2023-07-01,2024-06-30,178
340050,S.E. REGL MEDICAL CENTER,2023-07-01,2024-06-30,186
351300,TIOGA MEDICAL CENTER,2023-07-01,2024-06-30,25
370056,COMANCHE COUNTY MEMORIAL HOSPITAL,2023-07-01,2024-06-30,183
370106,INTEGRIS SOUTHWEST MEDICAL CENTER,2023-07-01,2024-06-30,177
371310,MERCY HOSPITAL HEALDTON  INC.,2023-07-01,2024-06-30,22
371337,EASTERN OKLAHOMA MEDICAL CENTER,2023-07-01,2024-06-30,25
390001,COMMUNITY MEDICAL CENTER,2023-07-01,2024-06-30,262
390044,READING HOSPITAL AND MEDICAL CENTER,2023-07-01,2024-06-30,580
390073,UPMC ALTOONA,2023-07-01,2024-06-30,315
390079,ROBERT PACKER HOSPITAL,2023-07-01,2024-06-30,252
390091,UPMC NORTHWEST HOSPITAL,2023-07-01,2024-06-30,139
390097,HOLY REDEEMER HOSPITAL,2023-07-01,2024-06-30,213
390139,BRYN MAWR HOSPITAL,2023-07-01,2024-06-30,244
390162,ST LUKES HOSPITAL - EASTON CAMPUS,2023-07-01,2024-06-30,29
390174,THOMAS JEFFERSON UNIV. HOSPITAL,2023-07-01,2024-06-30,866
390183,MINERS MEMORIAL MEDICAL CENTER,2023-07-01,2024-06-30,49
390211,SHARON REGIONAL HEALTH SYSTEM,2023-07-01,2024-06-30,141
390331,WILLS EYE HOSPITAL,2023-07-01,2024-06-30,4
390336,HAMPDEN MEDICAL CENTER,2023-07-01,2024-06-30,82
391309,BARNES-KASSON COUNTY HOSPITAL,2023-07-01,2024-06-30,25
420019,MUSC HEALTH CHESTER MEDICAL CENTER,2023-07-01,2024-06-30,16
431310,AVERA FLANDREAU HOSPITAL,2023-07-01,2024-06-30,18
450102,CHRISTUS MOTHER FRANCES HOSP-TYLER,2023-07-01,2024-06-30,518
450537,METHODIST RICHARDSON MEDICAL CENTER,2023-07-01,2024-06-30,272
450755,COVENANT HOSPITAL LEVELLAND,2023-07-01,2024-06-30,21
490020,TRICITIES HOSPITAL,2023-01-01,2023-12-31,107
500138,FRED HUTCHINSON CANCER CENTER,2023-07-01,2024-06-30,20
510046,PRINCETON COMMUNITY HOSPITAL,2023-07-01,2024-06-30,124
521354,SOUTHWEST HEALTH CENTER,2023-07-01,2024-06-30,25
530006,MEM. HOSPITAL OF SHERIDAN CTY.,2023-07-01,2024-06-30,88
670023,METHODIST MANSFIELD MEDICAL CENTER,2023-07-01,2024-06-30,294
670053,ST. LUKES SUGAR LAND HOSPITAL,2023-07-01,2024-06-30,100
670075,ST LUKES HOSPITAL AT THE VINTAGE,2023-07-01,2024-06-30,90
21313,SOUTH PENINSULA HOSPITAL,2023-07-01,2024-06-30,21
50006,ST. JOSEPH HOSPITAL - EUREKA,2023-07-01,2024-06-30,131
50039,ENLOE MEDICAL CENTER,2023-07-01,2024-06-30,258
50042,ST ELIZABETH  COMMUNITY HOSPTIAL,2023-07-01,2024-06-30,49
50090,SONOMA VALLEY HEALTH CARE DISTRICT,2023-07-01,2024-06-30,24
51302,SOUTHERN INYO HOSPITAL,2023-07-01,2024-06-30,4
51304,JOHN C. FREMONT HEALTHCARE DISTRICT,2023-07-01,2024-06-30,18
54144,LANGLEY PORTER PSYCHIATRIC HOSPITAL,2023-07-01,2024-06-30,30
60119,MEDICAL CENTER OF THE ROCKIES,2023-07-01,2024-06-30,180
60129,UCHEALTH BROOMFIELD HOSPITAL,2023-07-01,2024-06-30,20
90004,GEORGETOWN UNIVERSITY HOSPITAL,2023-07-01,2024-06-30,453
104007,NORTHEAST FLORIDA STATE HOSPITAL,2023-07-01,2024-06-30,60
140029,COPLEY MEMORIAL HOSPITAL,2023-07-01,2024-06-30,192
140150,BOARD OF TRUSTEES OF THE UNIVERSITY,2023-07-01,2024-06-30,401
140191,INGALLS MEMORIAL HOSPITAL,2023-07-01,2024-06-30,165
161310,ADAIR COUNTY MEMORIAL HOSPITAL,2023-07-01,2024-06-30,25
170040,UNIVERSITY OF KANSAS HOSPITAL,2023-07-01,2024-06-30,969
191321,LALLIE KEMP REGIONAL MEDICAL CENTER,2023-07-01,2024-06-30,24
210003,UNIV OF MD CAPITAL REGION MED CTR,2023-07-01,2024-06-30,248
210019,TIDALHEALTH PENINSULA REGIONAL INC,2023-07-01,2024-06-30,284
230236,METROPOLITAN HOSPITAL,2023-07-01,2024-06-30,201
232029,SSH - SPECTRUM HEALTH,2023-07-01,2024-06-30,36
241357,FIRST CARE MEDICAL SERVICES,2023-07-01,2024-06-30,25
260176,ST. LUKES DES PERES HOSPITAL,2023-07-01,2024-06-30,55
271306,MOUNTAINVIEW MEDICAL CENTER,2023-07-01,2024-06-30,25
280020,CHI HEALTH ST. ELIZABETH,2023-07-01,2024-06-30,137
301305,ALICE PECK DAY MEMORIAL HOSPITAL,2023-07-01,2024-06-30,24
321304,UNION COUNTY GEN. HOSPITAL,2023-07-01,2024-06-30,25
330047,ST. MARYS HEALTHCARE,2023-07-01,2024-06-30,100
340143,CATAWBA VALLEY MEDICAL CENTER,2023-07-01,2024-06-30,200
344004,CENTRAL REGIONAL HOSPITAL,2023-07-01,2024-06-30,338
351304,TURTLE LAKE COMMUNITY HOSPITAL,2023-07-01,2024-06-30,25
390045,UPMC WILLIAMSPORT HOSPITAL,2023-07-01,2024-06-30,227
390056,PENN HIGHLANDS HUNTINGDON,2023-07-01,2024-06-30,89
390150,UPMC GREENE,2023-07-01,2024-06-30,18
390225,EPHRATA COMMUNITY HOSPITAL,2023-07-01,2024-06-30,115
390328,UPMC EAST HOSPITAL,2023-07-01,2024-06-30,136
391308,CORRY MEMORIAL HOSPITAL,2023-07-01,2024-06-30,20
394012,CLARKS SUMMIT STATE  HOSPITAL,2023-07-01,2024-06-30,203
400061,UNIVERSITY DISCTRICT HOSPITAL,2023-07-01,2024-06-30,204
440091,MEMORIAL HEALTH CARE SYSTEM INC.,2023-07-01,2024-06-30,431
441309,MARSHALL MEDICAL CENTER,2023-07-01,2024-06-30,25
450211,CHI ST LUKES HEALTH MEMORIAL LUFKIN,2023-07-01,2024-06-30,152
450235,GONZALES HEALTHCARE SYSTEMS,2023-07-01,2024-06-30,12
450347,HUNTSVILLE MEMORIAL,2023-07-01,2024-06-30,117
450573,JASPER MEMORIAL HOSPITAL,2023-07-01,2024-06-30,40
450723,METHODIST CHARLTON MEDICAL CENTER,2023-07-01,2024-06-30,284
460019,UINTAH BASIN MEDICAL CENTER,2023-07-01,2024-06-30,32
460041,HOLY CROSS HOSPITAL - DAVIS,2023-07-01,2024-06-30,110
460051,HOLY CROSS HOSPITAL - JORDAN VALLEY,2023-07-01,2024-06-30,159
500008,UNIVERSITY OF WASHINGTON MED CTR,2023-07-01,2024-06-30,617
520002,ASPIRUS STEVENS POINT HOSPITAL,2023-07-01,2024-06-30,82
531302,MEMORIAL HOSPITAL OF CONVERSE COUNTY,2023-07-01,2024-06-30,25
531304,HOT SPRINGS COUNTY MEMORIAL,2023-07-01,2024-06-30,15
531309,NORTH BIG HORN HOSPITAL,2023-07-01,2024-06-30,14
30011,CARONDELET ST. JOSEPH HOSPITAL,2023-07-01,2024-06-30,450
40007,ST VINCENT INFIRMARY MEDICAL CENTER,2023-07-01,2024-06-30,352
50110,LOMPOC VALLEY MEDICAL CENTER,2023-07-01,2024-06-30,60
50113,SAN MATEO MEDICAL CENTER,2023-07-01,2024-06-30,69
50211,ALAMEDA HOSPITAL,2023-07-01,2024-06-30,66
50300,ST. MARY MEDICAL CENTER,2023-07-01,2024-06-30,214
50485,MEMORIALCARE LONG BEACH MED CTR,2023-07-01,2024-06-30,369
50603,MEMORIALCARE SADDLEBACK MED CTR,2023-07-01,2024-06-30,248
53303,RADY CHILDRENS HOSPITAL - SAN DIEGO,2023-07-01,2024-06-30,401
53309,MEMORIALCARE MCWHLB,2023-07-01,2024-06-30,357
54009,RESNICK NEUROPSYCHIATRIC HOSPITAL AT,2023-07-01,2024-06-30,74
60022,MEMORIAL HEALTH SYSTEM,2023-07-01,2024-06-30,536
60104,ST. ANTHONY NORTH HOSPITAL,2023-07-01,2024-06-30,118
70036,JOHN DEMPSEY HOSPITAL,2023-07-01,2024-06-30,165
100099,ADVENTHEALTH LAKE WALES,2023-07-01,2024-06-30,118
100363,ADVENTHEALTH PALM COAST PARKWAY,2023-08-21,2024-06-30,100
120007,KUAKINI MEDICAL CENTER,2023-07-01,2024-06-30,170
140059,JERSEY COMMUNITY HOSPITAL DIST,2023-07-01,2024-06-30,46
180010,SAINT JOSEPH HOSPITAL,2023-07-01,2024-06-30,267
180016,UOFL HEALTH-SHELBYVILLE,2023-07-01,2024-06-30,32
180040,UOFL HEALTH-LOUISVILLE,2023-07-01,2024-06-30,789
180064,SAINT JOSEPH MOUNT STERLING,2023-07-01,2024-06-30,42
180141,UNIVERSITY OF LOUISVILLE HOSPITAL,2023-07-01,2024-06-30,333
180143,SAINT JOSEPH EAST,2023-07-01,2024-06-30,138
190125,ST. FRANCIS MEDICAL CENTER,2023-07-01,2024-06-30,332
200039,MAINEGENERAL MEDICAL CENTER,2023-07-01,2024-06-30,186
214003,BROOK LANE PSYCHIATRIC CENTER,2023-07-01,2024-06-30,65
230208,UM HEALTH-SPARROW CARSON,2023-07-01,2024-06-30,48
241301,LAKEWOOD HEALTH CENTER,2023-07-01,2024-06-30,15
290045,ST. ROSE DOMINICAN - SIENA,2023-07-01,2024-06-30,326
290053,ST. ROSE DOMINICAN - SAN MARTIN,2023-07-01,2024-06-30,124
301304,NEW LONDON HOSPITAL,2023-07-01,2024-06-30,25
320001,UNIVERSITY OF NEW MEXICO HOSPITAL,2023-07-01,2024-06-30,508
330140,ST. JOSEPHS HOSPITAL HEALTH CENTER,2023-07-01,2024-06-30,318
330180,SAMARITAN HOSPITAL,2023-07-01,2024-06-30,252
360017,GRANT MEDICAL CENTER,2023-07-01,2024-06-30,505
360048,UNIV OF TOLEDO MEDL CENTER,2023-07-01,2024-06-30,212
360134,GOOD SAMARITAN HOSPITAL,2023-07-01,2024-06-30,362
360152,DOCTORS HOSPITAL,2023-07-01,2024-06-30,174
360179,BETHESDA HOSPITAL,2023-07-01,2024-06-30,432
360211,TRINITY HOSPITAL HOLDING COMPANY,2023-07-01,2024-06-30,154
360365,AVITA ONTARIO HOSPITAL,2023-07-01,2024-06-30,49
361302,TWIN CITY HOSPITAL,2023-07-01,2024-06-30,25
361316,BUCYRUS COMMUNITY HOSPITAL,2023-07-01,2024-06-30,25
361325,GALION COMMUNITY HOSPITAL,2023-07-01,2024-06-30,25
362004,DANIEL DRAKE CENTER FOR POST-ACUTE C,2023-07-01,2024-06-30,82
364007,TWIN VALLEY RPH - COLUMBUS CAMPUS,2023-07-01,2024-06-30,238
364067,BLUESTONE CHILD AND ADOLESCENT PSYCH,2023-07-01,2024-06-30,
370114,ST. JOHN MEDICAL CENTER,2023-07-01,2024-06-30,419
371313,MERCY HOSPITAL KINGFISHER,2023-07-01,2024-06-30,25
374020,LAUREATE PSYCHIATRIC HOSPITAL,2023-07-01,2024-06-30,90
381308,SALEM HEALTH WEST VALLEY,2023-07-01,2024-06-30,25
381315,SAINT ALPHONSUS MEDICAL CENTER BAKER,2023-07-01,2024-06-30,21
390046,YORK HOSPITAL,2023-07-01,2024-06-30,534
390178,UPMC HORIZON HOSPITAL,2023-07-01,2024-06-30,99
390184,HIGHLANDS HOSPITAL,2023-07-01,2024-06-30,61
390332,GEISINGER STLUKES,2023-07-01,2024-06-30,60
391315,PENN HIGHLANDS ELK,2023-07-01,2024-06-30,25
393030,ALLIED SERVICES REHAB HOSPITAL,2023-07-01,2024-06-30,50
400001,ASHFORD PRESBYTERIAN COMMUNITY CORP,2023-07-01,2024-06-30,173
450388,METHODIST HOSPITAL,2023-07-01,2024-06-30,1785
520075,ST. VINCENT HOSPITAL,2023-07-01,2024-06-30,213
521350,ASPIRUS LANGLADE HOSPITAL,2023-07-01,2024-06-30,25
24002,ALASKA PSYCHIATRIC INSTITUTE,2023-07-01,2024-06-30,80
30119,MERCY GILBERT MEDICAL CENTER,2023-07-01,2024-06-30,197
40137,ST VINCENT NORTH,2023-07-01,2024-06-30,68
41300,MERCY HOSPITAL PARIS,2023-07-01,2024-06-30,12
50315,KERN MEDICAL CENTER,2023-07-01,2024-06-30,222
50678,MEMORIALCARE ORANGE COAST MED CTR,2023-07-01,2024-06-30,221
50770,LLUMC MURRIETA,2023-07-01,2024-06-30,111
51318,REDWOOD MEMORIAL HOSPITAL,2023-07-01,2024-06-30,19
130007,ST. ALPHONSUS REGIONAL MED CENTER,2023-07-01,2024-06-30,374
140095,SAINT ANTHONY HOSPITAL,2023-07-01,2024-06-30,109
140133,HOLY CROSS HOSPITAL,2023-07-01,2024-06-30,153
140166,ST MARYS HOSPITAL,2023-07-01,2024-06-30,131
154020,REGIONAL MENTAL HEALTH CENTER,2023-07-01,2024-06-30,16
154071,ETHAN CROSSING OF INDIANAPOLIS,2023-06-28,2024-03-31,41
161300,MERCYONE PRIMGHAR MEDICAL CENTER,2023-07-01,2024-06-30,14
161338,MERCYONE OELWEIN MEDICAL CENTER,2023-07-01,2024-06-30,17
161342,MONROE COUNTY HOSPITAL,2023-07-01,2024-06-30,25
161353,KOSSUTH REGIONAL HEALTH CENTER,2023-07-01,2024-06-30,24
161356,HENRY COUNTY HEALTH CENTER,2023-07-01,2024-06-30,25
161359,BURGESS HEALTH CENTER,2023-07-01,2024-06-30,25
161372,BOONE COUNTY HOSPITAL,2023-07-01,2024-06-30,25
161378,MERCYONE DYERSVILLE MEDICAL CENTER,2023-07-01,2024-06-30,13
170013,HAYS MEDICAL CENTER  INC.,2023-07-01,2024-06-30,121
180011,SAINT JOSEPH LONDON,2023-07-01,2024-06-30,118
181305,OUR LADY OF THE WAY,2023-07-01,2024-06-30,25
190201,LAKE AREA MEDICAL CENTER,2023-07-01,2024-06-30,88
210001,MERITUS MEDICAL CENTER,2023-07-01,2024-06-30,242
210034,MEDSTAR HARBOR HOSPITAL,2023-07-01,2024-06-30,125
244002,ANOKA-METRO REGIONAL TREATMENT CTR.,2023-07-01,2024-06-30,110
271313,PIONEER MEDICAL CENTER,2023-07-01,2024-06-30,25
271345,CENTRAL MONTANA MEDICAL CENTER,2023-07-01,2024-06-30,25
320065,COVENANT HEALTH HOBBS HOSPITAL,2023-07-01,2024-06-30,25
320084,ROOSEVELT GENERAL HOSPITAL,2023-07-01,2024-06-30,12
330057,ST. PETERS HOSPITAL,2023-07-01,2024-06-30,502
330080,LINCOLN MEDICAL&MENTAL HEALTH CENTER,2023-07-01,2024-06-30,287
330199,METROPOLITAN HOSPITAL CENTER,2023-07-01,2024-06-30,196
330285,STRONG MEMORIAL HOSPITAL,2023-07-01,2024-06-30,749
351301,MOUNTRAIL COUNTY MEDICAL CENTER,2023-07-01,2024-06-30,11
370018,JANE PHILLIPS MEDICAL CENTER,2023-07-01,2024-06-30,81
370227,ST. JOHN OWASSO,2023-07-01,2024-06-30,54
371302,MERCY HOSPITAL WATONGA,2023-07-01,2024-06-30,25
371312,ST JOHN SAPULPA,2023-07-01,2024-06-30,25
371322,BEAVER COUNTY MEMORIAL HOSPITAL,2023-07-01,2024-06-30,24
380009,OHSU HOSPITAL AND CLINICS,2023-07-01,2024-06-30,562
380021,TUALITY HEALTHCARE,2023-07-01,2024-06-30,113
380051,SALEM HOSPITAL,2023-07-01,2024-06-30,537
380090,BAY AREA HOSPITAL,2023-07-01,2024-06-30,144
381325,GOOD SHEPHERD MEDICAL CENTER,2023-07-01,2024-06-30,25
390065,THE GETTYSBURG HOSPITAL,2023-07-01,2024-06-30,76
393036,JOHN HEINZ INSTIT. OF REHAB MEDICINE,2023-07-01,2024-06-30,47
443303,EAST TENNESSEE CHILDRENS HOSPITAL,2023-07-01,2024-06-30,
450236,CHRISTUS MF - SULPHUR SPRINGS,2023-07-01,2024-06-30,56
450828,CHRISTUS SPOHN ALICE,2023-07-01,2024-06-30,72
452102,COVENANT SPECIALTY HOSPITAL,2023-07-01,2024-06-30,56
500021,ST CLARE HOSPITAL,2023-07-01,2024-06-30,106
500108,ST JOSEPH MEDICAL CENTER,2023-07-01,2024-06-30,337
501337,LOURDES MEDICAL CENTER,2023-07-01,2024-06-30,25
520041,DIVINE SAVIOR HOSPITAL,2023-07-01,2024-06-30,42
520091,HOWARD YOUNG MEDICAL CENTER,2023-07-01,2024-06-30,42
531313,STAR VALLEY HOSPITAL,2023-07-01,2024-06-30,22
670300,METHODIST MIDLOTHIAN MEDICAL CENTER,2023-07-01,2024-06-30,46
40071,JEFFERSON REGIONAL MEDICAL CENTER,2023-07-01,2024-06-30,245
41329,MERCY HOSPITAL BERRYVILLE,2023-07-01,2024-06-30,25
50516,MERCY SAN JUAN MEDICAL CENTER,2023-07-01,2024-06-30,384
50599,UC DAVIS MEDICAL CENTER,2023-07-01,2024-06-30,661
50717,RANCHO LOS AMIGOS NATL.REHAB.CTR.,2023-07-01,2024-06-30,58
80007,BEEBE MEDICAL CENTER,2023-07-01,2024-06-30,201
110168,ADVENTHEALTH REDMOND,2023-07-01,2024-06-30,210
121303,MOLOKAI GENERAL HOSPITAL,2023-07-01,2024-06-30,15
140008,GOTTLIEB MEMORIAL HOSPITAL,2023-07-01,2024-06-30,135
140054,MACNEAL HOSPITAL,2023-07-01,2024-06-30,247
140197,METHODIST HOSPITAL OF CHICAGO,2023-07-01,2024-06-30,141
170103,NEWTON MEDICAL CENTER,2023-07-01,2024-06-30,76
170175,ST. CATHERINE HOSPITAL - DODGE CITY,2023-07-01,2024-06-30,99
171327,ELLSWORTH COUNTY MEDICAL CENTER,2023-07-01,2024-06-30,19
171345,PAWNEE VALLEY COMMUNITY HOSPITAL,2023-07-01,2024-06-30,15
180078,PAINTSVILLE ARH HOSPITAL,2023-07-01,2024-06-30,39
190041,CHRISTUS SHREVEPORT-BOSSIER HEALTH S,2023-07-01,2024-06-30,199
190098,OCHSNER LSU HEALTH SHREVEPORT,2023-07-01,2024-06-30,237
190183,SOUTHERN REGIONAL MEDICAL CORP,2023-07-01,2024-06-30,64
191312,CHRISTUS COUSHATTA HEALTH CARE CTR,2023-07-01,2024-06-30,25
201314,REDINGTON-FAIRVIEW GENERAL HOSPITAL,2023-07-01,2024-06-30,25
210008,MERCY MEDICAL CENTER,2023-07-01,2024-06-30,151
210043,BALTIMORE WASHINGTON MEDICAL CENTER,2023-07-01,2024-06-30,307
210063,ST. JOSEPH MEDICAL CENTER,2023-07-01,2024-06-30,239
230002,TRINITY HEALTH LIVONIA,2023-07-01,2024-06-30,228
230037,HILLSDALE HOSPITAL,2023-07-01,2024-06-30,44
230174,TRINITY HEALTH GRAND HAVEN HOSPITAL,2023-07-01,2024-06-30,36
231327,UM HEALTH-SPARROW EATON,2023-07-01,2024-06-30,25
231331,SPARROW IONIA HOSPITAL,2023-07-01,2024-06-30,22
232037,UM HEALTH-SPARROW SPECIALITY,2023-07-01,2024-06-30,30
234021,HARBOR OAKS HOSPITAL,2023-07-01,2024-06-30,164
241380,ST. JOSEPHS AREA HEALTH SERVICES,2023-07-01,2024-06-30,25
250049,BEACHAM MEMORIAL HOSPITAL,2023-07-01,2024-06-30,17
260177,LIBERTY HOSPITAL,2023-07-01,2024-06-30,199
261307,PERSHING MEMORIAL HOSPITAL,2023-07-01,2024-06-30,25
261310,SCOTLAND COUNTY MEMORIAL HOSPITAL,2023-07-01,2024-06-30,25
271332,GLENDIVE MEDICAL CENTER INC,2023-07-01,2024-06-30,25
280128,CHI HEALTH NEBRASKA HEART,2023-07-01,2024-06-30,63
281301,FILLMORE COUNTY HOSPITAL,2023-07-01,2024-06-30,20
281329,AVERA ST. ANTHONYS HOSPITAL,2023-07-01,2024-06-30,25
281350,JOHNSON COUNTY HOSPITAL,2023-07-01,2024-06-30,18
281351,CHASE COUNTY COMMUNITY HOSPITAL,2023-07-01,2024-06-30,15
281353,VALLEY COUNTY HEALTH SYSTEM,2023-07-01,2024-06-30,16
310119,UH - UNIVERSITY HOSPITAL,2023-07-01,2024-06-30,358
321307,MINER OF COLFAX MEDICAL CENTER,2023-07-01,2024-06-30,25
330096,JONES MEMORIAL HOSPITAL,2023-07-01,2024-06-30,49
330204,BELLEVUE HOSPITAL CENTER,2023-07-01,2024-06-30,527
330238,NICHOLAS H. NOYES MEMORIAL HOSPITAL,2023-07-01,2024-06-30,67
332008,HENRY J. CARTER,2023-07-01,2024-06-30,201
370001,HILLCREST MEDICAL CENTER,2023-07-01,2024-06-30,448
370235,ST. JOHN BROKEN ARROW,2023-07-01,2024-06-30,62
371305,NOWATA HEALTH CENTER,2023-07-01,2024-06-30,25
381309,LAKE HEALTH DISTRICT,2023-07-01,2024-06-30,24
381312,COQUILLE VALLEY HOSPITAL,2023-07-01,2024-06-30,17
381319,ST. ANTHONY HOSPITAL,2023-07-01,2024-06-30,25
390090,WESTERN PENNSYLVANIA HOSPITAL,2023-07-01,2024-06-30,255
390123,POTTSTOWN MEMORIAL MEDICAL CENTER,2023-07-01,2024-06-30,185
390125,WAYNE MEMORIAL HOSPITAL,2023-07-01,2024-06-30,58
390156,MERCY CATHOLIC MEDICAL CENTER,2023-07-01,2024-06-30,153
390163,ARMSTRONG COUNTY MEMORIAL,2023-07-01,2024-06-30,66
390185,LEHIGH VALLEY HOSPITAL-HAZLETON,2023-07-01,2024-06-30,134
390267,FORBES REGIONAL HOSPITAL,2023-07-01,2024-06-30,233
390268,MOUNT NITTANY MEDICAL CENTER,2023-07-01,2024-06-30,248
391316,UPMC WELLSBORO,2023-07-01,2024-06-30,25
430016,AVERA MCKENNAN,2023-07-01,2024-06-30,549
430077,MONUMENT HEALTH RAPID CITY HOSPITAL,2023-07-01,2024-06-30,385
440061,WEST TN HEALTHCARE VOLUNTEER HOSPITA,2023-07-01,2024-06-30,38
440072,DYERSBURG REGIONAL MEDICAL CENTER,2023-07-01,2024-06-30,109
450032,GOOD SHEPHERD MEDICAL CENTER,2023-07-01,2024-06-30,318
450395,CHI ST LUKES HEALTH MEM LIVINGSTON,2023-07-01,2024-06-30,66
451315,NORTH RUNNELS HOSPITAL DISTRICT,2023-07-01,2024-06-30,12
453306,COVENANT CHILDRENS HOSPITAL,2023-07-01,2024-06-30,184
453315,CHILDRENS HOSPITAL OF SAN ANTONIO,2023-07-01,2024-06-30,174
460003,HOLY CROSS HOSPITAL - SALT LAKE,2023-07-01,2024-06-30,92
500151,ST ANTHONY HOSPITAL,2023-07-01,2024-06-30,112
511316,GRANT MEMORIAL HOSPITAL,2023-07-01,2023-12-31,25
530025,IVINSON MEMORIAL HOSPITAL,2023-07-01,2024-06-30,76
673046,BAYLOR INSTITUTE FOR REHABILITATION,2023-07-01,2024-06-30,44
30055,KINGMAN REGIONAL MEDICAL CENTER,2023-07-01,2024-06-30,196
40062,MERCY HOSPITAL FORT SMITH,2023-07-01,2024-06-30,256
41303,MERCY HOSPITAL OZARK,2023-07-01,2024-06-30,12
50195,WASHINGTON HOSPITAL DISTRICT,2023-07-01,2024-06-30,385
50262,RONALD REAGAN UCLA,2023-07-01,2024-06-30,446
50414,MERCY HOSPITAL OF FOLSOM,2023-07-01,2024-06-30,106
60013,MERCY HOSPITAL,2023-07-01,2024-06-30,73
60015,ST. ANTHONY HOSPITAL,2023-07-01,2024-06-30,220
61308,CONEJOS COUNTY HOSPITAL,2023-07-01,2024-06-30,17
100200,BROWARD HEALTH IMPERIAL POINT,2023-07-01,2024-06-30,129
100271,MOFFITT CANCER CENTER,2023-07-01,2024-06-30,314
100290,THE VILLAGES REGIONAL HOSPITAL,2023-07-01,2024-06-30,277
104024,CIRCLES OF CARE  INC.,2023-07-01,2024-06-30,172
110201,PIEDMONT MACON NORTH HOSPITAL,2023-07-01,2024-06-30,61
150076,ST. JOSEPHS REG MED CENTER PLYMOUTH,2023-07-01,2024-06-30,45
161332,MANNING REGIONAL HEALTHCARE CENTER,2023-07-01,2024-06-30,17
161376,CASS COUNTY MEMORIAL HOSPITAL,2023-07-01,2024-06-30,25
161377,MERCY MEDICAL CENTER-CENTERVILLE,2023-07-01,2024-06-30,20
180025,FLAGET MEMORIAL HOSPITAL,2023-07-01,2024-06-30,40
181329,SAINT JOSEPH BEREA,2023-07-01,2024-06-30,25
190317,OCHSNER LSU HEALTH - ST MARY MED CTR,2023-07-01,2024-06-30,110
194008,EAST LA STATE MENTAL HEALTH SYSTEM,2023-07-01,2024-06-30,334
204004,DOROTHEA DIX PSYCHIATRIC CENTER,2023-07-01,2024-06-30,67
210028,ST. MARYS HOSPITAL,2023-07-01,2024-06-30,100
210032,UNION HOSPITAL OF CECIL COUNTY,2023-07-01,2024-06-30,124
210040,NORTHWEST HOSPITAL CENTER,2023-07-01,2024-06-30,198
210051,DOCTORS COMMUNITY HOSPITAL,2023-07-01,2024-06-30,218
210058,JAMES LAWRENCE KERNAN HOSPITAL,2023-07-01,2024-06-30,138
210062,MEDSTAR SOUTHERN MARYLAND HOSPITAL C,2023-07-01,2024-06-30,197
224028,CORRIGAN MENTAL HEALTH CENTER,2023-07-01,2024-06-30,16
250152,MISSISSIPPI METHODIST REHAB CENTER,2023-07-01,2024-06-30,31
271318,BARRETT HOSPITAL AND HEALTHCARE,2023-07-01,2024-06-30,18
271340,MARCUS DALY MEMORIAL HOSPITAL,2023-07-01,2024-06-30,25
271348,NORTHERN MONTANA HOSPITAL,2023-09-01,2024-06-30,25
330151,ST. JAMES HOSPITAL,2023-07-01,2024-06-30,15
330196,NYC HEALTH + HOSPITAL / SOUTH BROOKL,2023-07-01,2024-06-30,252
330202,NYC HEALTH+HOSPITAL/KINGS COUNTY,2023-07-01,2024-06-30,381
330277,CORNING HOSPITAL,2023-07-01,2024-06-30,65
330396,WOODHULL HOSPITAL CENTER,2023-07-01,2024-06-30,238
370034,MCALESTER REGIONAL HEALTH CENTER,2023-07-01,2024-06-30,103
381304,SOUTHERN COOS GENERAL HOSPITAL,2023-07-01,2024-06-30,17
381310,PIONEER MEMORIAL HOSPITAL,2023-07-01,2024-06-30,21
390042,UPMC WASHINGTON,2023-07-01,2024-06-30,214
390127,PHOENIXVILLE HOSPITAL,2023-07-01,2024-06-30,130
390327,WELLSPAN SURGERY AND REHAB HOSPITAL,2023-07-01,2024-06-30,19
394026,TORRANCE STATE,2023-07-01,2024-06-30,357
420036,MUSC HEALTH LANCASTER MEDICAL CENTER,2023-07-01,2024-06-30,78
431335,HURON REGIONAL MEDICAL CENTER,2023-07-01,2024-06-30,25
450023,CITIZENS MEDICAL CENTER,2023-07-01,2024-06-30,286
450046,CHRISTUS SPOHN HOSP CORPUS CHRISTI,2023-07-01,2024-06-30,515
450051,METHODIST DALLAS MEDICAL CENTER,2023-07-01,2024-06-30,403
450068,MEMORIAL HERMANN TEXAS MEDICAL CNTR,2023-07-01,2024-06-30,1137
450372,BAYLOR SW MEDICAL CENTER- WAXAHACHIE,2023-07-01,2024-06-30,123
451305,BURLESON ST. JOSEPH HEALTH CENTER,2023-07-01,2024-06-30,15
451381,CHRISTUS MFH WINNSBORO,2023-07-01,2024-06-30,14
454065,HICKORY TRAIL HOSPITAL,2023-08-01,2024-07-31,86
500050,PEACEHEALTH SOUTHWEST MEDICAL CENTER,2023-07-01,2024-06-30,419
520066,MERCY HEALTH SYSTEM CORPORATION,2023-07-01,2024-06-30,147
521302,MCHS OAKRIDGE,2023-01-01,2023-12-31,18
521314,MCHS-CHIPPEWA VALLEY,2023-01-01,2023-12-31,25
21311,KETCHIKAN MEDICAL CENTER,2023-07-01,2024-06-30,25
40010,MERCY MEDICAL CENTER,2023-07-01,2024-06-30,236
41313,OZARK HEALTH  INC,2023-07-01,2024-06-30,25
41318,MERCY HOSPITAL BOONEVILLE,2023-07-01,2024-06-30,12
43300,ARKANSAS CHILDRENS HOSPITAL,2023-07-01,2024-06-30,336
50115,PALOMAR MEDICAL CENTER ESCONDIDO,2023-07-01,2024-06-30,292
50342,PIONEERS MEM. HOSPITAL,2023-07-01,2024-06-30,107
53037,SAN BERNARDINO - BALLARD REHAB HOSPI,2023-07-01,2024-06-30,60
111319,SYLVAN GROVE HOSPITAL,2023-07-01,2024-06-30,25
160028,CHI HEALTH MERCY COUNCIL BLUFFS,2023-07-01,2024-06-30,141
161319,MERCYONE ELKADER MEDICAL CENTER,2023-07-01,2024-06-30,15
191311,BUNKIE GENERAL HOSPITAL,2023-07-01,2024-06-30,24
210048,HOWARD COUNTY,2023-07-01,2024-06-30,250
210056,GOOD SAMARITAN HOSPITAL,2023-07-01,2024-06-30,200
214000,SHEPPARD & ENOCH PRATT HOSPITAL,2023-07-01,2024-06-30,345
220011,CAMBRIDGE HEALTH ALLIANCE,2023-07-01,2024-06-30,225
230030,MYMICHIGAN MEDICAL CENTER-GRATIOT,2023-07-01,2024-06-30,35
230180,MYMICHIGAN MEDICAL CENTER CLARE,2023-07-01,2024-06-30,49
230259,CHELSEA HOSPITAL,2023-07-01,2024-06-30,79
242005,REGENCY HOSPITAL OF MINNEAPOLIS LLC,2023-07-01,2024-06-30,92
254010,MSH- RECEIVING UNITS,2023-07-01,2024-06-30,79
261318,SALEM MEMORIAL DISTRICT HOSPITAL,2023-07-01,2024-06-30,25
271303,GRANITE COUNTY MEDICAL CENTER,2023-07-01,2024-06-30,25
280009,CHI HEALTH GOOD SAMARITAN,2023-07-01,2024-06-30,182
280023,CHI HEALTH ST. FRANCIS,2023-07-01,2024-06-30,113
280060,CHI HEALTH CREIGHTON UNIVERSITY BERG,2023-07-01,2024-06-30,389
280081,CHI HEALTH IMMANUEL,2023-07-01,2024-06-30,177
280105,CHI HEALTH MIDLANDS,2023-07-01,2024-06-30,28
280130,CHI HEALTH LAKESIDE,2023-07-01,2024-06-30,109
281312,GENOA COMMUNITY HOSPITAL,2023-07-01,2024-06-30,19
281316,WEBSTER COUNTY COMMUNITY HOSPITAL,2023-07-01,2024-06-30,13
294000,NORTHERN NEVADA ADULT MENTAL HEALTH,2023-07-01,2024-06-30,70
344033,WALTER B JONES LAKESIDE,2023-07-01,2024-06-30,51
350002,ST ALEXIUS MEDICAL CENTER,2023-07-01,2024-06-30,157
350006,TRINITY HOSPITALS/ST JOES,2023-07-01,2024-06-30,107
351305,KENMARE COMMUNITY HOSPITAL,2023-07-01,2024-06-30,25
351308,NELSON COUNTY HEALTH SYSTEM-HOSPITAL,2023-07-01,2024-06-30,19
351311,LISBON AREA HEALTH SERVICES,2023-07-01,2024-06-30,25
351318,CARRINGTON HEALTH CENTER,2023-07-01,2024-06-30,25
351323,CAVALIER COUNTY MEMORIAL HOSPITAL,2023-07-01,2024-06-30,25
351331,TOWNER COUNTY MEDICAL CENTER,2023-07-01,2024-06-30,20
380052,SAINT ALPHONSUS MEDICAL CENTER - ONT,2023-07-01,2024-06-30,35
380102,SHMC-RIVERBEND,2023-07-01,2024-06-30,354
381301,COTTAGE GROVE COMMUNITY HOSPITAL,2023-07-01,2024-06-30,14
390028,UPMC MERCY HOSPITAL,2023-07-01,2024-06-30,336
390030,LEHIGH VALLEY HOSPITAL - SCHUYLKILL,2023-07-01,2024-06-30,118
390086,DUBOIS REGIONAL MEDICAL CENTER,2023-07-01,2024-06-30,261
390168,BUTLER MEMORIAL HOSPITAL,2023-07-01,2024-06-30,273
390204,NAZARETH HOSPITAL-PHILA  PA,2023-07-01,2024-06-30,132
390278,EAGLEVILLE HOSPITAL,2023-07-01,2024-06-30,49
390330,ST. LUKES HOSPITAL - MONROE CAMPUS,2023-07-01,2024-06-30,134
393056,HELEN M. SIMPSON REHABILITATION HOSP,2023-07-01,2024-06-30,55
444008,WESTERN MENTAL HLTH INSTIT.,2023-07-01,2024-06-30,150
444010,PATHWAYS OF TN  INC.,2023-07-01,2024-06-30,25
444014,MIDDLE TENN MENTAL HLTH INSTITUTE,2023-07-01,2024-06-30,207
450163,CHRISTUS SPOHN KLEBERG MEMORIAL HOSP,2023-07-01,2024-06-30,50
450411,EASTLAND MEMORIAL HOSPITAL,2023-07-01,2024-06-30,19
461335,BEAVER VALLEY HOSPITAL,2023-07-01,2024-06-30,25
494021,WESTERN STATE HOSPITAL,2023-07-01,2024-06-30,112
494033,CATAWBA HOSPITAL,2023-07-01,2024-06-30,132
500141,ST FRANCIS HOSPITAL,2023-07-01,2024-06-30,118
501335,ENUMCLAW REGIONAL HOSPITAL DBA SEH,2023-07-01,2024-06-30,25
520019,ASPIRUS RHINELANDER HOSPITAL,2023-07-01,2024-06-30,42
40088,SOUTH ARKANSAS REGIONAL HOSPITAL LLC,2023-07-01,2024-06-30,105
50228,ZUCKERBERG SAN FRANCISCO GENERAL,2023-07-01,2024-06-30,284
50348,UCI MEDICAL CENTER,2023-07-01,2024-06-30,397
50735,WHITTIER HOSPITAL MEDICAL CENTER,2023-07-01,2024-06-30,148
50779,MARTIN LUTHER KING COMMUNITY HOSP,2023-07-01,2024-06-30,152
100073,HOLY CROSS HOSPITAL,2023-07-01,2024-06-30,286
100086,BROWARD HEALTH NORTH,2023-07-01,2024-06-30,304
100113,UF HEALTH SHANDS,2023-07-01,2024-06-30,994
110031,SPALDING REGIONAL HOSPITAL,2023-07-01,2024-06-30,170
110198,NORTH FULTON REGIONAL HOSPITAL,2023-07-01,2024-06-30,178
114013,WEST CENTRAL GA REGIONAL HOSPITAL,2023-07-01,2024-06-30,40
114019,GEORGIA REGIONAL HOSPITAL AT ATLANTA,2023-07-01,2024-06-30,114
114028,GA REGIONAL HOSPITAL AT SAVANNAH,2023-07-01,2024-06-30,112
114029,EAST CENTRAL REGIONAL HOSPITAL,2023-07-01,2024-06-30,110
130013,ST. ALPHONSUS MEDICAL CENTER - NAMP,2023-07-01,2024-06-30,96
161317,COMPASS MEMORIAL HEALTHCARE,2023-07-01,2024-06-30,25
190027,ST. PATRICK HOSPITAL,2023-07-01,2024-06-30,100
190312,OUR LADY OF THE ANGELS HOSPITAL MC,2023-07-01,2024-06-30,36
210023,ANNE ARUNDEL MEDICAL CENTER INC.,2023-07-01,2024-06-30,400
230089,COREWELL HEALTH - GROSSE POINTE,2023-07-01,2024-06-30,248
230303,MUNSON HEALTHCARE MANISTEE HOSPITAL,2023-07-01,2024-06-30,45
281361,LEXINGTON REGIONAL HEALTH CENTER,2023-07-01,2024-06-30,25
320002,ST. VINCENT HOSPITAL,2023-07-01,2024-06-30,171
330231,QUEENS HOSPITAL CENTER,2023-07-01,2024-06-30,200
330240,HARLEM HOSPITAL CENTER,2023-07-01,2024-06-30,217
341311,CHATHAM HOSPITAL  INC,2023-07-01,2024-06-30,25
351324,MERCY HOSPITAL OF VALLEY CITY,2023-07-01,2024-06-30,25
351334,MERCY MEDICAL CENTER,2023-07-01,2024-06-30,25
381305,BLUE MOUNTAIN HOSPITAL DISTRICT,2023-07-01,2024-06-30,16
381316,PEACE HARBOR HOSPITAL,2023-07-01,2024-06-30,21
390035,QUAKERTOWN COMMUNITY HOSPITAL,2023-07-01,2024-06-30,110
390093,CLARION HOSPITAL,2023-07-01,2024-06-30,59
390198,MILLCREEK COMMUNITY HOSPITAL,2023-07-01,2024-06-30,124
393025,BRYN MAWR REHABILITATION HOSPITAL,2023-07-01,2024-06-30,148
400124,CORPORACION DEL CENTRO CARDIOVASCULA,2023-07-01,2024-06-30,164
444001,MEMPHIS MENTAL HLTH INSTITUTE,2023-07-01,2024-06-30,55
444002,MOCCASIN BEND MENTAL HLTH INSTITUTE,2023-07-01,2024-06-30,165
450801,CHRISTUS ST MICHAEL,2023-07-01,2024-06-30,275
453036,BAYLOR INSTITUTE FOR REHABILITATION,2023-07-01,2024-06-30,92
500064,HARBORVIEW MEDICAL CENTER,2023-07-01,2024-06-30,406
14007,BRYCE HOSPITAL,2023-07-01,2024-06-30,98
30010,CARONDELET ST. MARYS HOSPITAL,2023-07-01,2024-06-30,357
30022,VALLEYWISE HEALTH MEDICAL CENTER,2023-07-01,2024-06-30,298
30023,FLAGSTAFF MEDICAL CENTER,2023-07-01,2024-06-30,242
40026,ST. VINCENT HOT SPRINGS,2023-07-01,2024-06-30,206
50028,MAD RIVER COMMUNITY HOSPITAL,2023-07-01,2024-06-30,49
50038,SANTA CLARA VALLEY MEDICAL CENTER,2023-07-01,2024-06-30,863
50082,ST. JOHNS REGIONAL MEDICAL CENTER,2023-07-01,2024-06-30,298
50093,ST. AGNES MEDICAL CENTER,2023-07-01,2024-06-30,384
50102,DOCTORS HOSPITAL OF RIVERSIDE,2023-07-01,2024-06-30,193
50107,MARIAN MEDICAL CENTER,2023-07-01,2024-06-30,238
50132,SAN GABRIEL VALLEY MEDICAL CENTER,2023-07-01,2024-06-30,187
50226,ANAHEIM REGIONAL MEDICAL CENTER,2023-07-01,2024-06-30,223
50245,ARROWHEAD REGIONAL MEDICAL CENTER,2023-07-01,2024-06-30,366
50281,ALHAMBRA HOSPITAL,2023-07-01,2024-06-30,101
50289,SETON MEDICAL CENTER,2023-07-01,2024-06-30,188
50292,RIVERSIDE UNIVERSITY HEALTH SYSTEM,2023-07-01,2024-06-30,423
50373,LOS ANGELES GENERAL MEDICAL CENTER,2023-07-01,2024-06-30,564
50376,HARBOR-UCLA MEDICAL CENTER,2023-07-01,2024-06-30,374
50567,MISSION HOSPITAL REG MEDICAL CENTER,2023-07-01,2024-06-30,303
50636,PALOMAR MEDICAL CENTER POWAY,2023-07-01,2024-06-30,119
50736,MONTEREY PARK HOSPITAL,2023-07-01,2024-06-30,101
50737,GARFIELD MEDICAL CENTER,2023-07-01,2024-06-30,182
50738,GREATER EL MONTE COMMUNITY HOSPITAL,2023-07-01,2024-06-30,104
51305,MAYERS MEMORIAL HOSPITAL,2023-07-01,2024-06-30,16
51311,BIGGS-GRIDLEY MEMORIAL HOSPITAL,2023-07-01,2024-06-30,24
51314,KERN VALLEY HEALTHCARE DISTRICT,2023-07-01,2024-06-30,24
60031,PENROSE HOSPITAL,2023-07-01,2024-06-30,484
100001,SHANDS JACKSONVILLE MEDICAL CENTER,2023-07-01,2024-06-30,462
100084,LEESBURG REGIONAL MEDICAL CENTER INC,2023-07-01,2024-06-30,330
102009,KINDRED HOSPITAL BAY AREA,2023-09-01,2024-08-31,133
120026,PALI MOMI MEDICAL CENTER,2023-07-01,2024-06-30,118
121301,KAU HOSPITAL,2023-07-01,2024-06-30,21
121307,HALE HOOLA HAMAKUA,2023-07-01,2024-06-30,11
130003,ST JOSEPH REGIONAL MEDICAL CENTER,2023-07-01,2024-06-30,108
140115,THOREK MEMORIAL HOSPITAL,2023-07-01,2024-06-30,156
143025,SCHWAB REHAB HOSP & CARE NETWORK,2023-07-01,2024-06-30,54
150011,MARION GENERAL HOSPITAL,2023-07-01,2024-06-30,95
150115,MEMORIAL HOSP & HEALTH CARE CTR,2023-07-01,2024-06-30,96
180018,ST. CLAIRE MEDICAL CENTER,2023-07-01,2024-06-30,100
181309,CASEY COUNTY HOSPITAL,2023-07-01,2024-06-30,24
181325,JANE TODD CRAWFORD HOSPITAL,2023-07-01,2024-06-30,25
210033,CARROLL HOSPITAL CENTER,2023-07-01,2024-06-30,164
210064,LEVINDAL HEBREW GER. CTR. & HOSPT.,2023-07-01,2024-06-30,120
230029,TRINITY HEALTH OAKLAND,2023-07-01,2024-06-30,310
230053,HENRY FORD HOSPITAL,2023-01-01,2023-12-31,676
230132,HURLEY MEDICAL CENTER,2023-07-01,2024-06-30,362
240213,HEALTHEAST WOODWINDS HOSPITAL,2023-01-01,2023-12-31,86
241370,ST. GABRIELS HOSPITAL,2023-07-01,2024-06-30,25
241377,ST. FRANCIS MEDICAL CENTER,2023-07-01,2024-06-30,25
260179,ST. LUKES HOSPITAL,2023-07-01,2024-06-30,390
281313,GOTHENBURG MEMORIAL HOSP,2023-07-01,2024-06-30,15
281333,ROCK COUNTY HOSPITAL,2023-07-01,2024-06-30,15
281342,SAINT MARYS HOSPITAL,2023-07-01,2024-06-30,18
281346,CHI HEALTH PLAINVIEW,2023-07-01,2024-06-30,15
281349,PENDER COMMUNITY HOSPITAL DISTRICT,2023-07-01,2024-06-30,21
281356,PERKINS COUNTY HEALTH SERVICES,2023-07-01,2024-06-30,20
290008,NORTHEASTERN NEVADA REGIONAL HOSPITA,2023-07-01,2024-06-30,59
294002,SOUTHERN NEVADA ADULT MENTAL HEALTH,2023-07-01,2024-06-30,289
310060,ST LUKES WARREN HOSPITAL,2023-07-01,2024-06-30,92
314011,UNIVERSITY BEHAVIORAL HEALTHCARE,2023-07-01,2024-06-30,64
344016,BRYNN MARR HOSPITAL,2023-07-01,2024-06-30,84
344023,JULIAN F KEITH - ADATC,2023-07-01,2024-06-30,80
351303,GARRISON MEMORIAL HOSPITAL,2023-07-01,2024-06-30,22
363306,DAYTON CHILDRENS HOSPITAL,2023-07-01,2024-06-30,182
374026,TULSA CENTER FOR BEHAVIORAL HEALTH,2023-07-01,2024-06-30,56
380027,MERCY MEDICAL CENTER,2023-07-01,2024-06-30,162
390012,LANSDALE HOSPITAL,2023-07-01,2024-06-30,140
390062,NASON HOSPITAL,2023-07-01,2024-06-30,45
390164,UPMC - PRESBYTERIAN SHADYSIDE,2023-07-01,2024-06-30,1120
390173,INDIANA REGIONAL MEDICAL CENTER,2023-07-01,2024-06-30,134
390196,AMERICAN ONCOLOGIC HOSPIAL,2023-07-01,2024-06-30,100
390199,PUNXSUTAWNEY AREA HOSPITAL,2023-07-01,2024-06-30,44
390228,ST. CLAIR MEMORIAL HOSPITAL,2023-07-01,2024-06-30,294
391302,MEYERSDALE COMMUNITY HOSPITAL,2023-07-01,2024-06-30,20
394034,THE HORSHAM CLINIC,2023-07-01,2024-06-30,206
403301,UNIVERSITY PEDIATRIC HOSPITAL,2023-07-01,2024-06-30,
424005,BRYAN PSYCHIATRIC HOSPITAL,2023-07-01,2024-06-30,378
424011,HARRIS PSYCHIATRIC HOSPITAL,2023-07-01,2024-06-30,98
444003,RIDGEVIEW PSYCHIATRIC HOSPITAL,2023-07-01,2024-06-30,16
450034,CHRISTUS HOSPITAL,2023-07-01,2024-06-30,353
450154,VAL VERDE REGIONAL MEDICAL CENTER,2023-07-01,2024-06-30,47
450165,METHODIST HOSPITAL SOUTH,2023-07-01,2024-06-30,67
460043,OREM COMMUNITY HOSPITAL,2023-01-01,2023-12-31,24
461300,DELTA COMMUNITY HOSPITAL,2023-01-01,2023-12-31,18
490104,HIRAM W DAVIS MEDICAL CENTER - MS,2023-07-01,2024-06-30,4
494017,SOUTHERN VIRGINIA MENTAL HEALTH INST,2023-07-01,2024-06-30,72
500039,HARRISON MEDICAL CENTER,2023-07-01,2024-06-30,238
500041,ST. JOHN MEDICAL CENTER,2023-07-01,2024-06-30,146
500051,OVERLAKE HOSPITAL MEDICAL CENTER,2023-07-01,2024-06-30,303
511322,SUMMERSVILLE REGIONAL MED CENTER,2023-01-01,2023-12-31,25
514009,MILDRED MITCHELL-BATEMAN HOSPITAL,2023-07-01,2024-06-30,110
514012,WILLIAM R SHARPE JR HOSPITAL,2023-07-01,2024-06-30,200
520030,ASPIRUS WAUSAU HOSPITAL,2023-07-01,2024-06-30,239
530015,ST. JOHNS HOSPITAL,2023-07-01,2024-06-30,48
30024,ST. JOSEPHS HOSPITAL & MEDICAL CTR,2023-07-01,2024-06-30,531
41322,FULTON COUNTY HOSPITAL,2023-07-01,2024-06-30,25
50054,SAN GORGONIO MEMORIAL,2023-07-01,2024-06-30,79
100039,BROWARD HEALTH MEDICAL CENTER,2023-07-01,2024-06-30,572
102024,SSH - PENSACOLA INC,2022-10-01,2023-03-31,74
120001,THE QUEENS MEDICAL CENTER,2023-07-01,2024-06-30,674
121306,SAMUEL MAHELONA MEMORIAL HOSPITAL,2023-07-01,2024-06-30,5
140155,PRESENCE ST. MARYS HOSPITAL,2023-07-01,2024-06-30,169
161309,CHI HEALTH - MISSOURI VALLEY,2023-07-01,2024-06-30,25
161314,GUTHRIE COUNTY HOSPITAL,2023-07-01,2024-06-30,25
171313,KEARNY COUNTY HOSPITAL,2023-07-01,2024-06-30,21
190114,HOMER MEMORIAL HOSPITAL,2023-07-01,2024-06-30,37
191325,LADY OF SEA HOSPTAL,2023-07-01,2024-06-30,10
230070,COVENANT MEDICAL CENTER,2023-07-01,2024-06-30,464
250036,GEORGE COUNTY HOSPITAL,2022-10-01,2023-09-30,39
251329,GREENE COUNTY HOSPITAL,2022-10-01,2023-09-30,7
263027,RUSK REHABILITATION HOSPITAL  AN AFF,2023-09-01,2024-08-31,60
264008,CENTER FOR BEHAVIORAL MEDICINE,2023-07-01,2024-06-30,65
281311,FRANKLIN COUNTY MEMORIAL HOSPITAL,2023-07-01,2024-06-30,14
313035,ENCOMPASS HEALTH REHABILITATION HOSP,2023-09-01,2024-08-31,60
351315,OAKES COMMUNITY HOSPITAL,2023-07-01,2024-06-30,20
351333,MERCY HOSPITAL,2023-07-01,2024-06-30,25
351336,ST JOSEPHS HOSPITAL & HEALTH CTR,2023-07-01,2024-06-30,25
370023,DUNCAN REGIONAL HOSPITAL,2023-07-01,2024-06-30,86
390037,HERITAGE VALLEY SEWICKLEY,2023-07-01,2024-06-30,220
390324,PHYSICIANS CARE SURGICAL HOSPITAL,2023-07-01,2024-06-30,12
391305,TROY COMMUNITY HOSPITAL,2023-07-01,2024-06-30,25
391317,MINERS HOSPITAL,2023-07-01,2024-06-30,25
450193,CHI ST LUKES HEALTH BAYLOR MED CTR,2023-07-01,2024-06-30,648
453053,ENCOMPASS HEALTH REHABILITATION HOSP,2023-09-01,2024-08-31,60
453057,ENCOMPASS HEALTH REHABILITATION HOSP,2023-09-01,2024-08-31,106
500005,VIRGINIA MASON MEDICAL CENTER,2023-07-01,2024-06-30,222
501329,UNITED GENERAL MEDICAL CENTER,2023-07-01,2024-06-30,25
521315,MCHS NORTHLAND,2023-01-01,2023-12-31,25
521340,MCHS-RED CEDAR,2023-01-01,2023-12-31,25
521357,MERCY WALWORTH HOSPITAL,2023-07-01,2024-06-30,25
530002,CAMPBELL COUNTY MEMORIAL HOSPITAL,2023-07-01,2024-06-30,66
531316,MEMORIAL HOSPITAL OF CARBON COUNTY,2023-07-01,2024-06-30,25
670085,TEXAS HEALTH ALLIANCE,2023-07-01,2024-06-30,151
20024,CENTRAL PENINSULA GENERAL HOSPITAL,2023-07-01,2024-06-30,49
30007,VERDE VALLEY MEDICAL CENTER,2023-07-01,2024-06-30,87
40084,SALINE MEMORIAL HOSPITAL,2023-07-01,2024-06-30,131
41326,DELTA MEMORIAL HOSPITAL,2023-07-01,2024-06-30,25
43031,CHI ST. VINCENT SHERWOOD REHABILITAT,2023-09-01,2024-08-31,83
50112,SANTA MONICA UCLA MEDICAL CENTER,2023-07-01,2024-06-30,281
60107,NATIONAL JEWISH HEALTH,2023-07-01,2024-06-30,13
74012,SOUTHWEST CT MENTAL HEALTH SYSTEM,2023-07-01,2024-06-30,62
140007,PRESENCE ST. JOSEPH MEDICAL CENTER,2023-07-01,2024-06-30,425
140018,MOUNT SINAI HOSPITAL MEDICAL CENTER,2023-07-01,2024-06-30,236
140143,ST. MARGARETS HEALTH - SPRING VALLEY,2022-10-01,2023-08-10,44
140217,PRESENCE SAINT JOSEPH HOSPITAL ELGIN,2023-07-01,2024-06-30,144
140224,PRESENCE SAINT JOSEPH HOSP-CHICAGO,2023-07-01,2024-06-30,231
142011,HOLY FAMILY MEDICAL CENTER,2023-07-01,2024-06-30,128
143032,THE QUAD CITIES REHABILITATION INSTI,2023-09-01,2024-08-31,40
161365,GREATER REGIONAL MEDICAL CENTER,2023-07-01,2024-06-30,25
173300,CHILDRENS MERCY HOSPITAL KANSAS,2023-07-01,2024-06-30,42
190020,LANE REGIONAL MEDICAL CENTER,2023-07-01,2024-06-30,109
190133,ALLEN PARISH HOSPITAL,2023-07-01,2024-06-30,25
190298,CENTRAL LOUISIANA SURGICAL HOSPITAL,2023-07-01,2024-06-30,24
193070,MMO REHAB AND WELLNESS CENTER,2023-07-01,2024-06-30,10
204008,RIVERVIEW PSYCHIATRIC HOSPITAL,2023-07-01,2024-06-30,92
210027,UPMC-WESTERN MARYLAND CORP,2023-07-01,2024-06-30,175
231318,ASPIRUS IRON RIVER HOPSITAL & CLINIC,2023-07-01,2024-06-30,25
260048,UNIVERSITY HEALTH TRUMAN MED CENTER,2023-07-01,2024-06-30,260
263031,SSM SELECT REHAB ST LOUIS  LLC,2023-07-01,2024-06-30,125
264028,HAWTHORN CHILDRENS PSYCH. CTR.,2023-07-01,2024-06-30,
330406,SUNNYVIEW HOSPITAL AND REHABILITATIO,2023-07-01,2024-06-30,17
390027,TEMPLE UNIVERSITY HOSPITAL,2023-07-01,2024-06-30,761
390039,UPMC SOMERSET,2023-07-01,2024-06-30,56
390057,GRAND VIEW HOSPITAL,2023-07-01,2024-06-30,180
390272,VALLEY FORGE MEDICAL CENTER,2023-07-01,2024-06-30,70
391304,BUCKTAIL MEDICAL CENTER,2023-07-01,2024-06-30,16
453047,ENCOMPASS REHABILITATION HOSP,2023-09-01,2024-08-31,83
453072,UT HEALTH EAST TEXAS REHAB HOSPITAL,2023-08-01,2024-07-31,49
460007,CEDAR CITY HOSPITAL,2023-01-01,2023-12-31,48
500030,ST. JOSEPH MEDICAL CENTER,2023-07-01,2024-06-30,208
501340,PEACE ISLAND MEDICAL CENTER,2023-07-01,2024-06-30,10
511308,BRAXTON COUNTY MEMORIAL HOSPITAL,2023-01-01,2023-12-31,25
511321,ST. JOSEPHS HOSPITAL OF BUCKHANNON,2023-01-01,2023-12-31,25
51324,NORTHERN INYO HOSPITAL,2023-07-01,2024-06-30,25
140080,PRESENCE SAINT FRANCIS HOSPITAL,2023-07-01,2024-06-30,146
140117,PRESENCE RESURRECTION MEDICAL CENTER,2023-07-01,2024-06-30,221
140174,PRESENCE MERCY MEDICAL CENTER,2023-07-01,2024-06-30,190
140180,PRESENCE SAINTS MARY & ELIZABETH MED,2023-07-01,2024-06-30,296
160083,MERCY MEDICAL CENTER-DES MOINES,2023-07-01,2024-06-30,519
160101,BROADLAWNS MEDICAL CENTER,2023-07-01,2024-06-30,113
230054,MARQUETTE GENERAL HOSPITAL,2023-07-01,2024-06-30,163
230066,TRINITY HEALTH MUSKEGON,2023-07-01,2024-06-30,297
260061,NEVADA REGIONAL MEDICAL CENTER,2023-07-01,2024-06-30,41
183026,CARDINAL HILL REHABILITATION HOSPITA,2023-09-01,2024-08-31,158
183032,U OF L REHAB HOSPITAL,2023-08-03,2023-12-31,40
360046,MCCULLOUGH-HYDE MEMORIAL HOSPITAL,2023-07-01,2024-06-30,52
363300,CHILDRENS HOSPITAL MEDICAL CENTER,2023-07-01,2024-06-30,717
390110,MEMORIAL MEDICAL CENTER,2023-07-01,2024-06-30,260
100276,BROWARD HEALTH CORAL SPRINGS,2023-07-01,2024-06-30,101
121300,KAUAI VETERANS MEMORIAL HOSPITAL,2023-07-01,2024-06-30,25
160033,GENESIS MEDICAL CENTER - DAVENPORT,2023-07-01,2024-06-30,266
161311,HAWARDEN REGIONAL HEALTHCARE,2023-07-01,2024-06-30,25
161339,WAVERLY HEALTH CENTER,2023-07-01,2024-06-30,21
170123,WESLEY MEDICAL CENTER,2023-01-01,2023-12-31,597
171372,SCOTT COUNTY HOSPITAL  INC.,2023-07-01,2024-06-30,25
190099,AVOYELLES HOSPITAL,2023-07-01,2024-06-30,39
260102,UNIVERSITY HEALTH LAKEWOOD MED CTR,2023-07-01,2024-06-30,117
261333,PIKE COUNTY MEMORIAL HOSPITAL,2023-07-01,2024-06-30,25
281302,PAWNEE COUNTY MEMORIAL HOSPITAL,2023-07-01,2024-06-30,17
310086,KENNEDY UNIVERSITY HOSPITAL,2023-07-01,2024-06-30,546
390026,CHESTNUT HILL HOSPITAL,2023-09-02,2024-06-30,128
390115,ARIA HEALTH,2023-07-01,2024-06-30,457
390151,THE CHAMBERSBURG HOSPITAL,2023-07-01,2024-06-30,231
390231,ABINGTON MEMORIAL HOSPITAL,2023-07-01,2024-06-30,611
453054,ENCOMPASS HEALTH REHABILITATION HOSP,2023-09-01,2024-08-31,84
460010,INTERMOUNTAIN MEDICAL CENTER,2023-01-01,2023-12-31,486
673070,SOUTH PLAINS REHABILITATION HOSPITAL,2023-09-01,2024-08-31,66
103300,JOHNS HOPKINS ALL CHILDRENS HOSPITA,2023-07-01,2024-06-30,259
161315,KEOKUK COUNTY HEALTH CENTER,2023-07-01,2024-06-30,25
161329,JACKSON COUNTY PUBLIC HOSPITAL,2023-07-01,2024-06-30,25
190011,OCHSNER LSU HEALTH MONROE,2023-07-01,2024-06-30,85
213301,KENNEDY KRIEGER,2023-07-01,2024-06-30,50
260141,UNIV OF MISSOURI HEALTH CARE,2023-07-01,2024-06-30,665
261332,CARROLL COUNTY HOSPITAL,2023-07-01,2024-06-30,21
270017,SAINT JAMES HEALTHCARE,2023-01-01,2023-12-31,69
393307,ST CHRISTOPHERS HOSPITAL FOR CHILDR,2023-07-01,2024-06-30,180
400105,BAYAMON REGIONAL HOSPITAL,2023-07-01,2024-06-30,84
430089,SIOUXLAND SURGERY CENTER,2023-01-01,2023-12-31,38
450021,BAYLOR UNIVERSITY MEDICAL CTR,2023-07-01,2024-06-30,800
50167,SAN JOAQUIN GENERAL HOSPITAL,2023-07-01,2024-06-30,152
50438,HUNTINGTON HOSPITAL,2023-07-01,2024-06-30,468
50740,CEDARS-SINAI MARINA DEL REY HOSPITAL,2023-07-01,2024-06-30,103
54110,BHC FREMONT,2023-08-01,2024-07-31,148
60023,ST. MARYS HOSPITAL & MEDICAL CENTER,2023-01-01,2023-12-31,252
64001,CO MENTAL HEALTH INSTITUTE - PUEBLO,2023-07-01,2024-06-30,516
74011,CONNECTICUT MENTAL HEALTH CENTER,2023-07-01,2024-06-30,32
120019,KONA COMMUNITY HOSPITAL,2023-07-01,2024-06-30,83
222023,WESTERN MASSACHUSETTS HOSPITAL,2023-07-01,2024-06-30,87
250069,OCHSNER RUSH MEDICAL CENTER,2023-01-01,2023-12-31,191
364040,MENTAL HEALTH SRVS FOR CLARK COUNTY,2023-07-01,2024-06-30,16
390036,HERITAGE VALLEY BEAVER,2023-07-01,2024-06-30,148
390203,DOYLESTOWN HOSPITAL,2023-07-01,2024-06-30,233
390237,REGIONAL HOSPITAL OF SCRANTON,2023-07-01,2024-06-30,212
442015,SSH -NORTH KNOXVILLE,2023-01-01,2023-12-31,65
450659,HOUSTON HEALTHCARE MEDICAL CENTER,2023-08-01,2024-07-31,156
451331,COON MEMORIAL HOSPITAL,2023-08-01,2024-07-31,21
512004,SSH MORGANTOWN,2023-08-01,2024-07-31,34
523031,GREEN BAY REHABILITATION HOSPITAL,2023-08-01,2024-07-31,40
531301,SOUTH BIG HORN HOSPITAL,2023-07-01,2024-06-30,10
20017,ALASKA REGIONAL HOSPITAL,2023-01-01,2023-12-31,170
50056,ANTELOPE VALLEY HOSPITAL,2023-07-01,2024-06-30,393
70018,GREENWICH HOSPITAL,2022-10-01,2023-09-30,185
70022,YALE NEW HAVEN HOSPITAL,2022-10-01,2023-09-30,1340
100236,HCA FL FAWCETT HOSPITAL,2023-01-01,2023-12-31,233
110073,DORMINY MEDICAL CENTER,2023-08-01,2024-07-31,48
160030,MARY GREELEY MEDICAL CENTER,2023-07-01,2024-06-30,150
161304,CHI HEALTH MERCY CORNING,2023-07-01,2024-06-30,22
161334,HUMBOLDT COUNTY MEMORIAL HOSPITAL,2023-07-01,2024-06-30,17
161341,LUCAS COUNTY HEALTH CENTER,2023-07-01,2024-06-30,25
161348,CLARKE COUNTY PUBLIC HOSPITAL,2023-07-01,2024-06-30,25
161357,PALO ALTO COUNTY HOSPITAL,2023-07-01,2024-06-30,24
161360,ORANGE CITY MUNICIPAL HOSPITAL,2023-07-01,2024-06-30,25
161361,VAN DIEST MEDICAL CENTER,2023-07-01,2024-06-30,25
161371,WINNESHIEK MEDICAL CENTER,2023-07-01,2024-06-30,25
170020,HUTCHINSON REGIONAL MEDICAL CENTER,2023-07-01,2024-06-30,142
171308,MERCY HOSPITAL COLUMBUS,2023-07-01,2024-06-30,25
184006,SUN BEHAVIORAL HEALTH - KENTUCKY,2023-01-01,2023-12-31,197
230230,EDWARD W. SPARROW HOSPITAL,2023-07-01,2024-06-30,452
231310,SCHEURER HOSPITAL,2023-07-01,2024-06-30,25
231324,EATON RAPIDS MEDICAL CENTER,2023-07-01,2024-06-30,20
261303,COMMUNITY HOSPITAL ASSOCIATION  INC.,2023-07-01,2024-06-30,16
320779,GUADALUPE COUNTY HOSPITAL,2023-09-01,2024-06-30,
364036,ARROWHEAD HOSPITAL,2023-01-01,2023-12-31,48
381307,HARNEY DISTRICT HOSPITAL,2023-07-01,2024-06-30,24
400012,HOSPITAL I GONZALEZ MARTINEZ,2023-07-01,2024-06-30,40
410013,THE WESTERLY HOSPITAL,2022-10-01,2023-09-30,77
452067,KPC PROMISE HOSPITAL OF DALLAS,2023-09-01,2024-05-31,66
460057,PARK CITY HOSPITAL,2023-01-01,2023-12-31,37
141347,CARLINVILLE AREA HOSPITAL,2023-08-01,2024-07-31,25
393304,THE CHILDRENS HOME OF PITTSBURGH,2023-07-01,2024-06-30,
10164,COOSA VALLEY MEDICAL CENTER,2023-08-01,2024-07-31,122
64003,COLORADO MENTAL HEALTH INST-FT LOGAN,2023-07-01,2024-06-30,116
70007,LAWRENCE & MEMORIAL HOSPITAL,2022-10-01,2023-09-30,236
70010,BRIDGEPORT HOSPITAL,2022-10-01,2023-09-30,390
82000,SSH - WILMINGTON  INC,2023-08-01,2024-07-31,33
102017,SSH - PANAMA CITY  INC,2023-08-01,2024-07-31,30
110044,PHOEBE SUMTER MEDICAL CENTER  INC,2023-08-01,2024-07-31,54
111328,PHOEBE WORTH MEDICAL CENTER,2023-08-01,2024-07-31,25
161312,GUTTENBERG MUNICIPAL HOSPITAL,2023-07-01,2024-06-30,25
161352,CLARINDA REGIONAL HEALTH CENTER,2023-07-01,2024-06-30,25
224032,WORCESTER RECOVERY CENTER AND HOSP,2023-07-01,2024-06-30,320
241991,BEACON HAVEN,2023-08-01,2024-07-31,6
252006,REGENCY HOSPITAL OF MERIDIAN,2023-08-01,2024-07-31,40
320004,GERALD CHAMPION REGIONAL MEDICAL CTR,2023-07-01,2024-06-30,76
340016,HARRIS REGIONAL HOSPITAL,2023-08-01,2024-07-31,82
362019,SSH - CINCINNATI  INC.,2023-08-01,2024-07-31,71
422009,REGENCY HOSPITAL OF GREENVILLE,2023-08-01,2024-07-31,30
441307,RIVERVIEW REGIONAL MEDICAL CENTER,2023-08-01,2024-07-31,25
474004,VERMONT PSYCHIATRIC CARE HOSPITAL,2023-07-01,2024-06-30,25
501302,DAYTON GENERAL HOSPITAL,2023-01-01,2023-12-31,25
520013,SACRED HEART HOSPITAL,2023-07-01,2024-03-21,156
673063,TRUSTPOINT REHABILITATION HOSPITAL O,2023-08-01,2024-07-31,93
60004,PLATTE VALLEY MEDICAL CENTER,2023-01-01,2023-12-31,89
60027,BOULDER COMMUNITY HOSPITAL,2023-01-01,2023-12-31,139
60116,GOOD SAMARITAN MEDICAL CTR,2023-01-01,2023-12-31,183
161344,WASHINGTON COUNTY HOSPITAL,2023-07-01,2024-06-30,22
214002,EASTERN SHORE HOSPITAL CENTER,2023-07-01,2024-06-30,84
341305,SWAIN COUNTY HOSPITAL,2023-08-01,2024-07-31,24
381322,CURRY HEALTH DISTRICT,2023-07-01,2024-06-30,16
390333,AHN HEMPFIELD NEIGHBORHOOD HOSPITAL,2023-07-01,2024-06-30,40
394020,PHILHAVEN,2023-07-01,2024-06-30,140
394056,TOWER BEHAVIORAL HEALTH,2023-07-01,2024-06-30,144
451379,CORYELL MEMORIAL HOSPITAL,2023-08-01,2024-07-31,25
451385,GOODALL-WITCHER HOSPITAL AUTHORITY,2023-07-01,2024-06-30,25
673080,REUNION REHABILITATION HOSPITAL PLAN,2023-08-01,2024-07-31,48
50040,LAC OLIVE VIEW/UCLA MEDICAL CENTER,2023-07-01,2024-06-30,241
50283,STANFORD HEALTH CARE TRI-VALLEY,2023-09-01,2024-08-31,166
60028,SAINT JOSEPH HOSPITAL,2023-01-01,2023-12-31,352
62013,KINDRED HOSPITAL AURORA,2023-09-01,2024-08-31,37
140290,ST. ALEXIUS MEDICAL CENTER,2023-07-01,2024-06-30,313
144021,PACKARD MENTAL HEALTH CENTER,2023-07-01,2024-06-30,150
144031,ALEXIAN BROTHERS BEHAVIORAL HEALTH,2023-07-01,2024-06-30,141
144037,ELGIN MENTAL HEALTH CENTER,2023-07-01,2024-06-30,427
160032,MERCYONE - NEWTON MEDICAL CENTER,2023-07-01,2024-06-30,48
160040,MERCYONE CEDAR FALLS MEDICAL CENTER,2023-07-01,2024-06-30,35
161337,VAN BUREN COUNTY HOSPITAL,2023-07-01,2024-06-30,25
161364,JEFFERSON COUNTY HOSPITAL,2023-07-01,2024-06-30,25
161380,HANSEN FAMILY HOSPITAL,2023-07-01,2024-06-30,17
170203,MERCY SPECIALTY HOSPITAL - SOUTHEAST,2023-07-01,2024-06-30,26
210024,MEDSTAR UNION MEMORIAL HOSPITAL,2023-07-01,2024-06-30,189
220066,THE MERCY HOSPITAL,2023-07-01,2024-06-30,150
224040,DR. SOLOMON CARTER FULLER MENTAL HL,2023-07-01,2024-06-30,60
230156,ST JOSEPH MERCY HOSPITAL ANN ARBOR,2023-07-01,2024-06-30,465
230222,MYMICHIGAN MEDICAL CENTER MIDLAND,2023-07-01,2024-06-30,199
231321,BELL MEMORIAL HOSPITAL,2023-07-01,2024-06-30,25
241336,KITTSON MEMORIAL HOSPITAL,2022-10-01,2023-09-30,15
244017,CBHH- ROCHESTER,2023-07-01,2024-06-30,16
281323,CHI HEALTH SCHUYLER,2023-07-01,2024-06-30,25
281341,CHADRON COMMUNITY HOSPITAL,2022-10-01,2023-09-30,25
290022,DESERT SPRINGS HOSPITAL MEDICAL CNTR,2023-01-01,2023-07-11,190
322002,KINDRED HOSPITAL ALBUQUERQUE,2023-09-01,2024-08-31,57
324014,CENTRAL DESERT BEHAVIORAL HH,2023-08-01,2024-07-31,64
393038,MAGEE REHABILITATION HOSPITAL,2023-07-01,2024-06-30,83
450210,UT HEALTH EAST TEXAS CARTHAGE HOSPIT,2023-08-01,2024-07-31,42
452046,HOUSTON HEALTHCARE SPECIALTY HOSP.,2023-08-01,2024-07-31,44
460023,AMERICAN FORK HOSPITAL,2023-01-01,2023-12-31,90
460044,ALTA VIEW HOSPITAL,2023-01-01,2023-12-31,57
461301,FILLMORE COMMUNITY HOSPITAL,2023-01-01,2023-12-31,19
461307,HEBER VALLEY HOSPITAL,2023-01-01,2023-12-31,19
511315,POTOMAC VALLEY HOSPITAL,2023-01-01,2023-12-31,25
511320,JACKSON GENERAL HOSPITAL,2023-01-01,2023-12-31,25
673041,CARRUS REHABILITATION HOSPITAL,2023-08-01,2024-07-31,24
673081,REUNION REHABILITATION HOSPITAL ARLI,2023-08-01,2024-07-31,40
33042,BHSM REHABILITATION,2023-08-01,2024-07-31,168
34013,ST. LUKES BEHAVIORAL HEALTH CENTER,2023-06-01,2024-05-31,127
50457,ST. MARYS MEDICAL CENTER,2023-07-01,2024-07-31,110
51333,RIDGECREST REGIONAL HOSPITAL,2023-01-01,2023-12-31,25
102022,SSH - GAINESVILLE INC,2023-08-01,2024-07-31,48
154014,THE OTIS R. BOWEN CENTER,2023-07-01,2024-06-30,20
154031,OAKLAWN PSYCHIATRIC CENTER  INC.,2023-07-01,2024-06-30,16
161373,RINGGOLD COUNTY HOSPITAL,2023-07-01,2024-06-30,16
170200,VIA CHRISTI HOSP. WICHITA ST. TERESA,2023-08-01,2024-07-31,38
190079,ST. CHARLES PARISH HOSPITAL,2023-08-01,2024-07-31,27
342015,CAROLINAS CONTINUECARE PINEVILLE,2023-08-01,2024-07-31,40
390142,ALBERT EINSTEIN MEDICAL CENTER,2023-07-01,2024-06-30,341
450107,LAS PALMAS MEDICAL CENTER,2023-08-01,2024-07-31,533
460004,MCKAY-DEE HOSPITAL,2023-01-01,2023-12-31,236
463301,PRIMARY CHILDRENS HOSPITAL,2023-01-01,2023-12-31,287
74015,ALBERT J SOLNIT CHILDRENS CTR,2023-07-01,2024-06-30,
111333,JEFF DAVIS,2022-10-01,2023-09-30,25
131307,MEMORIAL HOSPITAL,2023-07-01,2024-06-30,24
154011,INCOMPASS HEALTHCARE,2023-07-01,2024-06-30,16
180127,FRANKFORT REGIONAL,2023-08-01,2024-07-31,118
181330,RUSSELL COUNTY HOSPITAL,2023-07-01,2024-06-30,25
181332,FLEMING COUNTY HOSPITAL,2023-08-01,2024-07-31,25
182002,CONTINUING CARE HOSPITAL,2023-07-01,2024-06-30,23
361311,HARRISON COMMUNITY HOSPITAL,2023-01-01,2023-12-31,25
390049,ST. LUKES HOSPITAL,2023-07-01,2024-06-30,667
450711,RIO GRANDE REGIONAL HOSPITAL,2022-10-01,2023-09-30,295
452097,VIBRA SPECIALTY HOSP DALLAS,2023-08-01,2024-07-31,27
30037,TEMPE ST. LUKES HOSPITAL,2023-06-01,2024-05-31,74
40014,WHITE COUNTY MEDICAL CENTER,2022-10-01,2023-09-30,179
102019,KINDRED HOSPITAL OCALA,2023-09-01,2024-08-31,31
110028,UNIVERSITY HEALTH SERVICES  INC.,2023-07-01,2024-06-30,502
140258,ALEXIAN BROTHERS MEDICAL CENTER,2023-07-01,2024-06-30,282
141335,HARVARD MEMORIAL HOSPITAL,2023-07-01,2024-06-30,13
154035,4C HEALTH,2023-07-01,2024-06-30,16
154050,NORTHEASTERN CENTER,2023-07-01,2024-06-30,16
154052,PORTER-STARKE SERVICES  INC,2023-07-01,2024-06-30,16
171350,RUSSELL REGIONAL HOSPITAL,2023-08-01,2024-07-31,21
270049,ST VINCENT HEALTHCARE,2023-01-01,2023-12-31,226
281303,NIOBRARA VALLEY HOSPITAL,2023-09-01,2024-08-31,15
291307,MESA VIEW REGIONAL HOSPITAL,2023-08-01,2024-07-31,25
460001,UTAH VALLEY HOSPITAL,2023-01-01,2023-12-31,340
460061,LAYTON HOSPITAL,2023-01-01,2023-12-31,37
460062,SPANISH FORK HOSPITAL,2023-01-01,2023-12-31,21
461303,SANPETE VALLEY HOSPITAL,2023-01-01,2023-12-31,18
461333,GARFIELD MEMORIAL HOSPITAL,2023-01-01,2023-12-31,15
33045,REUNION REHABILITATION HOSPITAL PEOR,2023-08-01,2024-07-31,40
140189,SARAH BUSH LINCOLN HEALTH CENTER,2023-07-01,2024-06-30,100
150009,CLARK MEMORIAL HOSPITAL,2023-08-01,2024-07-31,153
210015,MEDSTAR FRANKLIN SQUARE MEDICAL CTR,2023-07-01,2024-06-30,357
310083,EAST ORANGE GENERAL HOSPITAL,2023-01-01,2023-12-31,159
460006,LDS HOSPITAL,2023-01-01,2023-12-31,226
460015,LOGAN REGIONAL HOSPITAL,2023-01-01,2023-12-31,114
460021,ST GEORGE REGIONAL HOSPITAL,2023-01-01,2023-12-31,256
492009,SSH - RICHMOND,2023-06-13,2024-07-31,60
60009,LUTHERAN MEDICAL CENTER,2023-01-01,2023-12-31,242
100321,ASCENSION ST. VINCENTS CLAY COUNTY,2023-07-01,2024-06-30,134
140308,MERCY CRYSTAL LAKE HOSP AND MED CTR,2023-07-24,2024-06-30,13
144010,CHICAGO READ MENTAL HEALTH CENTER,2023-07-01,2024-06-30,24
144038,CHOATE MENTAL HEALTH CENTER,2023-07-01,2024-06-30,88
170142,MERCY REGIONAL HEALTH CENTER,2023-04-01,2024-03-31,86
222003,TEWKSBURY HOSPITAL,2023-07-01,2024-06-30,398
224001,TAUNTON STATE HOSPITAL,2023-07-01,2024-06-30,49
234045,BEAUMONT BEHAVIORAL HEALTH,2023-09-01,2024-08-31,114
444029,PINEWOOD SPRINGS,2023-08-01,2024-07-31,60
460058,RIVERTON HOSPITAL,2023-01-01,2023-12-31,87
534001,WYOMING STATE HOSPITAL,2023-07-01,2024-06-30,
34031,QUAIL RUN BEHAVIORAL HEALTH,2023-06-01,2024-05-31,116
100040,ASCENSION ST. VINCENTS RIVERSIDE,2023-07-01,2024-06-30,297
100361,ASCENSION ST. VINCENTS ST. JOHNS COU,2023-07-01,2024-06-30,56
120022,STRAUB CLINIC & HOSPITAL,2023-07-01,2024-06-30,159
190036,OCHSNER CLINIC FOUNDATION,2023-01-01,2023-12-31,1023
231320,MH-LAKESHORE CAMPUS,2023-07-01,2024-06-30,24
352004,VIBRA HOSPITAL OF FARGO  LLC,2023-08-01,2024-07-31,31
454152,CANYON CREEK HOSPITAL,2023-06-01,2024-05-31,70
494022,POPLAR SPRINGS HOSPITAL,2023-09-01,2024-08-31,102
10024,JACKSON HOSPITAL AND CLINIC  INC,2023-01-01,2023-12-31,278
20008,BARTLETT REGIONAL HOSPITAL,2023-07-01,2024-06-30,45
50045,EL CENTRO REGIONAL MEDICAL CENTER,2023-07-01,2024-06-30,161
64023,COLORADO WEST PSYCHIATRIC HOSPITAL,2023-07-01,2024-06-30,48
181321,WAYNE COUNTY HOSPITAL,2022-11-01,2023-10-31,25
181323,OHIO COUNTY HOSPITAL,2022-10-01,2023-09-30,25
182010,ARH ADVANCED CARE - BIG SANDY,2023-09-16,2024-06-30,25
210002,UNIVERSITY OF MARYLAND MED SYS,2023-07-01,2024-01-31,762
281335,CALLAWAY DISTRICT HOSPITAL,2023-08-01,2024-07-31,12
370049,STILLWATER MEDICAL CENTER,2023-01-01,2023-12-31,52
370178,ADAIR COUNTY  HEALTH CENTER,2023-07-01,2024-06-30,30
440010,WAYNE MEDICAL CENTER,2023-07-01,2024-06-30,25
52046,KINDRED HOSPITAL PARAMOUNT,2023-09-01,2024-08-31,165
54152,TELECARE SANTA CRUZ PHF,2023-07-01,2024-06-30,16
160058,UNIVERSITY OF IOWA HEALTH CARE MEDIC,2023-07-01,2024-06-30,740
180088,NORTON HOSPITALS  INC,2023-01-01,2023-12-31,1515
244013,FERGUS FALLS CBHH,2023-07-01,2024-06-30,16
254009,NORTH MISSISSIPPI STATE HOSPITAL,2023-07-01,2024-06-30,50
272001,ADVANCED CARE HOSPITAL OF MONTANA,2023-09-01,2024-08-31,40
281363,COMMUNITY HOSPITAL ASSOCOCIATION,2023-07-01,2024-06-30,25
304000,NEW HAMPSHIRE HOSPITAL,2023-07-01,2024-06-30,158
420073,LEXINGTON MEDICAL CENTER,2022-10-01,2023-09-30,541
511317,PLATEAU MEDICAL CENTER,2023-01-01,2023-03-31,25
250031,MERIT HEALTH RIVER REGION,2023-07-01,2024-06-30,124
281352,COMMUNITY MEDICAL CENTER  INC.,2023-08-01,2024-07-31,24
131326,CASSIA REGIONAL HOSPITAL,2023-01-01,2023-12-31,25
144028,JOHN J MADDEN MENTAL HEALTH CENTER,2023-07-01,2024-06-30,28
201307,MILLINOCKET REGIONAL HOSPITAL,2023-07-01,2024-06-30,25
102018,PAM SPECIALTY HOSPITAL OF SARASOTA,2023-09-01,2024-08-31,40
111326,SGMC  LANIER CAMPUS,2022-10-01,2023-09-30,25
111332,BROOKS COUNTY HOSPITAL,2022-10-01,2023-09-30,25
114016,ST. SIMONS BY THE SEA,2023-01-01,2023-12-31,101
150048,REID HOSPITAL & HEALTH CARE SERVICES,2023-01-01,2023-12-31,183
214004,SPRINGFIELD HOSPITAL CENTER,2023-07-01,2024-06-30,522
222027,NEW ENGLAND SINAI,2023-01-01,2023-12-31,182
230059,TRINITY HEALTH GRAND RAPIDS,2023-07-01,2024-06-30,275
271347,HOLY ROSARY HEALTHCARE,2023-01-01,2023-12-31,25
330219,ERIE COUNTY MEDICAL CENTER,2023-01-01,2023-12-31,410
444025,CRESTWYN BEHAVIORAL HEALTH,2023-01-01,2023-12-31,80
444030,ST THOMAS ASCENSION,2023-01-01,2023-12-31,90
460026,SEVIER VALLEY HOSPITAL,2023-01-01,2023-12-31,24
501992,SUNRISE HAVEN,2022-10-01,2023-09-30,5
671301,HEMPHILL COUNTY HOSPITAL,2023-08-18,2024-09-30,15
34040,VIA LINDA BEHAVIORAL HOSPITAL,2023-06-01,2024-05-31,120
54149,WILLOW ROCK CENTER,2023-07-01,2024-06-30,
74003,CONNECTICUT VALLEY HOSPITAL,2023-07-01,2024-06-30,386
140001,GRAHAM HOSPITAL ASSOCIATION,2023-07-01,2024-06-30,43
143300,ANN & ROBERT H. LURIE CHILDRENS HOS,2023-09-01,2024-08-31,364
154021,GRANT BLACKFORD MENTAL HEALTH  INC.,2023-07-01,2024-06-30,16
190176,EAST JEFFERSON GENERAL HOSPIAL,2023-01-01,2023-12-31,612
244015,BAXTER BEHAVORIAL HEALTH HSP,2023-07-01,2024-06-30,16
304001,HAMPSTEAD HOSPITAL,2023-07-01,2024-06-30,72
394040,THE MEADOWS HOSPITAL,2023-07-01,2024-06-30,119
13025,ENCOMPASS HEALTH LAKESHORE REHABILIT,2023-01-01,2023-12-31,100
13028,ENCOMPASS HEALTH REHABILITATION HOSP,2023-01-01,2023-12-31,75
13032,ENCOMPASS HEALTH REHABILITATION HOSP,2023-01-01,2023-12-31,49
53031,ENCOMPASS HEALTH REHABILITATION HOSP,2023-01-01,2023-12-31,86
103028,ENCOMPASS HEALTH REHABILITATION HOS,2023-01-01,2023-12-31,126
103033,ENCOMPASS HEALTH REHABILITATION HOSP,2023-01-01,2023-12-31,58
103034,SEA PINES REHABILITATION HOSPITAL  A,2023-01-01,2023-12-31,90
103037,ENCOMPASS HEALTH REHABILITATION HOSP,2023-01-01,2023-12-31,70
103038,ENCOMPASS HEALTH REHABILITATION HOSP,2023-01-01,2023-12-31,60
103040,ENCOMPASS HEALTH REHABILITATION HOSP,2023-01-01,2023-12-31,75
103042,ENCOMPASS HEALTH REHABILITATION HOSP,2023-01-01,2023-12-31,80
113032,REHABILITATION HOSPITAL OF NEWNAN,2022-10-01,2023-09-30,60
113034,ENCOMPASS HEALTH REHABILITATION HOSP,2022-10-01,2023-09-30,50
122001,LEAHI HOSPITAL,2023-07-01,2024-06-30,5
181304,TRIGG COUNTY HOSPITAL,2023-05-01,2024-04-30,25
190026,RAPIDES REGIONAL MEDICAL CENTER,2023-01-01,2023-12-31,375
203025,NEW ENGLAND REHABILITATION HOSPITAL,2023-01-01,2023-12-31,90
213028,ENCOMPASS HEALTH REHABILITATION HOSP,2023-01-01,2023-12-31,74
223030,ENCOMPASS HEALTH REHABILITATION HOSP,2023-01-01,2023-12-31,53
313029,ENCOMPASS HEALTH REHABILITATION HOSP,2023-01-01,2023-12-31,98
323027,ENCOMPASS HEALTH REHABILITATION HOSP,2023-01-01,2023-12-31,87
361329,WYANDOT MEMORIAL HOSPITAL,2023-01-01,2023-12-31,24
371311,JEFFERSON COUNTY HOSPITAL,2023-07-01,2024-06-30,25
392025,POST ACUTE MEDICAL AT NANTICOKE,2023-09-01,2024-08-31,36
423025,ENCOMPASS HEALTH REHABILITATION HOSP,2023-01-01,2023-12-31,96
423026,ENCOMPASS HEALTH REHABILITATION HOSP,2023-01-01,2023-12-31,55
423027,ENCOMPASS HEALTH REHABILITATION HOSP,2023-01-01,2023-12-31,49
443029,ENCOMPASS HEALTH REHABILITATION HOSP,2023-01-01,2023-12-31,80
443031,ENCOMPASS HEALTH REHABILITATION HOSP,2023-01-01,2023-12-31,50
443033,QUILLEN REHABILITATION HOSPITAL  A,2022-10-01,2023-09-30,36
443036,WEST TENNESSEE HEALTHCARE REHABILITA,2022-10-01,2023-09-30,48
450431,ST. DAVIDS MEDICAL CENTER,2023-01-01,2023-12-31,525
454093,SUNRISE CANYON HOSPITAL,2023-09-01,2024-08-31,30
463025,ENCOMPASS HEALTH REHABILITATION HOSP,2023-01-01,2023-12-31,84
493029,UVA ENCOMPASS HEALTH REHABILITATION,2023-01-01,2023-12-31,50
673072,PAM REHAB HOSP OF HOUSTON HEIGHTS,2023-09-01,2024-08-31,34
134009,LIFEWAYS HOSPITAL,2023-07-01,2024-06-30,16
334009,NEW YORK P.I.,2023-04-01,2024-03-31,21
334043,SOUTH BEACH P.C.,2023-04-01,2024-03-31,260
334052,BUFFALO P.C.,2023-04-01,2024-03-31,188
341316,HIGHLANDS CASHIERS HOSPITAL,2022-12-01,2023-11-30,24
343027,NOVANT HEALTH REHABILITATION HOSPITA,2022-10-01,2023-09-30,68
374006,CARL ALBERT COMMUNITY MENTAL HEALTH,2023-07-01,2024-06-30,16
390195,LANKENAU MEDICAL CENTER,2023-07-01,2024-06-30,370
423032,ENCOMPASS HEALTH REHABILITATION HOSP,2022-10-01,2023-09-30,38
423033,TIDELANDS HEALTH REHABILITATION HOSP,2022-10-01,2023-09-30,75
423035,ENCOMPASS HEALTH REHABILITATION OF G,2022-10-01,2023-09-30,40
513030,ENCOMPASS HEALTH REHABILITATION HOSP,2023-01-01,2023-12-31,96
10011,ST. VINCENTS EAST,2023-07-01,2024-06-30,280
10056,ST VINCENTS BIRMINGHAM,2023-07-01,2024-06-30,399
10130,ST. VINCENTS ST. CLAIR,2023-07-01,2024-06-30,40
10173,ST. VINCENTS CHILTON,2023-07-01,2024-06-30,26
11305,ST. VINCENTS BLOUNT,2023-07-01,2024-06-30,25
43032,ENCOMPASS HEALTH REHABILITATION HOSP,2023-01-01,2023-12-31,80
61343,KEEFE MEMORIAL HOSPITAL,2023-01-01,2023-12-31,11
100026,ASCENSION SACRED HEART BAY,2023-07-01,2024-06-30,144
190046,TOURO INFIRMARY,2023-01-01,2023-12-31,270
224039,HAVERHILL PAVILION,2023-01-01,2023-12-31,71
250017,TRACE REGIONAL HOSPITAL,2023-07-01,2024-06-30,24
300019,CHESHIRE MEDICAL CENTER,2023-07-01,2024-06-30,86
300034,CATHOLIC MEDICAL CENTER,2022-10-01,2023-09-30,262
334004,CREEDMOOR P.C.,2023-04-01,2024-03-31,349
334013,PILGRIM P.C.,2023-04-01,2024-03-31,314
334015,ROCKLAND P.C.,2023-04-01,2024-03-31,415
340195,NOVANT HEALTH BALLANTYNE MEDICAL CTR,2023-08-11,2023-12-31,36
351325,ST. LUKES HOSPITAL,2023-07-01,2024-06-30,20
372018,POST ACUTE MEDICAL TULSA,2023-09-01,2024-08-31,60
440150,SUMMIT MEDICAL CENTER,2023-01-01,2023-12-31,188
510058,CAMDEN-CLARK MEMORIAL HOSPITAL,2023-01-01,2023-12-31,251
673057,WARM SPRINGS REHAB HOSP KYLE,2023-09-01,2024-08-31,40
53034,ENCOMPASS HEALTH REHABILITATION HOSP,2023-01-01,2023-12-31,65
193067,REHAB HOSPITAL OF JENNINGS,2023-08-01,2024-07-31,27
223026,ENCOMPASS HEALTH REHABILITATION HOSP,2023-01-01,2023-12-31,179
241314,JOHNSON MEMORIAL HOSPITAL,2022-10-01,2023-09-30,17
292004,PAM SPECIALTY HOSPITAL OF RENO,2023-09-01,2024-08-31,21
292006,PAM SPECIALTY HOSPITAL OF LAS VEGAS,2023-09-01,2024-08-31,70
293026,ENCOMPASS HEALTH REHABILITATION HOSP,2023-01-01,2023-12-31,79
293033,ENCOMPASS HEALTH REHABILITATION HOSP,2023-01-01,2023-12-31,50
452090,WARM SPRINGS SPECIALTY HOSP OF SA,2023-09-01,2024-08-31,26
520051,ASCENSION COLUMBIA ST MARYS MILWAUKE,2023-07-01,2024-06-30,374
520078,ASCENSION ST. FRANCIS HOSPITAL,2023-07-01,2024-06-30,88
521317,ASCENSION CALUMET HOSPITAL,2023-07-01,2024-06-30,25
12010,NOLAND HOSPITAL DOTHAN II,2023-09-01,2024-08-31,38
12011,NOLAND HOSPITAL ANNISTON II,2023-09-01,2024-08-31,38
30121,MOUNTAIN VISTA MEDICAL CENTER,2023-07-01,2024-06-30,138
54146,TELECARE HERITAGE PHF,2023-07-01,2024-06-30,26
62014,VIBRA HOSPITAL DENVER,2023-09-01,2024-08-31,54
100313,ASCENSION SACRED HEART GULF,2023-07-01,2024-06-30,19
103044,ENCOMPASS HEALTH REHABILITATION HOSP,2023-01-01,2023-12-31,80
103045,ENCOMPASS HEALTH REHABILITATION HOSP,2023-01-01,2023-12-31,70
140064,ST. MARY MEDICAL CENTER,2022-10-01,2023-09-30,81
144016,ALTON MENTAL HEALTH CENTER,2023-07-01,2024-06-30,134
150015,FRANCISCAN HEALTH MICHIGAN CITY,2023-01-01,2023-12-31,133
241339,HENDRICKS COMMUNITY HOSPITAL ASSOC,2023-07-01,2024-06-30,24
340017,MARGARET R. PARDEE MEMORIAL HOSPITAL,2023-07-01,2024-06-30,160
340075,BLUE RIDGE HEALTHCARE HOSPITALS,2023-07-01,2024-06-30,156
440173,PARKWEST MEDICAL CENTER,2023-09-01,2024-08-31,359
450203,MEDICAL CITY WEATHERFORD,2022-10-01,2023-09-30,91
451371,ASCENSION SETON EDGAR B DAVIS,2023-07-01,2024-06-30,23
490112,CJW MEDICAL CENTER,2023-09-01,2024-08-31,599
520096,WHEATON FRANCISCAN HEALTHCARE - ALL,2023-07-01,2024-06-30,269
520136,ASCENSION SE WISCONSIN HOSPITAL  INC,2023-07-01,2024-06-30,301
102012,CURAHEALTH JACKSONVILLE LLC,2023-09-01,2024-08-31,107
110003,MEMORIAL SATILLA HEALTH,2023-01-01,2023-12-31,130
132002,VIBRA HOSPITAL OF BOISE,2023-09-01,2024-08-31,40
142013,OSF HEALTHCARE TRANSITIONAL CARE HOS,2023-09-01,2024-08-31,18
150084,ASCENSION ST. VINCENT HOSPITAL,2023-07-01,2024-06-30,751
151310,PARKVIEW WABASH HOSPITAL  INC.,2023-01-01,2023-12-31,18
173025,KANSAS REHABILITATION HOSPITAL  A JO,2023-01-01,2023-12-31,57
192032,LA EXTENDED CARE OF LAFAYETTE,2023-09-01,2024-08-31,48
222002,PAM SPECIALTY HOSPITAL OF STOUGHTON,2023-09-01,2024-08-31,88
232037,SPARROW SPECIALTY HOSPITAL,2023-01-01,2023-06-30,30
342013,PAM SPECIALTY HOSP. OF ROCKY MOUNT,2023-09-01,2024-08-31,50
362028,PAM SPECIALTY HOSPITAL OF MIAMISBURG,2023-09-01,2024-08-31,36
372004,PAM SPECIALTY HOSP OF OKLAHOMA CITY,2023-09-01,2024-08-31,59
420023,ST. FRANCIS HOSPITAL INC,2023-09-01,2024-08-31,322
440053,SAINT THOMAS RUTHERFORD HOSPITAL,2023-07-01,2024-06-30,366
440082,SAINT THOMAS WEST HOSPITAL,2023-07-01,2024-06-30,686
440148,ST THOMAS DEKALB HOSPITAL,2023-07-01,2024-06-30,18
440151,ASCENSION ST THOMAS RIVER PARK,2023-07-01,2024-06-30,46
440200,SAINT THOMAS STONES RIVER HOSPITAL,2023-07-01,2024-06-30,21
441300,ST THOMAS HICKMAN HOSPITAL,2023-07-01,2024-06-30,25
441303,ASCENSION ST THOMAS THREE RIVERS,2023-07-01,2024-06-30,25
451365,ASCENSION SETON HIGHLAND LAKES,2023-07-01,2024-06-30,25
453056,CHRISTUS TRINITY MOTHER FRANCES REHA,2023-01-01,2023-12-31,94
490017,MARYVIEW HOSPITAL LLC,2023-09-01,2024-08-31,176
490041,MARY IMMACULATE HOSPITAL,2023-09-01,2024-08-31,114
490059,BON SECOURS - ST. MARYS HOSPITAL,2023-09-01,2024-08-31,354
490069,MEMORIAL REGIONAL MEDICAL CENTER,2023-09-01,2024-08-31,239
490094,RICHMOND COMMUNITY HOSPITAL,2023-09-01,2024-08-31,96
490136,ST. FRANCIS MEDICAL CENTER,2023-09-01,2024-08-31,137
520009,ASCENSION NE WISCONSIN-ST. ELIZABETH,2023-07-01,2024-06-30,287
523025,ASCENSION SACRED HEART REHABILITATIO,2023-07-01,2024-06-30,15
673039,ENCOMPASS HEALTH REHABILITATION HOSP,2023-01-01,2023-12-31,60
53040,ENCOMPASS HEALTH REHABILITATION HOSP,2022-10-01,2023-09-30,50
110086,WASHINGTON CO REG MED CTR,2023-09-01,2024-08-31,49
141300,THOMAS H BOYD CRITICAL ACC HOSPITAL,2023-09-01,2024-08-31,25
154008,NUERODIAGNOSTIC INSTITUTE,2023-07-01,2024-06-30,159
154018,RICHMOND STATE HOSPITAL,2023-07-01,2024-06-30,213
154019,MADISON STATE HOSPITAL,2023-07-01,2024-06-30,150
154056,EVANSVILLE STATE HOSPITAL,2023-07-01,2024-06-30,168
192015,OCHSNER EXTENDED CARE HOSPITAL,2023-09-01,2024-08-31,35
210011,ST. AGNES HOSPITAL,2023-07-01,2024-06-30,190
293032,ENCOMPASS HEALTH REHABILITATION HOSP,2023-01-01,2023-12-31,90
372007,SSH - TULSA / MIDTOWN LLC,2023-09-01,2024-08-31,46
374001,NORTHWEST CTR FOR BEHAVIORAL HEALTH,2023-07-01,2024-06-30,24
440194,TRISTAR HENDERSONVILLE MEDICAL CENTE,2023-09-01,2024-08-31,127
452059,PAM SPC HOSP OF SAN ANTONIO MED CTR,2023-09-01,2024-08-31,62
452061,PAM SQUARED AT TEXARKANA,2023-09-01,2024-08-31,30
491308,RAPPAHANNOCK GENERAL HOSPITAL,2023-09-01,2024-08-31,25
504008,LOURDES COUNSELING CENTER,2023-07-01,2024-06-30,22
670041,ASCENSION SETON WILLIAMSON,2023-07-01,2024-06-30,181
670780,FALLS COMMUNITY HOSPITAL AND CLINIC,2023-09-01,2024-08-31,
713025,NORTH SHORE REHABILITATION HOSPITAL,2023-09-01,2024-08-31,30
60014,PRESBYTERIAN ST. LUKES MEDICAL CENT,2023-09-01,2024-08-31,311
110082,ST. JOSEPHS OF ATLANTA,2023-09-01,2024-08-31,355
110226,EMORY HILLANDALE HOSPITAL,2023-09-01,2024-08-31,90
110230,EMORY JOHNS CREEK HOSPITAL,2023-09-01,2024-08-31,163
112006,EMORY LONG TERM ACUTE CARE,2023-09-01,2024-08-31,57
112018,LANDMARK HOSPITAL OF SAVANNAH,2023-09-01,2024-08-31,50
113031,EMORY REHABILITATION HOSPITAL,2023-09-01,2024-08-31,56
133028,SAINT ALPHONSUS REGIONAL REHABILITAT,2022-10-01,2023-09-30,40
140242,CENTRAL DUPAGE HOSPITAL,2023-09-01,2024-08-31,342
193031,ENCOMPASS HEALTH REHABILITATION HOSP,2023-01-01,2023-12-31,47
231326,SPARROW CLINTON HOSPITAL,2023-01-01,2023-06-30,25
244011,ANNANDALE BEHAVIORAL HEALTH HSP,2023-07-01,2024-06-30,16
252003,SSH - BELHAVEN,2023-09-01,2024-08-31,36
312017,ACHS CENTRAL JERSEY,2023-09-01,2024-08-31,50
371306,MERCY HEALTH/LOVE COUNTY,2023-07-01,2024-06-30,25
373034,ST. JOHN REHABILITATION HOSPITAL  AN,2022-10-01,2023-09-30,60
390025,KENSINGTON HOSPITAL,2023-07-01,2024-06-30,14
450042,ASCENSION PROVIDENCE,2023-07-01,2024-06-30,225
450056,ASCENSION SETON MEDICAL CENTER,2023-07-01,2024-06-30,391
450124,DELL SETON MEDICAL CENTER AT THE UNI,2023-07-01,2024-06-30,225
673079,ENCOMPASS HEALTH REHABILITATION OF W,2022-10-01,2023-09-30,40
12012,NOLAND HOSPITAL TUSCALOOSA II,2023-09-01,2024-08-31,32
83026,ENCOMPASS HEALTH REHABILITATION HOSP,2022-10-01,2023-09-30,40
100292,ASCENSION SACRED HEART EMERALD COAST,2023-07-01,2024-06-30,80
102001,SSH - MIAMI,2023-09-01,2024-08-31,47
103043,ENCOMPASS HEALTH REHABILITATION HOSP,2023-01-01,2023-12-31,80
110076,EMORY DECATUR HOSPITAL,2023-09-01,2024-08-31,401
110078,EMORY UNIVERSITY HOSPITAL MIDTOWN,2023-09-01,2024-08-31,548
140211,DELNOR-COMMUNITY HOSPITAL,2023-09-01,2024-08-31,145
150001,JOHNSON MEMORIAL HOSPITAL,2023-01-01,2023-12-31,58
150037,HANCOCK REGIONAL HOSPITAL,2023-01-01,2023-12-31,113
150089,BALL MEMORIAL HOSPITAL,2023-01-01,2023-12-31,301
151301,ASCENSION ST. VINCENT RANDOLPH,2023-07-01,2024-06-30,25
151303,ASCENSION ST. VINCENT JENNINGS,2023-07-01,2024-06-30,17
151307,ASCENSION ST. VINCENT WILLIAMSPORT,2023-07-01,2024-06-30,16
151308,ASCENSION ST. VINCENT MERCY,2023-07-01,2024-06-30,18
151314,ASCENSION ST VINCENT SALEM,2023-07-01,2024-06-30,25
151325,ASCENSION ST. VINCENT WARRICK,2023-07-01,2024-06-30,25
231327,SPARROW EATON,2023-01-01,2023-06-30,25
244005,CHILD & ADOLESCENT BEH. HEALTH SRVS.,2023-07-01,2024-06-30,5
244012,ALEXANDRIA BEHAVORIAL HEALTH HSP,2023-07-01,2024-06-30,16
244014,BEMIDJI BEHAVORIAL HEALTH HSP,2023-07-01,2024-06-30,16
250134,WHITFIELD MEDICAL SURGICAL CENTER,2023-07-01,2024-06-30,11
261308,WASHINGTON COUNTY MEMORIAL HOSPITAL,2023-09-01,2024-08-31,25
310039,RARITAN BAY MEDICAL CENTER,2023-01-01,2023-12-31,270
310108,JFK UNIVERSITY MEDICAL CENTER,2023-01-01,2023-12-31,353
330011,OUR LADY OF LOURDES MEMORIAL HOSP,2023-07-01,2024-06-30,175
330141,LONG ISLAND COMMUNITY HOSPITAL,2023-09-01,2024-08-31,157
334053,BRONX P.C.,2023-04-01,2024-03-31,156
334063,KINGSBORO P.C.,2023-04-01,2024-03-31,163
340115,FIRSTHEALTH MOORE REGIONAL HOSPITAL,2022-10-01,2023-09-30,412
362029,REGENCY HOSPITAL OF NORTH CENTRAL,2023-09-01,2024-08-31,87
372019,CORNERSTONE SPECIALTY SHAWNEE,2023-09-01,2024-08-31,26
372022,CORNERSTONE SPECIALTY MUSKOGEE,2023-09-01,2024-08-31,64
392045,SSH - MCKEESPORT,2023-09-01,2024-08-31,30
394033,MONTGOMERY CNTY EMERGENCY SRV. INC.,2023-07-01,2024-06-30,73
422004,SPARTANBURG HOSPITAL FOR RESTORATIVE,2022-10-01,2023-09-30,40
422005,VIBRA HOSPITAL OF CHARLESTON  LLC,2023-09-01,2024-08-31,59
440161,TRISTAR CENTENNIAL MEDICAL CENTER,2023-01-01,2023-12-31,635
450788,CORPUS CHRISTI MEDICAL CENTER,2023-09-01,2024-08-31,372
452029,CONTINUECARE HOSPITAL AT HENDRICK MC,2023-09-01,2024-08-31,23
452101,SOLARA SPECIALTY HARLINGEN,2023-09-01,2024-08-31,82
454094,MEDICAL CITY GREEN OAKS HOSPITAL,2023-09-01,2024-08-31,124
460017,BRIGHAM CITY COMMUNITY HOSPITAL,2023-09-01,2024-08-31,40
512002,SSH - CHARLESTON,2023-09-01,2024-08-31,32
673066,ENCOMPASS HEALTH REHABILITATION HOSP,2022-10-01,2023-09-30,60
12008,SSH - BIRMINGHAM,2023-09-01,2024-08-31,38
12009,NOLAND HOSPITAL BIRMINGHAM II,2023-09-01,2024-08-31,34
34033,CORNERSTONE BH EL DORADO,2023-09-01,2024-06-30,106
50441,STANFORD HEALTH CARE,2023-09-01,2024-08-31,705
50492,CLOVIS COMMUNITY MEDICAL CENTER,2023-09-01,2024-08-31,352
54133,METROPOLITAN STATE HOSPITAL,2023-07-01,2024-06-30,1004
100025,ASCENSION SACRED HEART PENSACOLA,2023-07-01,2024-06-30,582
140286,KISHWAUKEE COMMUNITY HOSPITAL,2023-09-01,2024-08-31,98
150017,LUTHERAN HOSPITAL OF INDIANA,2023-07-01,2024-06-30,353
161358,WAYNE COUNTY HOSPITAL,2023-07-01,2024-06-30,25
180012,BAPTIST HEALTH HARDIN,2023-09-01,2024-08-31,271
180049,BAPTIST HEALTH RICHMOND,2023-09-01,2024-08-31,53
180093,BAPTIST HEALTH DEACONESSMADISONVILLE,2023-09-01,2024-08-31,154
180104,BAPTIST HEALTH PADUCAH,2023-09-01,2024-08-31,190
180130,BAPTIST HEALTH LOUISVILLE,2023-09-01,2024-08-31,464
180138,BAPTIST HEALTH LAGRANGE,2023-09-01,2024-08-31,52
182004,SSH - NORTHERN KENTUCKY  LLC,2023-09-01,2024-08-31,33
183028,ENCOMPASS HEALTH REHABILITATION HOSP,2023-01-01,2023-12-31,40
193093,LAFAYETTE PHYSICAL REHAB,2023-09-01,2024-08-31,32
292007,LAS VEGAS AMG SPECIALTY HOSPITAL,2023-09-01,2024-08-31,24
334020,ROCHESTER P.C.,2023-04-01,2024-03-31,203
360121,COMMUNITY HOSPITAL OF WILLIAMS CITY,2022-10-01,2023-09-30,75
363033,THE REHABILITATION INSTITUTE OF OHIO,2023-01-01,2023-12-31,60
363034,ENCOMPASS HEALTH REHABILITATION HOSP,2022-10-01,2023-09-30,100
363038,CLEVELAND CLINIC REHABILITATION HOSP,2023-09-01,2024-08-31,180
364011,NORTHCOAST RPH,2023-07-01,2024-06-30,259
450054,SCOTT AND WHITE MEMORIAL HOSPITAL,2023-09-01,2024-08-31,616
450076,UT MD ANDERSON CANCER CENTER,2023-09-01,2024-08-31,756
450143,ASCENSION SETON SMITHVILLE,2023-07-01,2024-06-30,8
450831,VISTA MEDICAL CENTER HOSPITAL,2023-09-01,2024-08-31,37
450867,ASCENSION SETON NORTHWEST,2023-07-01,2024-06-30,106
451320,CHAMBERS COUNTY HOSPITAL,2022-10-01,2023-09-30,14
452032,VIBRA HOSPITAL OF CLEAR LAKE,2023-09-01,2024-08-31,88
452060,KPC PROMISE HOPSITAL OF AMARILLO,2023-01-27,2023-08-31,54
452086,PAM SQUARED AT CORPUS CHRISTI,2023-09-01,2024-08-31,43
452108,KINDRED HOSPITAL DALLAS CENTRAL,2023-09-01,2024-08-31,40
462004,KPC PROMISE HOSPITAL OF SALT LAKE,2023-09-01,2024-05-18,38
490116,LEWISGALE HOSPITAL-PULASKI,2023-09-01,2024-08-31,51
673050,ENCOMPASS HEALTH REHABILITATION HOSP,2022-10-01,2023-09-30,60
673065,CHI ST. JOSEPH HEALTH REHABILITATION,2022-10-01,2023-09-30,61
52031,BARLOW RESPIRATORY HOSPITAL,2023-09-01,2024-08-31,105
140062,PALOS COMMUNITY HOSPITAL,2023-09-01,2024-08-31,326
140116,NORTHERN ILLINOIS MEDICAL CENTER,2023-09-01,2024-08-31,293
143027,MARIANJOY REHAB HOSPITAL & CLINIC,2023-09-01,2024-08-31,125
151309,ASCENSION ST. VINCENT CLAY,2023-07-01,2024-06-30,25
191308,WEST ASCENSION PARISH HOSPITAL,2023-09-01,2024-08-31,25
192008,SAGE SPECIALTY CARE HOSPITAL,2023-09-01,2024-08-31,59
192011,PAM SPECIALTY HOSPITAL OF SHREVEPORT,2023-09-01,2024-08-31,24
220086,BETH ISRAEL DEACONESS MEDICAL CENTER,2022-10-01,2023-09-30,705
264004,FULTON STATE HOSPITAL,2023-07-01,2024-06-30,49
264007,N.W. MO PSYCHIATRIC REHAB CTR,2023-07-01,2024-06-30,108
264010,ST. LOUIS FORENSIC TREATMENT CENTER,2023-07-01,2024-06-30,255
330214,NYU LANGONE HOSPITALS,2023-09-01,2024-08-31,1609
373038,OKLAHOMA CITY REHABILITATION HOSPITA,2023-09-01,2024-08-31,40
450865,ASCENSION SETON SOUTHWEST,2023-07-01,2024-06-30,28
452042,MID-JEFFERSON SPECIALTY HOSPITAL - N,2023-09-01,2024-04-10,33
452083,MID JEFFERSON EXTENDED CARE HOSPT.,2023-09-01,2024-08-31,30
454076,UNIV OF TX HLTH SCIENCE CTR HOUSTON,2023-09-01,2024-08-31,538
520116,WATERTOWN REGIONAL MEDICAL CENTER,2023-09-01,2024-08-31,76
521300,ASPIRUS EAGLE RIVER HOSPITAL,2023-07-01,2024-06-30,14
521339,ASPIRUS MERRILL HOSPITAL,2023-07-01,2024-06-30,12
670056,ASCENSION SETON HAYS,2023-07-01,2024-06-30,173
34025,THE HEALING PLACE,2023-07-01,2024-06-30,24
102029,SSH - FORT MYERS,2023-09-01,2024-08-31,60
113036,ENCOMPASS HEALTH REHABILITATION HOSP,2023-09-15,2024-09-30,40
150157,ASCENSION ST. VINCENT CARMEL,2023-07-01,2024-06-30,124
150181,ASCENSION ST. VINCENT FISHERS,2023-07-01,2024-06-30,46
334046,CAPITAL DISTRICT P.C.,2023-04-01,2024-03-31,135
453301,DRISCOLL CHILDRENS HOSPITAL,2023-09-01,2024-08-31,225
460039,BEAR RIVER VALLEY HOSPITAL,2023-01-01,2023-12-31,16
471304,NORTH COUNTRY HOSPITAL & HEALTH CTR,2022-10-01,2023-09-30,25
504002,BHC FAIRFAX HOSPITAL,2023-09-01,2024-08-31,221
42004,ARKANSAS EXTENDED CARE HOSP-HOT SPRI,2023-09-01,2024-08-31,27
152013,KINDRED HOSPITAL INDIANAPOLIS NORTH,2023-09-01,2024-08-31,45
152025,CENTRAL INDIANA-AMG SPECIALTY HOSPIT,2023-09-01,2024-08-31,41
213030,ENCOMPASS HEALTH REHABILITATION HOSP,2023-06-26,2024-09-30,60
271326,BEARTOOTH BILLINGS CLINIC,2023-07-01,2024-06-30,10
312022,SSH WILLINGBORO,2023-09-01,2024-08-31,69
334001,HUTCHINGS P.C.,2023-04-01,2024-03-31,119
334012,GREATER BINGHAMTON H.C.,2023-04-01,2024-03-31,111
362022,SSH - COLUMBUS INC.,2023-09-01,2024-08-31,162
370218,SAINT FRANCIS HOSPITAL SOUTH,2023-07-01,2024-06-30,104
384008,OREGON STATE HOSPITAL,2023-07-01,2024-06-30,577
390219,LATROBE AREA HOSPITAL,2023-07-01,2024-06-30,115
450229,HENDRICK MEDICAL CENTER,2023-09-01,2024-08-31,533
512005,SSH WEIRTON,2023-09-01,2024-08-31,49
670112,CUMBERLAND SURGICAL HOSPITAL,2023-09-01,2024-08-31,25
670265,LEGENT ORTHOPEDIC HOSPITAL CARROLLTO,2023-09-01,2024-08-31,22
713028,ENCOMPASS HEALTH REHABILITATION HOSP,2022-10-01,2023-09-30,40
42006,SSH - FORT SMITH,2023-09-01,2024-08-31,34
140185,MEMORIAL HOSPITAL,2023-01-01,2023-12-31,300
141330,HOPEDALE MEDICAL COMPLEX,2023-07-01,2024-06-30,25
192035,LLC-1  LLC,2023-09-01,2024-08-31,9
193092,BETHESDA REHABILITATION HOSPITAL INC,2023-09-01,2024-08-31,14
193097,COVINGTON AMG REHABILITATION HOSPITA,2023-09-01,2024-08-31,24
310001,HACKENSACK UNIVERSITY MEDICAL CENTER,2023-01-01,2023-12-31,769
312023,SSH - ATLANTIC CITY,2023-09-01,2024-08-31,30
323028,LOVELACE REHABILITATION HOSPITAL,2023-09-01,2024-08-31,58
334045,ELMIRA P.C.,2023-04-01,2024-03-31,80
334060,KIRBY FORENSIC P.C.,2023-04-01,2024-03-31,207
373037,TULSA REHABILITATION HOSPITAL,2023-09-01,2024-08-31,40
374008,JIM TALIAFERRO COMM MENTAL HLTH CNTR,2023-07-01,2024-06-30,14
440081,LECONTE MEDICAL CENTER,2023-01-01,2023-12-31,60
450033,VALLEY BAPTIST MEDICAL CENTER,2023-09-01,2024-08-31,368
450044,UT SOUTHWESTERN UNIVERSITY HOSP,2023-09-01,2024-08-31,728
450346,BAPTIST BEAUMONT HOSPITAL,2023-09-01,2024-08-31,338
450403,MEDICAL CITY MCKINNEY,2023-09-01,2024-08-31,206
452034,CORNERSTONE SPECIALTY AUSTIN,2023-09-01,2024-08-31,145
452044,LIFECARE SPEC HOSP OF NORTH TEXAS,2023-09-01,2024-08-31,206
512003,CORNERSTONE SPECIALTY HUNTINGTON,2023-09-01,2024-08-31,32
524002,WINNEBAGO MENTAL HEALTH INSTITUTE,2023-07-01,2024-06-30,335
30101,WESTERN ARIZONA REGIONAL MEDICAL CEN,2023-09-01,2024-08-31,92
63030,ENCOMPASS HEALTH REHABILITATION HOSP,2023-01-01,2023-12-31,60
102015,KINDRED HOSPITAL NORTH FLORIDA,2023-09-01,2024-08-31,58
140130,NORTHWESTERN LAKE FOREST HOSPITAL,2023-09-01,2024-08-31,126
140281,NORTHWESTERN MEMORIAL HOSPITAL,2023-09-01,2024-08-31,944
143026,SHIRLEY RYAN ABILITYLAB,2023-09-01,2024-08-31,225
150010,ASCENSION ST. VINCENT KOKOMO,2023-07-01,2024-06-30,111
150100,ASCENSION ST. VINCENT EVANSVILLE,2023-07-01,2024-06-30,314
180080,BAPTIST HEALTH CORBIN,2023-09-01,2024-08-31,205
190164,BYRD REGIONAL HOSPITAL,2023-08-01,2024-07-31,39
321312,ALTA VISTA REGIONAL HOSPITAL,2023-09-01,2024-08-31,25
420030,COLLETON MEDICAL CENTER,2023-01-01,2023-12-31,102
431318,BOWDLE HOSPITAL,2023-07-01,2024-06-30,12
90003,HOWARD UNIVERSITY HOSPITAL,2023-07-01,2023-12-31,234
103048,ENCOMPASS HEALTH REHABILITATION HOSP,2023-01-01,2023-12-31,40
103055,REHABILIATION HOSPITAL OF CLERMONT,2023-05-08,2023-12-31,50
171330,HOSPITAL DIST NO 1 OF RICE COUNTY,2023-05-01,2024-04-30,25
264005,SMMHC,2023-07-01,2024-06-30,348
334048,THE NEW YORK GRACIE SQUARE HOSPITAL,2023-01-01,2023-12-31,140
334054,MANHATTAN P.C.,2023-04-01,2024-03-31,259
334061,MID-HUDSON P.C.,2023-04-01,2024-03-31,285
433300,LIFESCAPE,2023-07-01,2024-06-30,
450101,HILLCREST BAPTIST MEDICAL CENTER,2023-09-01,2024-08-31,236
451350,PLAINS MEMORIAL HOSPITAL,2022-10-01,2023-09-30,17
150044,BAPTIST HEALTH FLOYD,2023-09-01,2024-08-31,254
150088,ASCENSION ST. VINCENT ANDERSON,2023-07-01,2024-06-30,136
161327,DAVIS COUNTY HOSPITAL,2023-07-01,2024-06-30,25
173026,MIDAMERICA REHABILITATION HOSPITAL,2023-01-01,2023-12-31,98
180103,BAPTIST HEALTH LEXINGTON,2023-09-01,2024-08-31,434
460013,MOUNTAIN VIEW HOSPITAL,2023-09-01,2024-08-31,119
510055,CABELL HUNTINGTON HOSPITAL,2022-10-01,2023-09-30,335
30013,YUMA REGIONAL MEDICAL CENTER,2022-10-01,2023-09-30,430
144034,STREAMWOOD,2023-07-01,2024-06-30,178
214020,J KENT MCNEW FAMILY MEDICAL CENTER,2023-07-01,2024-06-30,16
310112,BAYSHORE MEDICAL CENTER,2023-01-01,2023-12-31,175
394043,CLARION PSYCHIATRIC HOSPITAL,2023-07-01,2024-06-30,112
440034,METHODIST MEDICAL CENTER,2023-01-01,2023-12-31,157
440110,FORT LOUDOUN MEDICAL CENTER,2023-01-01,2023-12-31,30
440125,FORT SANDERS REGIONAL MEDICAL CENTER,2023-01-01,2023-12-31,302
450644,HCA HOUSTON HEALTHCARE WEST,2023-01-01,2023-12-31,223
490145,STONESPRINGS HOSPITAL CENTER,2022-11-01,2023-10-31,107
521358,DOOR COUNTY MEMORIAL HOSPITAL,2023-07-01,2024-06-30,25
230117,ASCENSION BORGESS HOSPITAL,2023-07-01,2024-06-30,236
310073,JERSEY SHORE UNIVERSITY MED CTR,2023-01-01,2023-12-31,580
334003,ST. LAWRENCE P.C.,2023-04-01,2024-03-31,108
450097,HCA HOUSTON HEALTHCARE SOUTHEAST,2023-01-01,2023-12-31,247
32002,SSH - TUCSON,2023-09-01,2024-08-31,58
40078,NATIONAL PARK MEDICAL CENTER,2023-09-01,2024-08-31,126
51327,SENECA DISTRICT HOSPITAL,2023-07-01,2024-06-30,10
51337,HAZEL HAWKINS MEM. HOSPITAL,2023-07-01,2024-06-30,25
52032,KINDRED HOSPITAL LOS ANGELES,2023-09-01,2024-08-31,81
52033,VIBRA HOSPITAL OF SACRAMENTO,2023-09-01,2024-08-31,58
52034,KINDRED HOSPITAL SAN FRANCISCO,2023-09-01,2024-08-31,99
52036,KINDRED HOSPITAL SAN DIEGO,2023-09-01,2024-08-31,70
52043,1125 SIR FRANCIS DRAKE OPERATING CO,2023-07-01,2023-09-05,105
60049,YAMPA VALLEY MEDICAL CENTER,2023-07-01,2023-09-30,34
100154,SOUTH MIAMI HOSPITAL,2022-10-01,2023-09-30,373
102013,KINDRED HOSPITAL CENTRAL TAMPA,2023-09-01,2024-08-31,102
104001,SOUTH FLORIDA STATE HOSPITAL,2023-07-01,2024-06-30,50
104059,EASTSIDE PSYCHIATRIC HOSPITAL,2023-07-01,2024-06-30,46
110107,AHN THE MEDICAL CENTER,2023-01-01,2023-12-31,636
112004,SSH - ES MIDTOWN ATLANTA,2023-09-01,2024-08-31,72
174016,PRAIRIE VIEW  INC.,2023-07-01,2024-06-30,30
230241,ASCENSION RIVER DISTRICT HOSPITAL,2023-07-01,2024-06-30,18
230254,ASCENSION PROVIDENCE ROCHESTER HOSPI,2023-07-01,2024-06-30,164
231315,ASCENSION BORGESS-LEE HOSPITAL,2023-07-01,2024-06-30,25
231328,ASCENSION ALLEGAN HOSPITAL,2023-07-01,2024-06-30,25
232034,BORGESS-PIPP HEALTH CENTER,2023-07-01,2024-06-30,43
370089,NORTHEASTERN HEALTH SYSTEM,2023-07-01,2024-06-30,80
390137,WILKES-BARRE GENERAL HOSPITAL,2023-07-01,2024-06-30,137
403027,MULTY MEDICAL FACILITIES,2023-01-01,2023-12-31,57
420071,SELF REGIONAL HEALTHCARE,2022-10-01,2023-09-30,290
440192,SAINT THOMAS HIGHLAND HOSPITAL,2023-07-01,2024-06-30,14
40041,ST. MARYS REGIONAL MEDICAL CENTER,2023-09-01,2024-08-31,137
140002,ALTON MEMORIAL HOSPITAL,2023-01-01,2023-12-31,121
140239,JAVON BEA HOSPITAL,2023-07-01,2024-06-30,178
142006,KINDRED HOSPITAL SYCAMORE,2023-09-01,2024-08-31,69
142008,KINDRED HOSPITAL CHICAGO,2023-09-01,2024-08-31,185
150153,ST. VINCENT HEART CENTER,2023-07-01,2024-06-30,107
192010,INTENSIVE SPECIALTY HOSPITAL,2023-09-01,2024-08-31,205
222046,VIBRA HOSPITAL OF WESTERN MASSACHUSE,2023-09-01,2024-08-31,77
260032,BARNES-JEWISH HOSPITAL,2023-01-01,2023-12-31,1265
261337,MISSOURI BAPTIST SULLIVAN HOSPITAL,2023-01-01,2023-12-31,25
412001,ELEANOR SLATER HOSPITAL,2023-07-01,2024-06-30,178
454158,VOYAGES OF CONROE BH,2023-07-15,2024-06-30,64
670320,EXCELLENCE EMERGENCY HOSPITAL LLC,2023-07-27,2024-07-26,4
53306,CHILDRENS HOSPITAL AT MISSION,2023-07-01,2024-06-30,
100007,ADVENTHEALTH ORLANDO,2023-01-01,2023-12-31,2787
100298,FLORIDA STATE HOSPITAL,2023-07-01,2024-06-30,24
150046,TERRE HAUTE REGIONAL,2023-09-01,2024-08-31,141
151334,SCOTT MEMORIAL HOSPITAL,2023-01-01,2023-12-31,25
152007,KINDRED HOSPITAL INDIANAPOLIS,2023-09-01,2024-08-31,59
161355,KNOXVILLE COMMUNITY HOSPITAL INC,2023-07-01,2024-06-30,25
260219,PROGRESS WEST HOSPITAL,2023-01-01,2023-12-31,69
400122,PROFESSIONAL HOSPITAL,2023-07-01,2024-06-30,49
400135,CENTRO COMPRENSIVO DE CANCER,2023-07-01,2024-06-30,54
100008,BAPTIST HOSPITAL,2022-10-01,2023-09-30,672
224007,MCLEAN HOSPITAL,2022-10-01,2023-09-30,309
230077,ST. MARYS OF MICHIGAN,2023-07-01,2024-06-30,181
414000,BUTLER HOSPITAL,2022-10-01,2023-09-30,168
30069,HAVASU REGIONAL MEDICAL CENTER,2023-09-01,2024-08-31,144
100314,WEST KENDALL BAPTIST HOSPITAL,2022-10-01,2023-09-30,168
180139,KENTUCKY RIVER MEDICAL CENTER,2023-09-01,2024-08-31,49
182001,KINDRED HOSPITAL LOUISVILLE,2023-09-01,2024-08-31,153
194025,CENTRAL LA. STATE HOSPITAL,2023-07-01,2024-06-30,148
230019,ASCENSION PROVIDENCE HOSPITAL,2023-07-01,2024-06-30,568
230100,ASCENSION ST. JOSEPH HOSPITAL,2023-07-01,2024-06-30,47
230195,ASCENSION MACOMB-OAKLAND HOSPITAL,2023-07-01,2024-06-30,422
274004,SHODAIR CHILDRENS HOSPITAL,2023-07-01,2024-06-30,30
330013,ALBANY MEDICAL CENTER HOSPITAL,2023-01-01,2023-12-31,719
331301,CUBA MEMORIAL HOSPITAL INC,2023-01-01,2023-12-31,20
370158,PURCELL MUNICIPAL HOSPITAL,2023-07-01,2024-06-30,10
392028,PAM SPEC HOSPITAL OF PITTSBURGH,2023-09-01,2024-08-31,63
392043,PAM SPEC HOSP OF HERITAGE VALLEY,2023-09-01,2024-08-31,35
452016,KINDRED HOSPITAL SAN ANTONIO,2023-09-01,2024-08-31,59
452028,KINDRED HOSPITAL TARRANT COUNTY,2023-09-01,2024-08-31,160
452039,KINDRED HOSPITAL HOUSTON NORTHWEST,2023-09-01,2024-08-31,84
454121,AUSTIN OAKS HOSPITAL,2023-08-01,2024-07-31,80
42008,ARKANSAS EXTENDED CARE HOSPITAL-FT S,2023-09-01,2024-08-31,25
52052,KINDRED HOSPITAL RIVERSIDE,2023-09-01,2024-08-31,40
100296,DOCTORS HOSPITAL,2022-10-01,2023-09-30,126
154009,HAMILTON CENTER  INC.,2023-07-01,2024-06-30,16
173034,JOHNSON COUNTY REHABILITATION HOSPIT,2023-09-01,2024-08-31,40
190144,MINDEN MEDICAL CENTER,2023-09-01,2024-08-31,129
231305,ASCENSION STANDISH HOSPITAL,2023-07-01,2024-06-30,25
260108,MISSOURI BAPTIST MEDICAL CENTER,2023-01-01,2023-12-31,402
260180,CHRISTIAN HOSPITAL NORTHEAST,2023-01-01,2023-12-31,265
262010,KINDRED HOSPITAL ST. LOUIS,2023-09-01,2024-08-31,98
262018,KINDRED HOSPITAL NORTHLAND,2023-09-01,2024-08-31,50
312020,KINDRED HOSPITAL NEW JERSEY,2023-09-01,2024-08-31,104
362020,KINDRED HOSPITAL LIMA,2023-09-01,2024-08-31,26
362026,SSH - CLEVELAND,2023-09-01,2024-08-31,68
394051,PENNSYLVANIA PSYCHIATRIC INSTITUTE,2023-07-01,2024-06-30,89
430093,SAME DAY SURGERY CENTER,2023-07-01,2024-06-30,6
444033,COMPASS INTERVENTION CENTER,2023-09-01,2024-08-31,
450587,HENDRICK MEDICAL CENTER BROWNWOOD,2023-09-01,2024-08-31,63
490019,CULPEPER MEMORIAL HOSPITAL,2023-07-01,2024-06-30,70
490024,CARILION MEDICAL CENTER,2022-10-01,2023-09-30,634
490144,UVA HEALTH HAYMARKET MEDICAL CENTER,2023-07-01,2024-06-30,44
502002,KINDRED HOSPITAL FIRST HILL,2023-09-01,2024-08-31,80
150023,UNION HOSPITAL  INC.,2023-01-01,2023-12-31,260
230165,ASCENSION ST JOHN HOSPITAL,2023-07-01,2024-06-30,554
292008,CARSON TAHOE CONTINUING CARE HOSPITA,2023-01-01,2023-06-11,29
394054,EAST END BEHAVIORAL HEALTH HOSPITAL,2023-09-01,2023-12-20,49
450460,TYLER COUNTY HOSPITAL,2023-07-01,2024-06-30,25
451355,COLLINGSWORTH GENERAL HOSPITAL,2022-10-01,2023-09-30,13
451362,CLAY COUNTY MEMORIAL HOSPITAL,2022-10-01,2023-09-30,25
490089,CARILION FRANKLIN MEMORIAL HOSPITAL,2022-10-01,2023-09-30,37
490117,CARILION TAZEWELL COMMUNITY HOSPITAL,2022-10-01,2023-09-30,23
524008,MENDOTA MENTAL HEALTH INSTITUTE,2023-07-01,2024-06-30,394
670043,CEDAR PARK REGIONAL MEDICAL CENTER,2022-12-01,2023-11-30,112
50100,SHARP MEMORIAL HOSPITAL,2022-10-01,2023-09-30,745
50222,SHARP CHULA VISTA MEDICAL CENTER,2022-10-01,2023-09-30,349
160016,TRINITY REGIONAL MEDICAL CENTER,2023-01-01,2023-12-31,44
231317,KELSEY MEMORIAL HOSPITAL,2023-01-01,2023-10-06,12
231331,SPARROW IONIA HOSPITAL,2023-01-01,2023-06-30,22
250095,SOUTH SUNFLOWER COUNTY HOSPITAL,2022-10-01,2023-09-30,46
320063,CARLSBAD MEDICAL CENTER,2023-09-01,2024-08-31,53
362033,KINDRED HOSPITAL DAYTON,2023-09-01,2024-08-31,51
392027,KINDRED HOSPITAL PHILADELPHIA,2023-09-01,2024-08-31,109
452075,KINDRED HOSPITAL CLEAR LAKE,2023-09-01,2024-08-31,110
452080,KINDRED HOSPITAL SUGAR LAND,2023-09-01,2024-08-31,80
491303,DICKENSON COMMUNITY HOSPITAL,2022-10-01,2023-09-30,2
34030,PALO VERDE BEHAVIORAL HEALTH,2023-09-01,2024-08-31,84
60064,ADVENTHEALTH PORTER HOSPITAL,2023-01-01,2023-12-31,180
60075,VALLEY VIEW HOSPITAL,2023-01-01,2023-12-31,31
164002,MENTAL HEALTH INSTITUTE,2023-07-01,2024-06-30,
164003,MENTAL HEALTH INSTITUTE,2023-07-01,2024-06-30,56
214012,THOMAS B. FINAN,2023-07-01,2024-06-30,88
374021,PARKSIDE HOSPITAL  INC.,2023-01-01,2023-12-31,120
450571,SHANNON MEDICAL CENTER,2022-10-01,2023-09-30,340
451346,YOAKUM COMMUNITY HOSPITAL,2023-07-01,2024-06-30,23
50060,COMMUNITY REGIONAL MEDICAL CENTER,2023-09-01,2024-08-31,783
60006,MONTROSE MEMORIAL HOSPITAL,2023-01-01,2023-12-31,51
110007,PHOEBE PUTNEY MEMORIAL HOSPITAL,2023-08-01,2024-07-31,360
260163,PARKLAND HEALTH CENTER - FARMINGTON,2023-01-01,2023-12-31,108
450147,DETAR HEALTHCARE SYSTEMS,2022-10-01,2023-09-30,163
450447,NAVARRO REGIONAL HOSPITAL,2023-01-01,2023-12-31,47
451341,HASKELL MEMORIAL HOSPITAL,2022-10-01,2023-09-30,25
471302,MT ASCUTNEY HOSPITAL AND HEALTH CENT,2022-10-01,2023-09-30,25
490042,CARILION NEW RIVER VALLEY MED CENTER,2022-10-01,2023-09-30,94
490045,UVA HEALTH PRINCE WILLIAM MEDICAL,2023-07-01,2024-06-30,92
51307,CATALINA ISLAND MEDICAL CENTER,2023-07-01,2024-06-30,8
52043,KENTFIELD & SAN FRANCISCO SPECIALTY,2023-09-06,2023-12-31,105
53305,LUCILE PACKARD CHILDRENS HOSPITAL,2023-09-01,2024-08-31,394
154024,VALLE VISTA,2023-08-01,2024-07-31,98
154047,MICHIANA BEHAVIORAL HEALTH CTR,2023-09-01,2024-08-31,54
170182,AMEND 2  MENORAH MEDICAL CENTER,2023-06-01,2024-05-31,137
171346,PATTERSON HEALTH CENTER,2023-01-01,2023-12-31,25
230197,GENESYS REGIONAL MEDICAL CTR.,2023-07-01,2024-06-30,318
280013,THE NEBRASKA MEDICAL CENTER,2023-07-01,2024-06-30,629
390063,UPMC HAMOT,2023-07-01,2024-06-30,412
450484,WOODLAND HEIGHTS MED CENTER,2023-01-01,2023-12-31,136
450596,LAKE GRANBURY MEDICAL CENTER,2022-12-01,2023-11-30,53
450702,LONGVIEW REGIONAL,2022-10-01,2023-09-30,224
50026,GROSSMONT HOSPITAL,2022-10-01,2023-09-30,448
50234,SHARP CORONADO HOSPITAL,2022-10-01,2023-09-30,59
80001,CHRISTIANA CARE HEALTH SYSTEM,2023-07-01,2024-06-30,1172
241354,ASTERA HEALTH,2023-01-01,2023-12-31,18
260027,AMEND#3 LIP RESEARCH MED CTR,2023-01-01,2023-12-31,306
440131,BAPTIST MEM HOSPITAL TIPTON COUNTY,2022-10-01,2023-09-30,48
451347,COLEMAN COUNTY MEDICAL CENTER,2022-10-01,2023-09-30,25
452114,ATRIUM MEDICAL CENTER,2022-10-01,2023-09-30,68
504004,EASTERN STATE HOSPITAL,2023-07-01,2024-06-30,375
161326,MADISON COUNTY MEMORIAL HOSPITAL,2023-07-01,2024-06-30,25
260057,CAMERON REGIONAL MEDICAL CENTER,2022-10-01,2023-09-30,42
261302,MADISON MEDICAL CENTER,2022-10-01,2023-09-30,25
220015,COOLEY DICKINSON HOSPITAL,2022-10-01,2023-09-30,118
220035,NORTH SHORE MEDICAL CENTER,2022-10-01,2023-09-30,268
223034,SPAULDING REHABILITATION HOSPITAL,2022-10-01,2023-09-30,132
241365,CENTRACARE - BENSON,2023-01-01,2023-06-30,11
460009,U OF U HOSPITALS & CLINICS,2023-07-01,2024-06-30,640
100002,BETHESDA HOSPITAL,2022-10-01,2023-09-30,363
100125,HOMESTEAD HOSPITAL,2022-10-01,2023-09-30,159
192058,SOUTHEAST REGIONAL MEDICAL CENTER,2023-09-01,2024-08-31,
220119,FAULKNER HOSPITAL,2022-10-01,2023-09-30,147
300017,PARKLAND MEDICAL CENTER,2023-08-01,2024-07-31,68
300018,WENTWORTH DOUGLASS HOSPITAL,2022-10-01,2023-09-30,118
312014,MATHENY SCHOOL & HOSPITAL,2023-07-01,2024-06-30,101
390067,UPMC PINNACLE HOSPITALS,2023-07-01,2024-06-30,530
70035,THE HOSPITAL OF CENTRAL CONNECTICUT,2022-10-01,2023-09-30,248
150030,HENRY COUNTY MEMORIAL HOSPITAL,2023-01-01,2023-12-31,48
160067,MERCYONE WATERLOO MEDICAL CENTER,2023-07-01,2024-06-30,137
220110,BRIGHAM AND WOMENS HOSPITAL,2022-10-01,2023-09-30,826
220177,NANTUCKET COTTAGE HOSPITAL,2022-10-01,2023-09-30,14
231329,CARO COMMUNITY HOSPITAL,2022-10-01,2023-09-30,25
340002,MISSION HOSPITAL  INC,2022-10-01,2023-09-30,717
364060,GBH - YOUNGSTOWN,2023-01-01,2023-12-31,76
440006,SKYLINE MEDICAL CENTER,2022-12-01,2023-11-30,344
30030,ABRAZO CENTRAL CAMPUS,2023-04-01,2024-03-31,149
131312,ST. LUKES MCCALL,2022-10-01,2023-09-30,15
132001,NORTHERN IDAHO ADVANCED CARE HOSPITA,2022-10-01,2023-09-30,40
351313,SOUTHWEST HEALTHCARE SERVICES,2023-01-01,2023-12-31,35
490048,LEWIS GALE MEDICAL CENTER,2023-01-01,2023-12-31,271
220071,MASSACHUSETTS GENERAL HOSPITAL,2022-10-01,2023-09-30,997
241342,ORTONVILLE AREA HEALTH SERVICES,2022-10-01,2023-09-30,25
260190,AM 2 LEES SUMMIT MEDICAL CENTER,2022-10-01,2023-09-30,88
440111,METRO NASHVILLE GENERAL HOSPITAL,2023-07-01,2024-06-30,114
450029,LAREDO MEDICAL CENTER,2022-10-01,2023-09-30,296
11306,TANNER MEDICAL CENTER ALABAMA  INC.,2023-07-01,2024-06-30,15
171361,GREAT PLAINS OF REPUBLIC CO.  INC,2022-10-01,2023-09-30,25
180013,THE MEDICAL CENTER,2023-04-01,2024-03-31,304
234043,CEDAR CREEK HOSPITAL,2023-09-01,2024-08-31,59
334021,MOHAWK VALLEY P.C.,2023-04-01,2024-03-31,77
360354,WEST CHESTER HOSPITAL  LLC,2023-07-01,2024-06-30,163
394027,FAIRMOUNT HOSPITAL,2023-07-01,2024-06-30,169
450690,UT HEALTH CENTER AT TYLER,2023-09-01,2024-08-31,116
504011,CASCADE BEHAVIORAL HEALTH,2023-01-01,2023-07-31,137
40779,FIVE RIVERS MEDICAL CENTER,2023-09-01,2024-09-30,
54028,GATEWAYS HOSPITAL,2023-07-01,2024-06-30,
171303,LANE COUNTY HOSPITAL,2023-01-01,2023-12-31,25
192012,RIVERSIDE HOSPITAL-EAST,2023-09-01,2024-08-31,25
220074,SOUTHCOAST HOSPITALS GROUP  INC,2022-10-01,2023-09-30,635
220075,MASSACHUSETTS EYE AND EAR INFIRMARY,2022-10-01,2023-09-30,41
351320,UNITY MEDICAL CENTER,2023-07-01,2024-06-30,14
352005,VIBRA HOSPITAL OF CENTRAL DAKOTAS  L,2023-08-01,2024-07-31,41
44005,BRIDGEWAY HOSPITAL,2023-01-01,2023-12-31,121
53039,CALIFORNIA REHABILITATION INSTITUTE,2023-01-01,2023-12-31,138
70025,HARTFORD HOSPITAL,2022-10-01,2023-09-30,723
70028,ST. VINCENTS MEDICAL CENTER,2022-10-01,2023-09-30,219
110071,APPLING GENERAL HOSPITAL,2023-09-01,2024-08-31,34
141324,FERRELL HOSPITAL,2023-04-01,2024-03-31,25
144042,LAKE BEHAVIORAL HOSPITAL,2023-01-01,2023-12-31,161
100117,BAPTIST MEDICAL CENTER-BEACHES,2022-10-01,2023-09-30,135
100140,BAPTIST MEDICAL CTR-NASSAU,2022-10-01,2023-09-30,54
102032,LANDMARK HOSPITAL OF SOUTHWEST FLORI,2023-09-01,2024-08-31,32
234042,BEHAVIORAL CENTER OF MICHIGAN,2023-01-01,2023-12-31,42
360137,UH CLEVELAND MEDICAL CENTER,2023-01-01,2023-12-31,656
461306,GUNNISON VALLEY HOSPITAL,2023-07-01,2024-06-30,25
191319,ACADIA-ST. LANDRY HOSPITAL,2023-07-01,2024-06-30,15
284003,LINCOLN REGIONAL CENTER,2023-07-01,2024-06-30,266
450469,WILSON N JONES REGIONAL MEDICAL CTR,2023-01-01,2023-12-31,214
451384,D.M. COGDELL MEMORIAL HOSPITAL,2023-01-01,2023-12-31,25
453316,CHILDRENS MEDICAL CENTER OF PLANO,2023-01-01,2023-12-31,60
50444,MERCY MEDICAL CENTER MERCED,2023-07-01,2024-06-30,186
84004,DOVER BEHAVIORAL HEALTH SYSTEM,2023-01-01,2023-12-31,104
200024,CENTRAL MAINE MEDICAL CENTER,2023-07-01,2024-06-30,187
234040,SAMARITAN BEHAVIORAL CENTER,2023-01-01,2023-12-31,55
264032,CENTERPOINTE HOSPITAL OF COLUMBIA,2023-01-01,2023-12-31,80
300014,FRISBIE MEMORIAL HOSPITAL,2023-03-01,2024-02-29,39
362023,SSH - BOARDMAN INC,2022-11-01,2023-10-31,79
490098,COMMUNITY MEMORIAL HOSPITAL,2023-07-01,2024-06-30,70
523302,CHILDRENS HOSPITAL OF WI-FOX VALLEY,2023-01-01,2023-12-31,42
40016,UAMS MEDICAL CENTER,2023-07-01,2024-06-30,545
100088,BAPTIST MEDICAL CENTER,2022-10-01,2023-09-30,981
191302,ST MARTIN HOSPITAL,2022-10-01,2023-09-30,25
342017,ASHEVILLE SPECIALTY HOSPITAL  LLC,2022-10-01,2023-09-30,34
363302,RAINBOW BABIES & CHILDRENS HOSPITA,2023-01-01,2023-12-31,286
424002,LIGHTHOUSE CARE CENTER OF CONWAY,2023-01-01,2023-12-31,105
70017,MIDSTATE MEDICAL CENTER,2022-10-01,2023-09-30,143
141318,OSF HOLY FAMILY MED CTR,2022-10-01,2023-09-30,15
144009,RIVEREDGE HOSPITAL,2023-01-01,2023-12-31,200
440073,MAURY REGIONAL HOSPITAL,2023-07-01,2024-06-30,244
450064,TEXAS HEALTH ARLINGTON MEMORIAL HOSP,2023-01-01,2023-12-31,192
670143,ASCENSION SETON BASTROP,2023-07-01,2024-09-30,7
34021,ARIZONA STATE HOSPITAL,2023-07-01,2024-06-30,159
190256,DOCTORS HOSPITAL OF SLIDELL LLC,2023-01-01,2023-12-31,10
450508,NACOGDOCHES MEMORIAL HOSP,2023-07-01,2024-03-10,160
450617,CLEAR LAKE REG MED CTR,2023-01-01,2023-12-31,528
451330,MEDINA REGIONAL HOSPITAL,2022-10-01,2023-09-30,25
10007,MIZELL MEMORIAL HOSPITAL,2022-10-01,2023-09-30,45
21312,SAMUEL SIMMONDS MEMORIAL HOSPITAL,2022-10-01,2023-09-30,10
50481,WEST HILLS HOSPITAL,2023-01-01,2023-12-31,214
51321,HEALDSBURG HOSPITAL,2023-07-01,2024-06-30,25
51991,BROADVIEW  INC.,2023-07-01,2024-06-30,19
54147,JOYCE EISENBERG KEEFER MEDICAL CENTE,2023-09-01,2024-08-31,10
80004,BAYHEALTH HOSPITAL  KENT CAMPUS,2023-07-01,2024-06-30,279
80009,BAYHEALTH HOSPITAL  SUSSEX CAMPUS,2023-07-01,2024-06-30,117
101303,LAKE BUTLER HOSPITAL,2023-01-01,2023-12-31,25
104018,LIFESTREAM BEHAVIORAL CENTER,2023-07-01,2024-06-30,66
104057,SPRINGBROOK HOSPITAL,2022-10-01,2023-09-30,66
110177,DOCTORS HOSPITAL OF AUGUSTA,2023-04-01,2024-03-31,291
141344,LAWRENCE COUNTY MEMORIAL HOSPITAL,2023-07-01,2024-06-30,25
141348,RED BUD REGIONAL HOSPITAL,2023-01-14,2023-09-30,25
152028,VIBRA HOSPITAL OF NORTHWEST INDIANA,2022-11-01,2023-10-31,40
154061,RIVERCREST SPECIALTY HOSPITAL  LLC,2023-01-01,2023-12-31,47
154063,NEUROPSYCHIATRIC HOSPITAL OF INDIANA,2023-01-01,2023-12-31,50
154064,ASSURANCE HEALTH INDIANAPOLIS,2023-01-01,2023-12-31,43
174020,COTTONWOOD SPRINGS,2023-01-01,2023-12-31,72
204005,SPRING HARBOR HOSPITAL,2022-10-01,2023-09-30,89
224044,AURORA WESTBOROUGH BHS,2023-01-01,2023-12-31,104
234025,CARO CENTER,2022-10-01,2023-09-30,200
234026,KALAMAZOO PSYCHIATRIC HOSPITAL,2022-10-01,2023-09-30,119
234044,BRIGHTWELL BEHAVIORAL HEALTH,2023-01-01,2023-12-31,23
241345,MAYO CLINIC HEALTH SYSTEM - WASECA,2023-01-01,2023-12-31,15
310113,SOUTHERN OCEAN MEDICAL CENTER,2023-01-01,2023-12-31,156
340051,WATAUGA MEDICAL CENTER,2023-07-01,2024-06-30,121
341323,CHARLES A. CANNON MEMORIAL HOSPITAL,2023-07-01,2024-06-30,23
360039,GENESIS HEALTHCARE SYSTEM,2023-01-01,2023-12-31,277
361318,FOSTORIA COMMUNITY HOSPITAL,2023-01-01,2023-12-31,19
364029,LAURELWOOD HOSPITAL,2023-01-01,2023-12-31,159
390100,LANCASTER GENERAL HOSPITAL,2023-07-01,2024-06-30,620
394014,WERNERSVILLE STATE HOSPITAL,2023-07-01,2024-06-30,266
400136,HOSPITAL SAN ANTONIO INC,2023-09-01,2024-08-31,
450135,TX HLTH HARRIS METHODIST HOSPITAL,2022-10-01,2023-09-30,720
450237,SANTA ROSA HEALTHCARE,2023-07-01,2024-06-30,387
451359,OCHILTREE GENERAL HOSPITAL,2022-10-01,2023-09-30,25
451372,MULESHOE AREA MEDICAL CENTER,2022-10-01,2023-09-30,25
454064,RIVER CREST HOSPITAL,2023-01-01,2023-12-31,80
492010,CENTRA SPECIALTY HOSPITAL,2023-01-01,2023-12-31,36
100034,MOUNT SINAI MEDICAL CENTER OF FLORID,2023-01-01,2023-12-31,481
150012,ST. JOSEPHS REG MED CENTER S. BEND,2023-07-01,2024-06-30,253
241353,CUYUNA REGIONAL MEDICAL CENTER,2023-04-01,2024-03-31,25
250081,ANDERSON REGIONAL MED CTR-SOUTH CAMP,2022-10-01,2023-09-30,33
300029,PORTSMOUTH REGIONAL HOSPITAL,2023-03-01,2024-02-29,177
334026,BRUNSWICK HOSPITAL CENTER INC,2023-01-01,2023-12-31,146
521344,MEMORIAL HOSPITAL OF BOSCOBEL,2023-01-01,2023-09-30,25
144035,LINDEN OAKS HOSPITAL,2023-01-01,2023-12-31,110
191303,OUR LADY OF THE LAKE ASSUMPTION COM,2023-07-01,2023-08-02,
330106,NORTH SHORE UNIVERSITY HOSPITAL,2023-01-01,2023-12-31,782
340087,THE MCDOWELL HOSPITAL,2023-02-01,2024-01-31,33
34026,UBH OF PHOENIX  LLC DBA VALLEY HSP,2023-01-01,2023-12-31,122
53308,HEALTHBRIDGE CHILDRENS ACUTE,2023-09-01,2024-08-31,
54083,KEDREN COMMUNITY MENTAL HEALTH,2023-07-01,2024-06-30,
73025,MOUNT SINAI REHABILITATION HOSPTIAL,2022-10-01,2023-09-30,60
140234,ST. MARGARETS HEALTH - PERU,2022-10-01,2023-08-10,49
141302,MIDWEST MEDICAL CENTER,2022-10-01,2023-09-30,25
424010,CAROLINA CENTER,2023-01-01,2023-12-31,156
454088,RIO GRANDE STATE CENTER,2023-09-01,2024-08-31,55
670125,TEXAS CENTER FOR INFECTIOUS DISEASE,2023-09-01,2024-08-31,50
162003,SSH - DES MOINES,2023-01-01,2023-12-31,30
171331,KIOWA DISTRICT HOSPITAL,2023-01-01,2023-12-31,10
241338,MAYO CLNIC HEALTH SYSTEM - LAKE CITY,2023-01-01,2023-12-31,18
351306,COOPERSTOWN MEDICAL CENTER,2023-07-01,2024-06-30,9
441310,RHEA MEDICAL CENTER,2023-07-01,2024-06-30,25
100131,HCA FLORIDA AVENTURA HOSPITAL,2023-01-01,2023-12-31,345
130066,NORTHWEST SPECIALTY HOSPITAL,2023-01-01,2023-12-31,31
230279,ST. JOHN BRIGHTON,2023-07-01,2024-06-30,99
260183,SAINT FRANCIS MEDICAL CENTER,2023-07-01,2024-06-30,282
264030,SIGNATURE PSYCH HOSPITAL,2023-01-01,2023-12-31,92
291303,BATTLE MOUNTAIN GENERAL HOSPITAL,2023-07-01,2024-06-30,5
450604,HILL COUNTRY MEMORIAL HOSPITAL,2023-01-01,2023-03-31,57
454009,RUSK STATE HOSPITAL,2023-09-01,2024-08-31,290
520045,THEDACARE REGIONAL MEDICAL CENTER -,2023-01-01,2023-12-31,147
650001,GUAM MEMORIAL HOSPITAL,2022-10-01,2023-09-30,161
62012,PAM SPECIALTY HOSPITAL OF DENVER,2023-09-01,2024-08-31,63
100189,HCA FLORIDA NORTHWEST HOSPITAL,2023-01-01,2023-12-31,289
100209,HCA FLORIDA KENDALL HOSPITAL,2023-01-01,2023-12-31,424
100228,HCA FLORIDA WESTSIDE HOSPITAL,2023-02-01,2024-01-31,250
171309,JEWELL COUNTY HOSPITAL,2023-01-01,2023-12-31,25
450634,MEDICAL CITY DENTON,2023-01-01,2023-12-31,184
452060,KPC PROMISE HOSPITAL OF AMARILLO LLC,2023-09-01,2024-05-18,54
670131,BAYLOR SCOTT & WHITE - BUDA,2023-09-01,2024-08-31,15
90011,WASHINGTON HOSPITAL CENTER,2023-07-01,2024-06-30,719
141322,LINCOLN MEMORIAL HOSPITAL,2022-10-01,2023-09-30,25
164006,EAGLE VIEW BEHAVIORAL HEALTH,2023-01-01,2023-12-31,72
171334,MEDICINE LODGE MEMORIAL HOSPITAL,2023-01-01,2023-12-31,22
192041,ZACHARY-AMG SPECIALTY HOSPITAL,2023-01-01,2023-12-31,16
251324,WALTHALL COUNTY GENERAL HOSPITAL,2022-10-01,2023-09-30,25
421300,ALLENDALE COUNTY HOSPITAL,2022-10-01,2023-09-30,25
492008,SSH - HAMPTON ROADS,2023-01-01,2023-12-31,25
100204,HCA FLORIDA NORTH FLORIDA HOSP,2023-03-01,2024-02-29,472
192007,BRIDGEPOINT CONTINUING CARE HOSPITAL,2023-01-01,2023-12-31,39
223032,REHAB HOSPITAL OF CAPE & ISLANDS,2022-10-01,2023-09-30,60
224022,BOURNEWOOD HOSPITAL,2023-01-01,2023-12-31,102
330101,NEW YORK PRESBYTERIAN HOSPITAL,2023-01-01,2023-12-31,2850
452079,KINDRED HOSPITAL EL PASO,2023-09-01,2024-08-31,72
454029,ASCENSION SETON SHOAL CREEK,2023-07-01,2024-06-30,54
454100,EL PASO PSYCHIATRIC CENTER,2023-09-01,2024-08-31,77
521303,THEDACARE MED CTR - WILD ROSE,2023-01-01,2023-12-31,25
181324,THE MEDICAL CENTER AT SCOTTSVILLE,2023-04-01,2024-03-31,25
192036,POST ACUTE MEDICAL OF HAMMOND,2023-01-01,2023-12-31,40
224045,HOSPITAL FOR BEHAVIORAL MEDICINE,2023-01-01,2023-12-31,120
264012,CENTERPOINTE HOSPITAL,2023-01-01,2023-12-31,104
364055,SOJOURN AT SENECA,2023-07-01,2024-06-19,24
100110,OSCEOLA REGIONAL MEDICAL CENTER,2023-01-01,2023-12-31,351
100206,MEMORIAL HOSPITAL OF TAMPA,2022-11-01,2023-10-31,284
100329,OVIEDO MEDICAL CENTER,2023-01-01,2023-12-31,58
154058,DOCTORS NEUROPSYCHIATRIC HOSPITAL,2023-01-01,2023-12-31,37
261319,MERCY HOSPITAL LINCOLN,2023-07-01,2024-06-30,25
330211,CLAXTON HEPBURN MEDICAL CENTER,2023-01-01,2023-12-31,38
44011,ARKANSAS STATE HOSPITAL,2023-07-01,2024-06-30,230
61306,LINCOLN COMMUNITY HOSPITAL,2023-01-01,2023-12-31,15
100023,HCA FLORIDA CITRUS HOSPITAL,2022-11-01,2023-10-31,204
100259,HCA FLORIDA SOUTH SHORE HOSPITAL,2023-09-01,2024-08-31,138
144041,SILVER OAKS BEHAVIORAL HOSPITAL,2023-01-01,2023-12-31,112
200018,THE AROOSTOOK MEDICAL CENTER,2022-10-01,2023-09-30,44
261305,PUTNAM COUNTY MEMORIAL HOSPITAL,2023-07-01,2024-06-30,15
321313,REHOBOTH MCKINLEY CHRISTIAN HOSPITAL,2023-08-03,2023-12-31,25
452068,KPC PROMISE HOSPITAL OF WICHITA FALL,2023-09-01,2024-07-31,31
520160,THEDACARE REGIONAL MEDICAL CENTER AP,2023-01-01,2023-12-31,147
60032,ROSE MEDICAL CENTER,2023-01-01,2023-12-31,231
60065,NORTH SUBURBAN MEDICAL CENTER,2023-01-01,2023-12-31,139
100213,HCA FL BLAKE HOSPITAL,2023-05-01,2024-04-30,355
100254,HCA FLORIDA CAPITAL HOSPITAL,2023-05-01,2024-04-30,256
330055,NEWYORK-PRESBYTERIAN/QUEENS,2023-01-01,2023-12-31,476
390226,PENNSYLVANIA HOSPITAL OF UPHS,2023-07-01,2024-06-30,420
410007,RHODE ISLAND HOSPITAL,2022-10-01,2023-09-30,650
450035,ST JOSEPH MEDICAL CENTER,2022-11-01,2023-10-31,156
100260,HCA FLORIDA ST. LUCIE HOSPITAL,2022-10-01,2023-09-30,222
531306,WASHAKIE MEDICAL CENTER,2023-01-01,2023-12-31,18
40153,WADLEY MEDICAL CENTER AT HOPE,2022-10-01,2023-09-30,36
50191,ST. MARY MEDICAL CENTER,2023-07-01,2024-06-30,273
100269,HCA FLORIDA PALMS WEST HOSPITAL,2023-06-01,2024-05-31,206
154068,MEDICAL BEHAVIORAL HOSPITAL OF INDIA,2023-01-01,2023-12-31,64
450200,WADLEY REGIONAL MEDICAL CENTER,2023-01-01,2023-12-31,185
50125,REGIONAL MEDICAL CENTER OF SAN JOSE,2023-01-01,2023-12-31,252
100080,HCA FLORIDA JFK HOSPITAL,2023-07-01,2024-06-30,642
100126,HCA FLORIDA PASADENA HOSPITAL,2022-10-01,2023-09-30,167
100226,HCA FLORIDA ORANGE PARK HOSPITAL,2023-07-01,2024-06-30,316
100231,WEST FLORIDA HOSPITAL,2023-06-01,2024-05-31,354
100232,HCA FLORIDA PUTNAM HOSPITAL,2023-09-01,2024-08-31,82
100242,HCA FLORIDA GULF COAST HOSPITAL,2023-02-01,2024-01-31,261
100243,HCA FLORIDA BRANDON HOSPITAL,2023-01-01,2023-12-31,404
100256,HCA FLORIDA BAYONET POINT HOSPITAL,2023-03-01,2024-02-29,330
100264,HCA FLORIDA OAK HILL HOSPITAL,2023-03-01,2024-02-29,350
100320,HCA FLORIDA POINCIANA HOSPITAL,2023-07-01,2024-06-30,94
100350,UCF LAKE NONA HOSPITAL,2023-02-01,2024-01-31,64
232039,PIONEER SPECIALTY HOSPITAL,2022-10-01,2023-09-30,42
234038,STONECREST,2023-01-01,2023-12-31,182
261335,MERCY ST FRANCIS HOSPITAL,2023-07-01,2024-06-30,25
264034,SOUTHEAST BEHAVIORAL HOSPITAL,2023-09-01,2024-08-31,50
410006,NEWPORT HOSPITAL,2022-10-01,2023-09-30,66
440185,SKYRIDGE MEDICAL CENTER,2023-09-01,2024-07-31,176
100223,HCA FL FT WALTON-DESTIN HOSP,2023-06-01,2024-05-31,217
100248,HCA FLORIDA LARGO HOSPITAL,2023-03-01,2024-02-29,263
223302,CHILDRENS HOSPITAL CORPORATION,2022-10-01,2023-09-30,485
330267,NEW YORK PRESBYTERIAN HUDSON VALLEY,2023-01-01,2023-12-31,128
410012,THE MIRIAM HOSPITAL,2022-10-01,2023-09-30,247
441314,LAUDERDALE COMMUNITY HOSPITAL,2023-01-01,2023-12-31,25
100166,HCA FLORIDA SARASOTA DOCTORS HOSPITA,2023-01-01,2023-12-31,139
131324,LOST RIVERS HOSPITAL,2022-10-01,2023-09-30,14
170197,KANSAS MEDICAL CENTER,2023-01-01,2023-12-31,58
171338,GREAT PLAINS OF SABETHA  INC.,2023-01-01,2023-12-31,16
261317,MERCY HOSPITAL CASSVILLE,2023-07-01,2024-06-30,25
261338,MERCY HOSPITAL CARTHAGE,2023-07-01,2024-06-30,25
340020,CENTRAL CAROLINA HOSPITAL,2023-01-01,2023-12-31,127
360003,UNIVER.OF CINCINNATI MED CENTER LLC,2023-07-01,2024-06-30,570
380050,SKY LAKES MEDICAL CENTER,2022-10-01,2023-09-30,90
490107,RESTON HOSPITAL,2023-01-01,2023-12-31,201
31304,PAGE HOSPITAL,2023-01-01,2023-12-31,25
100180,ST. PETERSBURG GENERAL,2023-05-01,2024-04-30,162
231319,ASPIRUS KEWEENAW HOSPITAL,2023-07-01,2024-06-30,25
231333,ASPIRUS IRONWOOD HOSPITAL,2023-07-01,2024-06-30,25
260023,MERCY HOSPITAL JEFFERSON,2023-07-01,2024-06-30,136
260052,MERCY HOSPITAL - WASHINGTON,2023-07-01,2024-06-30,140
280134,KEARNEY REGIONAL MEDICAL CENTER,2023-01-01,2023-12-31,93
361312,MERCY HEALTH - URBANA HOSPITAL,2023-01-01,2023-12-31,25
362036,REGENCY HOSPITAL OF TOLEDO,2023-01-01,2023-12-31,73
450351,TEXAS HEALTH HARRIS METHODIST STEPHE,2022-10-01,2023-09-30,47
453310,DELL CHILDRENS MEDICAL CENTER,2023-07-01,2024-06-30,310
490032,VCU HEALTH SYSTEM MCV HOSPITAL,2023-07-01,2024-06-30,816
523300,CHILDRENS HOSPITAL OF WISCONSIN,2023-01-01,2023-12-31,298
222048,WHITTIER HOSPITAL-WESTBOROUGH,2022-10-01,2023-09-30,63
261316,MERCY HOSPITAL AURORA,2023-07-01,2024-06-30,25
320038,REHOBOTH MCKINLEY CHRISTIAN HOSPITAL,2023-01-01,2023-08-02,50
361323,AULTMAN ORRVILLE HOSPITAL,2023-01-01,2023-12-31,25
390329,EINSTEIN MEDICAL CENTER MONTGOMERY,2023-07-01,2024-06-30,175
450747,PALESTINE REGIONAL MEDICAL CENTER,2023-01-01,2023-12-31,148
100212,HCA FLORIDA OCALA HOSPITAL,2023-09-01,2024-08-31,509
231307,BARAGA COUNTY MEMORIAL HOSPITAL,2022-10-01,2023-09-30,24
393302,UPMC CHILDRENS HOSPITAL OF PGH,2023-07-01,2024-06-30,317
100238,HCA FLORIDA NORTHSIDE HOSPITAL,2022-10-01,2023-09-30,202
161340,DECATUR COUNTY HOSPITAL,2023-07-01,2024-06-30,11
171337,WAMEGO HOSPITAL ASSOCIATION,2022-10-01,2023-09-30,18
171339,GREENWOOD COUNTY HOSPITAL,2022-10-01,2023-09-30,25
192004,KPC PROMISE HOSPITAL OF BATON ROUGE,2023-09-01,2024-05-18,54
222047,WHITTIER HOSPITAL-BRADFORD,2022-10-01,2023-09-30,35
224043,DEVENS TREATMENT & RECOVERY CENTER,2023-01-01,2023-12-31,108
241327,SLEEPY EYE MUNICIPAL HOSPITAL,2023-01-01,2023-12-31,16
454000,BIG SPRING STATE HOSPITAL,2023-09-01,2024-08-31,144
454011,SAN ANTONIO STATE HOSPITAL,2023-09-01,2024-08-31,280
490126,LEWISGALEHOSPITAL - ALLEGHANY,2023-03-01,2024-02-29,95
161322,DALLAS COUNTY HOSPITAL,2023-07-01,2024-06-30,25
171341,HIAWATHA COMMUNITY HOSPITAL,2023-01-01,2023-12-31,25
194085,COMPASS BEHAVIORAL CENTER  LLC,2023-01-01,2023-12-31,24
260065,MERCY HOSPITAL SPRINGFIELD,2023-07-01,2024-06-30,611
323026,NEW MEXICO REHABILITATION CENTER,2023-07-01,2024-06-30,15
371323,WEATHERFORD REGIONAL HOSPITAL,2022-10-01,2023-09-30,25
454006,TERRELL STATE HOSPITAL,2023-09-01,2024-08-31,305
504016,WELLFOUND BEHAVIORAL HEALTH HOSPITAL,2023-01-01,2023-12-31,72
521309,MOUNDVIEW MEMORIAL HOSPITAL,2023-01-01,2023-09-30,25
50272,REDLANDS COMMUNITY HOSPITAL,2022-10-01,2023-09-30,196
100191,MEDICAL CENTER OF TRINITY,2023-07-01,2024-06-30,270
100360,HCA FLORIDA UNIVERSITY HOSPITAL,2022-11-01,2023-10-31,155
283300,BOYS TOWN NATIONAL RESEARCH HOSPITAL,2023-01-01,2023-12-31,52
344034,DOROTHEA DIX BEHAVIORAL HEALTH,2023-07-01,2024-06-30,37
390339,LANCASTER MEDICAL CENTER,2023-07-01,2024-06-30,100
451378,BIG BEND REGIONAL MED CTR,2022-10-01,2023-09-30,22
454084,AUSTIN STATE HOSPITAL,2023-09-01,2024-08-31,199
141342,UNION COUNTY HOSPITAL DISTRICT,2023-01-14,2023-09-30,25
154065,NEUROBEHAVIORAL HOSPITAL LLC,2023-01-01,2023-12-31,70
171355,TREGO COUNTY LEMKE MEMORIAL HOSPITAL,2023-01-01,2023-12-31,25
194082,COMPASS SENIOR CARE HOSPITAL  LLC,2023-01-01,2023-12-31,36
450011,ST. JOSEPH REGIONAL HEALTH CENTER,2023-07-01,2024-06-30,284
450651,MEDICAL CITY PLANO,2023-04-01,2024-03-31,584
450661,ODESSA REGIONAL HOSPITAL,2022-10-01,2023-09-30,208
171301,GREAT PLAINS OF ELLINWOOD  INC.,2022-10-01,2023-09-30,23
191310,BAYOU BEND HEALTH SYSTEM,2022-10-01,2023-09-30,25
670322,LEGENT SURGICAL HOSPITAL PLANO,2023-09-01,2024-08-31,7
30085,NORTHWEST MEDICAL CENTER,2022-10-01,2023-09-30,252
31307,PARKER INDIAN HEALTH CENTER,2022-10-01,2023-09-30,20
134017,COTTONWOOD CREEK BEHAVIORAL HOSPITAL,2023-01-01,2023-12-31,92
141340,VALLEY WEST COMMUNITY HOSPITAL,2023-09-01,2024-08-31,19
154066,BRIGHTWELL BEHAVIORAL HEALTH,2023-01-01,2023-12-31,22
260077,MERCY HOSPITAL SOUTH,2023-07-01,2024-06-30,725
290039,MOUNTAIN VIEW HOSPITAL,2023-01-01,2023-12-31,363
331304,MARGARETVILLE HOSPITAL,2023-01-01,2023-12-31,15
351316,PRESENTATION MEDICAL CENTER,2022-10-01,2023-09-30,25
454008,NTSH - WITCHITA FALLS & VERNON,2023-09-01,2024-08-31,483
100029,NORTH SHORE MEDICAL CENTER AND FMC,2023-05-01,2024-04-30,748
100183,CORAL GABLES HOSPITAL,2023-05-01,2024-04-30,245
100187,PALMETTO GENERAL HOSPITAL,2023-05-01,2024-04-30,358
151302,IU HEALTH BLACKFORD HOSPITAL,2023-01-01,2023-10-01,15
234041,CENTER FOR FORENSIC PSYCHIATRY,2022-10-01,2023-09-30,272
260059,MERCY HOSPITAL LEBANON,2023-07-01,2024-06-30,43
471307,PORTER HOSPITAL,2022-10-01,2023-09-30,25
521311,ASPIRUS STANLEY HOSPITAL,2023-07-01,2024-06-30,24
521324,ASPIRUS MEDFORD HOSPITAL AND CLINICS,2023-07-01,2024-06-30,25
10019,HELEN KELLER HOSPITAL,2022-10-01,2023-09-30,178
100179,HCA FL MEMORIAL HOSP. JACKSONVILLE,2023-01-01,2023-12-31,362
140034,SSM HEALTH ST. MARYS HOSPITAL,2023-01-01,2023-12-31,92
140046,SSM HEALTH GOOD SAMARITAN HOSPITAL,2023-01-01,2023-12-31,111
251326,JEFFERSON DAVIS GENERAL HOSPITAL,2022-10-01,2023-09-30,25
281330,WARREN MEMORIAL HOSPITAL,2022-10-01,2023-09-30,15
361327,CHWC-MONTPELIER,2022-10-01,2023-09-30,25
364058,SUN BEHAVIORAL COLUMBUS,2023-01-01,2023-12-31,126
364066,ASSURANCE HEALTH TOLEDO,2023-01-01,2023-12-31,23
451323,ADVENTHEALTH ROLLINS BROOK,2022-10-01,2023-09-30,25
174025,ANEW HEALTH,2023-01-01,2023-12-31,20
181320,LIVINGSTON HOSPITAL,2023-01-01,2023-12-31,25
452035,MESA HILLS SPECIALTY HOSPITAL,2023-04-01,2024-04-29,32
50350,BEVERLY HOSPITAL,2023-01-01,2023-09-06,202
151320,IU HEALTH JAY HOSPITAL,2023-01-01,2023-12-31,21
153047,REHABILITATION HOSPITAL OF NORTHERN,2023-05-01,2024-04-30,40
190204,OCHSNER MEDICAL CENTER -NORTHSHORE,2023-04-01,2023-06-30,150
261329,COX-MONETT HOSPITAL,2022-10-01,2023-09-30,25
491991,LYNN HOUSE OF POTOMAC VALLEY  INC.,2023-01-01,2023-12-31,4
531307,COMMUNITY HOSPITAL,2023-01-01,2023-12-31,25
73300,CONNECTICUT CHILDRENS MEDICAL CENTER,2022-10-01,2023-09-30,187
100053,HIALEAH HOSPITAL,2023-05-01,2024-04-30,340
100167,HCA FLORIDA MERCY HOSPITAL,2023-09-01,2024-08-31,290
151316,IU HEALTH FRANKFORT HOSPITAL,2023-01-01,2023-12-31,12
251306,PERRY COUNTY GENERAL HOSPITAL,2022-10-01,2023-09-30,22
360010,UNION HOSPITAL ASSOCIATION,2023-01-01,2023-12-31,77
360068,THE TOLEDO HOSPITAL,2023-01-01,2023-12-31,730
360082,EUCLID HOSPITAL,2023-01-01,2023-12-31,90
360087,LUTHERAN HOSPITAL,2023-01-01,2023-12-31,110
360180,CLEVELAND CLINIC HOSPITAL,2023-01-01,2023-12-31,1288
360230,HILLCREST HOSPITAL,2023-01-01,2023-12-31,483
440015,UNIVERSITY OF TENNESSEE MEDICAL CENT,2023-01-01,2023-12-31,698
50549,LOS ROBLES HOSPITAL AND MEDICAL CTN.,2023-01-01,2023-12-31,306
104063,THE WILLOUGH AT NAPLES,2023-01-01,2023-12-31,87
192009,PAM SPECIALTY HOSPITAL OF NEW ORLEAN,2023-09-01,2024-02-29,16
192037,HOUMA - AMG SPECIALTY HOSPITAL,2023-06-01,2024-05-31,40
260104,SSM HEALTH DEPAUL HOSPITAL,2023-01-01,2023-12-31,446
301306,CONCORD HOSPITAL - FRANKLIN,2022-10-01,2023-09-30,25
310034,RIVERVIEW MEDICAL CENTER,2023-01-01,2023-12-31,267
450018,THE UNIVERSITY OF TEXAS MEDICAL BR.,2023-09-01,2024-08-31,837
450292,TEXAS HEALTH KAUFMAN,2023-01-01,2023-12-31,42
450639,TEXAS HEALTH H-E-B,2022-10-01,2023-09-30,195
471300,GRACE COTTAGE HOSPITAL,2022-10-01,2023-09-30,19
522005,LAKEVIEW SPECIALTY HOSPT & REHAB,2023-01-01,2023-12-31,35
70040,HEBREW HOME & HOSPITAL,2022-10-01,2023-09-30,
110010,EMORY UNIVERSITY HOSPITAL,2023-09-01,2024-08-31,666
361303,LODI COMMUNITY HOSPITAL,2023-01-01,2023-12-31,20
440156,PARKRIDGE MEDICAL CENTER,2023-04-01,2024-03-31,400
450518,THE MEDICAL CTR OF SOUTHEAST TEXAS,2022-12-01,2023-11-30,196
451329,RANKIN COUNTY HOSPITAL DISTRICT,2022-10-01,2023-09-30,15
512003,CORNERSTONE SPECIALTY HUNTINGTON,2022-11-01,2023-08-31,32
34038,PHOENIX MEDICAL PSYCHIATRIC HOSPITAL,2023-01-01,2023-12-31,96
141311,FAIRFIELD MEMORIAL HOSPITAL,2023-07-01,2024-06-30,25
234035,WALTER REUTHER PSYCHIATRIC HOSPITAL,2022-10-01,2023-09-30,180
300003,MARY HITCHCOCK MEMORIAL HOSP,2023-07-01,2024-06-30,476
84003,MEADOW WOOD HOSPITAL,2023-01-01,2023-12-31,130
171385,COFFEY COUNTY HOSPITAL,2023-01-01,2023-12-31,25
294015,RENO BEHAVIORAL HEALTHCARE HOSPITAL,2023-01-01,2023-12-31,103
504013,RAINIER SPRINGS,2023-01-01,2023-12-31,72
504015,SOUTH SOUND BEHAVIORAL HOSPITAL,2023-01-01,2023-12-31,108
450419,TX HLTH HARRIS METHODIST AZLE,2022-10-01,2023-09-30,31
33044,DIGNITY HEALTH EAST VALLEY REHABILIT,2023-01-06,2023-12-31,40
184002,WESTERN STATE HOSPITAL,2023-07-01,2024-06-30,163
360027,AKRON GENERAL MEDICAL CENTER,2023-01-01,2023-12-31,401
360077,FAIRVIEW HOSPITAL,2023-01-01,2023-12-31,466
364063,GEORGETOWN BEHAVIORAL HOSPITAL,2023-07-01,2024-07-31,24
34032,COPPER SPRINGS,2023-01-01,2023-12-31,144
104026,FT. LAUDERDALE HOSPITAL,2023-01-01,2023-12-31,182
150021,PARKVIEW HOSPITAL,2023-01-01,2023-12-31,784
232019,VIBRA HOSPITAL SOUTHEASTERN MICHIGAN,2023-06-01,2024-05-31,68
360143,MARYMOUNT HOSPITAL,2023-01-01,2023-12-31,188
360156,MEMORIAL HOSPITAL,2023-01-01,2023-12-31,31
382004,VIBRA SPECIALTY HOSP PORTLAND,2023-02-01,2024-01-31,73
504012,SMOKEY POINT BEHAVIORAL HOSPITAL,2023-01-01,2023-12-31,112
54153,OCEAN VIEW PSYCHIATRIC FACILITY,2023-01-01,2023-12-31,39
54158,ALISO RIDGE BEHAVIORAL HEALTH,2023-01-01,2023-12-31,119
151326,UNION HOSPITAL CLINTON,2023-01-01,2023-12-31,25
240001,NORTH MEMORIAL HEALTH HOSPITAL,2023-01-01,2023-12-31,328
260011,SSM HEALTH-ST. MARYS-JEFFERSON CITY,2023-01-01,2023-12-31,140
360348,DUBLIN METHODIST HOSPITAL,2023-07-01,2024-06-30,110
400004,ASOCIACION HOSPITAL DEL MAESTRO,2023-07-01,2024-06-30,125
72004,HOSPITAL FOR SPECIAL CARE,2023-04-01,2024-03-31,231
100044,MARTIN MEDICAL CENTER,2023-01-01,2023-12-31,521
230069,TRINITY HEALTH LIVINGSTON,2023-07-01,2024-06-30,42
231314,MCKENZIE HEALTH SYSTEM,2022-10-01,2023-09-30,25
260005,SSM HEALTH ST. JOSEPH HOSPITAL - SC,2023-01-01,2023-12-31,384
262016,LANDMARK HOSPITAL OF JOPLIN  LLC,2023-01-01,2023-12-31,30
281319,JEFFERSON COMMUNITY HEALTH CENTER,2022-10-01,2023-09-30,17
340129,LAKE NORMAN REGIONAL MEDICAL CENTER,2022-10-01,2023-09-30,123
450840,TEXAS HEALTH HOSPITAL ALLEN,2023-01-01,2023-12-31,59
33046,CLEARSKY REHAB HOSPITAL OF AVONDALE,2023-08-04,2024-03-31,30
140125,GATEWAY REGIONAL,2023-01-01,2023-02-28,288
163027,UNIVERSITY OF IOWA HEALTH NETWORK RE,2022-10-01,2023-09-30,40
171306,WICHITA COUNTY HEALTH CENTER,2023-01-01,2023-12-31,25
240038,UNITED HOSPITAL,2023-01-01,2023-12-31,402
240069,OWATONNA HOSPITAL,2023-01-01,2023-12-31,29
240071,ALLINA HEALTH FARIBAULT MEDICAL CTR,2023-01-01,2023-12-31,32
240104,ST. FRANCIS REGIONAL MEDICAL CENTER,2023-01-01,2023-12-31,89
261306,SULLIVAN COUNTY MEMORIAL HOSPITAL,2022-11-01,2023-10-31,17
191318,TRINITY MEDICAL,2022-10-01,2023-09-30,23
240057,ABBOTT NORTHWESTERN HOSPITAL,2023-01-01,2023-12-31,609
240115,MERCY HOSPITAL,2023-01-01,2023-12-31,464
240214,MAPLE GROVE HOSPITAL,2023-01-01,2023-12-31,148
260001,MERCY HOSPITAL JOPLIN,2023-07-01,2024-06-30,242
260091,SSM HEALTH ST. MARYS HOSPITAL - STL,2023-01-01,2023-12-31,496
301300,UPPER CONNECTICUT VALLEY HOSPITAL,2022-10-01,2023-09-30,16
310052,HMH -OCEAN UNIVERSITY MEDICAL CENTER,2023-01-01,2023-12-31,313
384012,UBH OF OREGON LLD D/BA CEDAR HILLS,2023-01-01,2023-12-31,98
450462,TEXAS HEALTH DALLAS,2023-01-01,2023-12-31,576
451387,UVALDE MEMORIAL HOSPITAL,2023-07-01,2024-06-30,21
110027,ST. MARYS SACRED HEART HOSPITAL,2023-07-01,2024-06-30,56
110125,FAIRVIEW PARK HOSPITAL,2023-05-01,2024-04-30,123
110229,PIEDMONT NEWNAN HOSPITAL INC.,2023-07-01,2024-06-30,213
134002,INTERMOUNTAIN,2022-10-01,2023-09-30,150
171382,ATCHISON HOSPITAL ASSOCIATION,2023-01-01,2023-12-31,25
234011,KINGSWOOD HOSPITAL,2023-01-01,2023-12-31,221
280127,LINCOLN SURGICAL HOSPITAL,2023-01-01,2023-12-31,20
281365,JENNIE M. MELHAM MEMORIAL MED CENTER,2022-10-01,2023-09-30,23
340091,THE MOSES H. CONE MEMORIAL HOSPITAL,2022-10-01,2023-09-30,760
340183,PRESBYTERIAN HOSPITAL HUNTERSVILLE,2023-01-01,2023-12-31,135
340184,HAYWOOD REGIONAL MEDICAL CENTER,2023-08-01,2024-07-31,121
370202,HILLCREST HOSPITAL SOUTH,2023-01-01,2023-12-31,180
390307,EDGEWOOD SURGICAL HOSPITAL,2023-01-01,2023-12-31,10
440001,UNICOI COUNTY HOSPITAL,2023-01-01,2023-12-31,8
440012,BRISTOL REGIONAL MEDICAL CENTER,2023-07-01,2024-06-30,244
440063,JOHNSON CITY MEDICAL CENTER,2023-07-01,2024-06-30,569
10012,DEKALB REGIONAL MEDICAL CENTER,2023-04-01,2024-03-31,97
10087,USA HEALTH UNIVERSITY HOSPITAL,2022-10-01,2023-09-30,264
44007,RIVENDELL ARKANSAS,2023-01-01,2023-12-31,79
100063,MORTON PLANT NORTH BAY HOSPITAL,2023-01-01,2023-12-31,222
110024,CANDLER HOSPITAL  INC,2023-07-01,2024-06-30,263
340069,WAKEMED RALEIGH CAMPUS,2022-10-01,2023-09-30,617
371324,HARPER COUNTY COMMUNITY HOSPITAL,2022-10-01,2023-09-30,15
420068,THE REGIONAL MEDICAL CENTER,2022-10-01,2023-02-28,251
440049,METHODIST H/C MEMPHIS HOSPT.,2023-01-01,2023-12-31,1322
440068,ATHENS REGIONAL MEDICAL CENTER,2022-10-01,2023-09-30,172
50454,UCSF MEDICAL CENTER,2023-07-01,2024-06-30,887
240020,CAMBRIDGE MEDICAL CENTER,2023-01-01,2023-12-31,46
240076,BUFFALO HOSPITAL,2023-01-01,2023-12-31,39
241373,PERHAM HEALTH,2022-10-01,2023-09-30,25
251305,LAWRENCE COUNTY HOSPITAL,2022-10-01,2023-09-30,25
281339,MEMORIAL HEALTH CARE SYSTEMS,2022-10-01,2023-09-30,24
351364,STANDING ROCK IHS HOSPITAL,2022-10-01,2023-09-30,12
10008,CRENSHAW COMMUNITY HOSPITAL,2023-01-01,2023-09-30,29
10036,ANDALUSIA REGIONAL HOSPITAL,2023-04-01,2024-03-31,83
10059,LAWRENCE MEDICAL CENTER,2022-10-01,2023-09-30,43
100067,ST. ANTHONYS HOSPITAL,2023-01-01,2023-12-31,398
131308,CASCADE MEDICAL CENTER,2022-10-01,2023-09-30,8
161324,GRAPE COMMUNITY HOSPITAL - HAMBURG,2022-10-01,2023-09-30,25
341314,CAH #1 - WASHINGTON,2023-01-01,2023-12-31,25
390316,SURGICAL INSTITUTE OF READING,2023-01-01,2023-12-31,15
420005,MCLEOD MEDICAL CENTER - DILLON,2022-10-01,2023-09-30,72
420109,MCLEOD HEALTH CLARENDON,2022-10-01,2023-09-30,49
440018,SYCAMORE SHOALS HOSPITAL,2023-07-01,2024-06-30,29
440032,HAWKINS COUNTY MEMORIAL HOSPITAL,2023-07-01,2024-06-30,6
451337,W.J. MANGOLD MEMORIAL HOSPITAL,2022-10-01,2023-09-30,25
521331,BURNETT MEDICAL CENTER  INC,2022-10-01,2023-09-30,25
100121,BARTOW REGIONAL MEDICAL CENTER,2023-01-01,2023-12-31,72
150007,COMMUNITY HOWARD REGIONAL HEALTH,2023-01-01,2023-12-31,107
260081,SSM HEALTH ST CLARE HOSPITAL,2023-01-01,2023-12-31,180
400005,HOSPITAL SAN PABLO HUMACAO,2023-01-01,2023-12-12,57
440227,TRISTAR STONECREST MEDICAL CENTER,2023-04-01,2024-03-31,115
40018,BAPTIST HEALTH MEDICAL CENTER - VB,2023-01-01,2023-12-31,74
151323,PARKVIEW LAGRANGE HOSPITAL,2023-01-01,2023-12-31,25
181302,JAMES B HAGGIN MEMORIAL HOSPITAL,2022-10-01,2023-09-30,25
190015,NORTH OAKS MEDICAL CENTER,2023-07-01,2024-06-30,247
271315,FORT BELKNAP HEALTH CENTER,2022-10-01,2023-09-30,6
451300,PARMER COUNTY COMMUNITY HOSPITAL,2022-10-01,2023-09-30,25
10118,VAUGHAN REGIONAL MEDICAL CENTER,2023-07-01,2024-06-30,109
50668,LAGUNA HONDA HOSPITAL,2023-07-01,2024-06-30,6
192016,SPECIALTY HOSPITAL,2023-06-01,2024-05-31,32
194100,SEASIDE BEHAVIORAL CENTER LLC,2023-01-01,2024-02-04,34
340155,DUKE REGIONAL HOSPITAL,2023-07-01,2024-06-30,301
452056,POST ACUTE MEDICAL VICTORIA,2023-09-01,2024-05-31,23
141353,IROQUOIS MEMORIAL HOSPITAL,2023-07-17,2023-09-30,25
171328,GREAT PLAINS OF OTTAWA COUNTY  INC,2022-10-01,2023-09-30,25
171332,KIOWA COUNTY MEMORIAL HOSPTIAL,2023-01-01,2023-12-31,15
223029,FAIRLAWN REHABILITATION HOSPITAL  AN,2022-10-01,2023-09-30,110
241379,PRAIRIE RIDGE HOSPITAL,2022-10-01,2023-09-30,10
340030,DUKE UNIVERSITY HOSPITAL,2023-07-01,2024-06-30,1079
340040,PITT COUNTY MEMORIAL HOSPITAL INC,2022-10-01,2023-09-30,1013
340053,PRESBYTERIAN HOSPITAL,2023-01-01,2023-12-31,580
340107,EAST CAROLINA HEALTH - HERITAGE INC,2022-10-01,2023-09-30,101
451311,SWEENY COMMUNITY HOSPITAL,2022-10-01,2023-09-30,12
451325,CONCHO COUNTY HOSPITAL,2022-10-01,2023-09-30,16
454103,KINGWOOD PINES HOSPITAL,2023-01-01,2023-12-31,116
50025,UCSD MEDICAL CENTER,2023-07-01,2024-06-30,828
180124,GREENVIEW REGIONAL HOSPITAL,2022-10-01,2023-09-30,118
340015,ROWAN REGIONAL HOSPITAL,2023-01-01,2023-12-31,181
340041,CALDWELL MEMORIAL HOSPITAL,2023-07-01,2024-06-30,137
340171,PRESBYTERIAN HOSPITAL MATTHEWS,2023-01-01,2023-12-31,157
354004,PRAIRIE ST. JOHNS,2022-10-01,2023-09-30,132
420027,ANMED HEALTH,2023-01-01,2023-12-31,367
450222,CONROE REGIONAL MEDICAL CENTER,2023-01-01,2023-12-31,266
50546,PORTERVILLE DEVELOPMENTAL CENTER,2023-07-01,2024-06-30,17
150074,COMMUNITY HEALTH NETWORK  INC.,2023-01-01,2023-12-31,385
150113,COMMUNITY HOSPITAL ANDERSON,2023-01-01,2023-12-31,117
230072,HOLLAND HOSPITAL,2023-04-01,2024-03-31,189
262017,SSH - SPRINGFIELD INC.,2023-02-01,2024-01-31,44
321312,ALTA VISTA REGIONAL HOSPITAL,2023-07-10,2023-08-31,25
340071,HARNETT HEALTH SYSTEM,2022-10-01,2023-09-30,74
452106,POST ACUTE MEDICAL OF NEW BRAUNFELS,2022-10-01,2023-09-30,17
470001,CENTRAL VERMONT HOSPITAL,2022-10-01,2023-09-30,88
524000,AURORA PSYCHIATRIC HOSPITAL,2023-01-01,2023-12-31,89
41311,HOWARD MEMORIAL HOSPITAL,2022-10-01,2023-09-30,20
150128,COMMUNITY HOSPITAL SOUTH,2023-01-01,2023-12-31,169
150166,PINNACLE HOSPITAL,2023-01-01,2023-12-31,18
241319,MURRAY COUNTY MEMORIAL HOSPITAL,2023-01-01,2023-12-31,21
281355,OGALLALA COMMUNITY HOSPITAL,2023-01-01,2023-12-31,18
330175,GUTHRIE CORTLAND MEDICAL CENTER,2023-07-01,2024-06-30,84
50757,ALVARADO HOSPITAL MEDICAL CENTER,2023-01-01,2023-12-10,222
100132,SOUTH FLORIDA BAPTIST HOSPITAL,2023-01-01,2023-12-31,124
100157,LAKELAND REGIONAL MED CTR,2022-10-01,2023-09-30,764
100265,MEASE HOSPITAL COUNTRYSIDE,2023-01-01,2023-12-31,361
100330,MEDICAL CENTER OF DELTONA,2022-10-01,2023-09-30,43
131311,ST. LUKES ELMORE MEDICAL CENTER,2022-10-01,2023-09-30,20
360070,CCF MERCY MEDICAL CENTER,2023-01-01,2023-12-31,317
360144,SOUTH POINTE HOSPITAL,2023-01-01,2023-12-31,138
400003,HOSPITAL DR. PILA,2023-01-01,2023-12-31,115
400007,RYDER,2023-01-01,2023-12-31,165
670128,BAYLOR SCOTT & WHITE PFLUGERVILLE,2022-10-01,2023-09-30,25
10091,GROVE HILL MEMORIAL HOSPITAL,2023-07-01,2024-06-30,21
100043,MEASE HOSPITAL AND CLINIC,2023-01-01,2023-12-31,112
100362,BAYCARE HOSPITAL WESLEY CHAPEL,2023-04-06,2023-12-31,86
110036,MEMORIAL HEALTH UNIV MED CENTER,2023-01-01,2023-12-31,594
110129,ST. FRANCIS HOSPITAL  INC.,2023-01-01,2023-12-31,312
193058,BASTROP REHABILITATION HOSPITAL,2023-06-01,2024-05-31,12
223300,FRANCISCAN HOSPITAL FOR CHILDREN,2022-10-01,2023-09-30,112
250167,METHOIDST H/C OLIVE BRANCH HOSPITAL,2023-01-01,2023-12-31,73
420078,GHS GREENVILLE MEMORIAL HOSPITAL,2022-10-01,2023-09-30,712
440187,LIVINGSTON REGIONAL HOSPITAL,2023-03-01,2024-02-29,90
31308,HU HU KAM MEMORIAL HOSPITAL,2022-10-01,2023-09-30,15
150169,COMMUNITY HOSPITAL OF INDIANA  INC.,2023-01-01,2023-12-31,340
180154,PINEVILLE COMMUNITY HEALTH CENTER,2023-07-01,2024-06-30,45
251333,PEARL RIVER COUNTY HOSPITAL,2022-10-01,2023-09-30,24
251338,SHARKEY-ISSAQUENA COMM HOSPITAL,2022-10-01,2023-09-30,20
400130,HOSPITAL METROPOLITANO DE LA MONTANA,2023-01-01,2023-12-31,
431325,MOBRIDGE REGIONAL HOSPITAL,2022-10-01,2023-09-30,25
131310,ST. LUKES JEROME LTD,2022-10-01,2023-09-30,15
201301,CHARLES A DEAN MEMORIAL HOSPITAL,2022-10-01,2023-09-30,25
394004,DANVILLE STATE,2023-07-01,2024-06-30,161
450133,MIDLAND MEMORIAL HOSPITAL,2022-10-01,2023-09-30,268
671300,GRAHAM REGIONAL MEDICAL CENTER,2023-08-04,2023-09-30,25
31311,WINSLOW MEMORIAL HOSPITAL,2022-10-01,2023-09-30,25
50024,PARADISE VALLEY HOSPITAL,2023-01-01,2023-12-31,230
50104,ST FRANCIS MEDICAL CENTER,2023-01-01,2023-12-31,354
50158,ENCINO HOSPITAL,2023-01-01,2023-12-31,82
50230,GARDEN GROVE HOSPITAL MEDICAL CENTER,2023-01-01,2023-12-31,167
50238,USC ARCADIA HOSPITAL,2023-01-01,2023-12-31,318
50426,WEST ANAHEIM MEDICAL CENTER,2023-01-01,2023-12-31,167
50526,HUNTINGTON BEACH HOSPITAL,2023-01-01,2023-12-31,82
50580,LA PALMA INTERCOMMUNITY HOSPITAL,2023-01-01,2023-12-31,115
50586,CHINO VALLEY MEDICAL CENTER,2023-01-01,2023-12-31,112
50663,LOS ANGELES COMMUNITY HOSPITAL,2023-01-01,2023-12-31,173
50709,DESERT VALLEY HOSPITAL  INC.,2023-01-01,2023-12-31,138
50744,ANAHEIM GLOBAL MEDICAL CENTER,2023-01-01,2023-12-31,103
50745,CHAPMAN GLOBAL MEDICAL CENTER,2023-01-01,2023-12-31,75
50747,SOUTH COAST GLOBAL MEDICAL CENTER,2023-01-01,2023-12-31,109
50764,SHASTA REGIONAL MEDICAL CENTER,2023-01-01,2023-12-31,130
100049,HCA FLORIDA HIGHLANDS HOSPITAL,2022-11-01,2023-10-31,109
101307,DOCTORS MEMORIAL HOSPITAL,2022-10-01,2023-09-30,20
110016,WEST GEORGIA MEDICAL CENTER,2023-07-01,2024-06-30,276
110041,NGMC HABERSHAM,2023-07-01,2023-09-30,28
120014,WILCOX MEMORIAL HOSPTIAL,2023-07-01,2024-06-30,72
130049,KOOTENAI HOSPITAL DISTRICT,2023-01-01,2023-12-31,326
131318,WALTER KNOX MEMORIAL HOSPITAL,2022-10-01,2023-09-30,13
141325,OSF SAINT LUKE MEDICAL CENTER,2022-10-01,2023-09-30,25
191323,RICHLAND PARISH HOSPITAL NO. 1 A,2022-10-01,2023-09-30,25
290005,NORTH VISTA HOSPITAL,2023-01-01,2023-12-31,161
290058,DIGINTY HEALTH ST ROSE DOMINICAN,2023-01-01,2023-12-31,32
342014,HIGHSMITH RAINEY MEMORIAL HOSPITAL,2022-10-01,2023-09-30,66
440057,CLAIBORNE MEDICAL CENTER,2023-07-01,2024-06-30,26
534004,WYOMING BEHAVIORAL INSTITUTE,2023-01-01,2023-12-31,81
54159,SACRAMENTO BEHAVIORAL HEALTHCARE,2023-01-01,2023-12-31,117
93300,CHILDRENS HOSPITAL,2023-07-01,2024-06-30,323
100077,BAYFRONT HEALTH PORT CHARLOTTE,2023-01-01,2023-12-31,254
100092,ROCKLEDGE REGIONAL MEDICAL CENTER,2023-01-01,2023-12-31,274
100127,MORTON PLANT HOSPITAL,2023-01-01,2023-12-31,569
100246,HCA FL LAWNWOOD HOSPITAL,2022-10-01,2023-09-30,361
102025,KINDRED HOSPITAL THE PALM BEACHES,2023-09-01,2024-08-31,57
131319,MINIDOKA MEMORIAL HOSPITAL,2022-10-01,2023-09-30,22
151305,PULASKI MEMORIAL HOSPITAL,2022-10-01,2023-09-30,25
171386,MORTON COUNTY HEALTH SYSTEM,2023-09-22,2023-12-31,25
251307,NOXUBEE COUNTY HOSPITAL,2022-10-01,2023-09-30,25
261320,LAFAYETTE REGIONAL HEALTH CENTER,2022-10-01,2023-09-30,25
271339,CROW/NORTHERN CHEYENNE INDIAN HOSPIT,2022-10-01,2023-09-30,24
290003,SUNRISE HOSPITAL AND MEDICAL CENTER,2023-02-01,2024-01-31,748
360059,METROHEALTH MEDICAL CENTER,2023-01-01,2023-12-31,501
361333,FULTON COUNTY HEALTH CENTER,2023-01-01,2023-12-31,25
394001,NORRISTOWN STATE HOSPITAL,2023-07-01,2024-06-30,374
400114,HOSPITAL DR. ALEJANDRO OTERO,2023-01-01,2023-12-31,262
400127,ADMIN DE SERVICIOS MEDICOS DE PR,2023-07-01,2024-06-30,65
400131,CARIBBEAN MEDICAL CENTER,2023-01-01,2023-12-31,52
420079,TRIDENT REGIONAL MEDICAL CENTER,2023-04-01,2024-03-31,368
21308,NORTON SOUND REGIONAL HOSPITAL,2022-10-01,2023-09-30,18
21314,MT EDGECUMBE HOSPITAL,2022-10-01,2023-09-30,25
54095,AURORA SAN DIEGO BEHAVIORAL,2023-01-01,2023-12-31,101
80003,ST. FRANCIS HOSPITAL  WILMINGTON,2023-07-01,2024-06-30,146
141313,MASON DISTRICT HOSPITAL,2022-10-01,2023-09-30,25
151315,CAMERON MEMORIAL COMMUNITY HOSPITAL,2022-10-01,2023-09-30,25
220030,BAYSTATE WING HOSPITAL & MEDICAL CTR,2022-10-01,2023-09-30,40
251331,BMH - CALHOUN,2022-10-01,2023-09-30,25
450771,TEXAS HEALTH PRESBYTERIAN HOSPITAL P,2023-01-01,2023-12-31,307
470003,UNIVERSITY OF VERMONT MEDICAL CENTER,2022-10-01,2023-09-30,448
670090,CRESCENT MEDICAL CENTER LANCASTER,2023-01-01,2023-12-31,84